{"type":"FeatureCollection", "features": [
{"type":"Feature","geometry":{"type":"Point","coordinates":[21.2624,48.304]},"properties":{"name":"Abaújalpár","county":"Borsod-Abaúj-Zemplén","population":73,"active_gp_count":0,"gps_per_1000":0,"access_class":"desert","access_band":0,"is_desert":1,"nearest_gp_km":7.3,"nearest_gp_minutes":10,"nearest_gp_settlement":"Abaújszántó","nearest_gp_method":"road","vacant_count":1,"persistently_vacant_count":1,"longest_vacancy_days":7943}},
{"type":"Feature","geometry":{"type":"Point","coordinates":[21.1955,48.3147]},"properties":{"name":"Abaújkér","county":"Borsod-Abaúj-Zemplén","population":547,"active_gp_count":0,"gps_per_1000":0,"access_class":"desert","access_band":0,"is_desert":1,"nearest_gp_km":5.4,"nearest_gp_minutes":8,"nearest_gp_settlement":"Abaújszántó","nearest_gp_method":"road","vacant_count":1,"persistently_vacant_count":1,"longest_vacancy_days":7943}},
{"type":"Feature","geometry":{"type":"Point","coordinates":[21.3173,48.5279]},"properties":{"name":"Abaújvár","county":"Borsod-Abaúj-Zemplén","population":229,"active_gp_count":0,"gps_per_1000":0,"access_class":"desert","access_band":0,"is_desert":1,"nearest_gp_km":9.6,"nearest_gp_minutes":11,"nearest_gp_settlement":"Gönc","nearest_gp_method":"road","vacant_count":1,"persistently_vacant_count":1,"longest_vacancy_days":4778}},
{"type":"Feature","geometry":{"type":"Point","coordinates":[20.8123,48.3982]},"properties":{"name":"Abod","county":"Borsod-Abaúj-Zemplén","population":136,"active_gp_count":1,"gps_per_1000":7.35,"access_class":"ok","access_band":4,"is_desert":0,"nearest_gp_km":0,"nearest_gp_minutes":0,"nearest_gp_settlement":null,"nearest_gp_method":null,"vacant_count":1,"persistently_vacant_count":1,"longest_vacancy_days":1856}},
{"type":"Feature","geometry":{"type":"Point","coordinates":[20.0169,47.188]},"properties":{"name":"Abony","county":"Pest","population":14603,"active_gp_count":6,"gps_per_1000":0.41,"access_class":"moderate","access_band":3,"is_desert":0,"nearest_gp_km":0,"nearest_gp_minutes":0,"nearest_gp_settlement":null,"nearest_gp_method":null,"vacant_count":4,"persistently_vacant_count":4,"longest_vacancy_days":3317}},
{"type":"Feature","geometry":{"type":"Point","coordinates":[17.9766,47.7059]},"properties":{"name":"Ács","county":"Komárom-Esztergom","population":6920,"active_gp_count":3,"gps_per_1000":0.43,"access_class":"moderate","access_band":3,"is_desert":0,"nearest_gp_km":0,"nearest_gp_minutes":0,"nearest_gp_settlement":null,"nearest_gp_method":null,"vacant_count":1,"persistently_vacant_count":1,"longest_vacancy_days":2373}},
{"type":"Feature","geometry":{"type":"Point","coordinates":[17.1912,47.6721]},"properties":{"name":"Acsalag","county":"Győr-Moson-Sopron","population":448,"active_gp_count":0,"gps_per_1000":0,"access_class":"desert","access_band":0,"is_desert":1,"nearest_gp_km":4.6,"nearest_gp_minutes":6,"nearest_gp_settlement":"Bősárkány","nearest_gp_method":"road","vacant_count":1,"persistently_vacant_count":1,"longest_vacancy_days":1430}},
{"type":"Feature","geometry":{"type":"Point","coordinates":[18.0192,47.411]},"properties":{"name":"Ácsteszér","county":"Komárom-Esztergom","population":660,"active_gp_count":0,"gps_per_1000":0,"access_class":"desert","access_band":0,"is_desert":1,"nearest_gp_km":8.3,"nearest_gp_minutes":13,"nearest_gp_settlement":"Súr","nearest_gp_method":"road","vacant_count":1,"persistently_vacant_count":1,"longest_vacancy_days":2191}},
{"type":"Feature","geometry":{"type":"Point","coordinates":[20.005,47.6879]},"properties":{"name":"Adács","county":"Heves","population":2507,"active_gp_count":1,"gps_per_1000":0.4,"access_class":"moderate","access_band":3,"is_desert":0,"nearest_gp_km":0,"nearest_gp_minutes":0,"nearest_gp_settlement":null,"nearest_gp_method":null,"vacant_count":1,"persistently_vacant_count":1,"longest_vacancy_days":2221}},
{"type":"Feature","geometry":{"type":"Point","coordinates":[18.0641,45.8489]},"properties":{"name":"Adorjás","county":"Baranya","population":160,"active_gp_count":0,"gps_per_1000":0,"access_class":"desert","access_band":0,"is_desert":1,"nearest_gp_km":4,"nearest_gp_minutes":5,"nearest_gp_settlement":"Kémes","nearest_gp_method":"road","vacant_count":1,"persistently_vacant_count":1,"longest_vacancy_days":1126}},
{"type":"Feature","geometry":{"type":"Point","coordinates":[18.2371,46.2819]},"properties":{"name":"Ág","county":"Baranya","population":153,"active_gp_count":0,"gps_per_1000":0,"access_class":"desert","access_band":0,"is_desert":1,"nearest_gp_km":14,"nearest_gp_minutes":18,"nearest_gp_settlement":"Kaposszekcső","nearest_gp_method":"road","vacant_count":1,"persistently_vacant_count":1,"longest_vacancy_days":1948}},
{"type":"Feature","geometry":{"type":"Point","coordinates":[20.5174,48.4921]},"properties":{"name":"Aggtelek","county":"Borsod-Abaúj-Zemplén","population":443,"active_gp_count":0,"gps_per_1000":0,"access_class":"desert","access_band":0,"is_desert":1,"nearest_gp_km":16.5,"nearest_gp_minutes":21,"nearest_gp_settlement":"Ragály","nearest_gp_method":"road","vacant_count":1,"persistently_vacant_count":1,"longest_vacancy_days":3926}},
{"type":"Feature","geometry":{"type":"Point","coordinates":[22.0542,48.1714]},"properties":{"name":"Ajak","county":"Szabolcs-Szatmár-Bereg","population":3218,"active_gp_count":0,"gps_per_1000":0,"access_class":"desert","access_band":0,"is_desert":1,"nearest_gp_km":6.5,"nearest_gp_minutes":11,"nearest_gp_settlement":"Rétközberencs","nearest_gp_method":"road","vacant_count":1,"persistently_vacant_count":1,"longest_vacancy_days":303}},
{"type":"Feature","geometry":{"type":"Point","coordinates":[17.5661,47.0894]},"properties":{"name":"Ajka","county":"Veszprém","population":26007,"active_gp_count":16,"gps_per_1000":0.62,"access_class":"ok","access_band":4,"is_desert":0,"nearest_gp_km":0,"nearest_gp_minutes":0,"nearest_gp_settlement":null,"nearest_gp_method":null,"vacant_count":2,"persistently_vacant_count":2,"longest_vacancy_days":1065}},
{"type":"Feature","geometry":{"type":"Point","coordinates":[18.0787,47.4053]},"properties":{"name":"Aka","county":"Komárom-Esztergom","population":250,"active_gp_count":0,"gps_per_1000":0,"access_class":"desert","access_band":0,"is_desert":1,"nearest_gp_km":5,"nearest_gp_minutes":6,"nearest_gp_settlement":"Bakonysárkány","nearest_gp_method":"road","vacant_count":1,"persistently_vacant_count":1,"longest_vacancy_days":2191}},
{"type":"Feature","geometry":{"type":"Point","coordinates":[20.6443,48.2232]},"properties":{"name":"Alacska","county":"Borsod-Abaúj-Zemplén","population":599,"active_gp_count":1,"gps_per_1000":1.67,"access_class":"ok","access_band":4,"is_desert":0,"nearest_gp_km":0,"nearest_gp_minutes":0,"nearest_gp_settlement":null,"nearest_gp_method":null,"vacant_count":1,"persistently_vacant_count":1,"longest_vacancy_days":546}},
{"type":"Feature","geometry":{"type":"Point","coordinates":[18.7033,46.8327]},"properties":{"name":"Alap","county":"Fejér","population":1840,"active_gp_count":0,"gps_per_1000":0,"access_class":"desert","access_band":0,"is_desert":1,"nearest_gp_km":12.2,"nearest_gp_minutes":16,"nearest_gp_settlement":"Cece","nearest_gp_method":"road","vacant_count":2,"persistently_vacant_count":2,"longest_vacancy_days":1522}},
{"type":"Feature","geometry":{"type":"Point","coordinates":[19.6207,47.2462]},"properties":{"name":"Albertirsa","county":"Pest","population":13950,"active_gp_count":5,"gps_per_1000":0.36,"access_class":"low","access_band":2,"is_desert":0,"nearest_gp_km":0,"nearest_gp_minutes":0,"nearest_gp_settlement":null,"nearest_gp_method":null,"vacant_count":2,"persistently_vacant_count":2,"longest_vacancy_days":1856}},
{"type":"Feature","geometry":{"type":"Point","coordinates":[20.2117,47.7836]},"properties":{"name":"Aldebrő","county":"Heves","population":689,"active_gp_count":0,"gps_per_1000":0,"access_class":"desert","access_band":0,"is_desert":1,"nearest_gp_km":5.6,"nearest_gp_minutes":8,"nearest_gp_settlement":"Kápolna","nearest_gp_method":"road","vacant_count":1,"persistently_vacant_count":1,"longest_vacancy_days":3103}},
{"type":"Feature","geometry":{"type":"Point","coordinates":[20.2063,46.3333]},"properties":{"name":"Algyő","county":"Csongrád-Csanád","population":5364,"active_gp_count":3,"gps_per_1000":0.56,"access_class":"moderate","access_band":3,"is_desert":0,"nearest_gp_km":0,"nearest_gp_minutes":0,"nearest_gp_settlement":null,"nearest_gp_method":null,"vacant_count":1,"persistently_vacant_count":0,"longest_vacancy_days":150}},
{"type":"Feature","geometry":{"type":"Point","coordinates":[17.8848,46.1801]},"properties":{"name":"Almamellék","county":"Baranya","population":373,"active_gp_count":0,"gps_per_1000":0,"access_class":"desert","access_band":0,"is_desert":1,"nearest_gp_km":8,"nearest_gp_minutes":13,"nearest_gp_settlement":"Szentlászló","nearest_gp_method":"road","vacant_count":1,"persistently_vacant_count":1,"longest_vacancy_days":7943}},
{"type":"Feature","geometry":{"type":"Point","coordinates":[18.2465,47.7323]},"properties":{"name":"Almásfüzitő","county":"Komárom-Esztergom","population":2016,"active_gp_count":0,"gps_per_1000":0,"access_class":"desert","access_band":0,"is_desert":1,"nearest_gp_km":9.6,"nearest_gp_minutes":14,"nearest_gp_settlement":"Komárom","nearest_gp_method":"road","vacant_count":1,"persistently_vacant_count":1,"longest_vacancy_days":1369}},
{"type":"Feature","geometry":{"type":"Point","coordinates":[17.7582,46.5046]},"properties":{"name":"Alsóbogát","county":"Somogy","population":219,"active_gp_count":0,"gps_per_1000":0,"access_class":"desert","access_band":0,"is_desert":1,"nearest_gp_km":9.6,"nearest_gp_minutes":11,"nearest_gp_settlement":"Osztopán","nearest_gp_method":"road","vacant_count":1,"persistently_vacant_count":1,"longest_vacancy_days":546}},
{"type":"Feature","geometry":{"type":"Point","coordinates":[21.01,48.168]},"properties":{"name":"Alsódobsza","county":"Borsod-Abaúj-Zemplén","population":294,"active_gp_count":1,"gps_per_1000":3.4,"access_class":"ok","access_band":4,"is_desert":0,"nearest_gp_km":0,"nearest_gp_minutes":0,"nearest_gp_settlement":null,"nearest_gp_method":null,"vacant_count":1,"persistently_vacant_count":1,"longest_vacancy_days":3044}},
{"type":"Feature","geometry":{"type":"Point","coordinates":[21.0221,48.4055]},"properties":{"name":"Alsógagy","county":"Borsod-Abaúj-Zemplén","population":86,"active_gp_count":0,"gps_per_1000":0,"access_class":"desert","access_band":0,"is_desert":1,"nearest_gp_km":3.8,"nearest_gp_minutes":4,"nearest_gp_settlement":"Baktakék","nearest_gp_method":"road","vacant_count":1,"persistently_vacant_count":1,"longest_vacancy_days":7943}},
{"type":"Feature","geometry":{"type":"Point","coordinates":[16.9325,46.8402]},"properties":{"name":"Alsónemesapáti","county":"Zala","population":668,"active_gp_count":0,"gps_per_1000":0,"access_class":"desert","access_band":0,"is_desert":1,"nearest_gp_km":6.2,"nearest_gp_minutes":6,"nearest_gp_settlement":"Búcsúszentlászló","nearest_gp_method":"road","vacant_count":1,"persistently_vacant_count":1,"longest_vacancy_days":881}},
{"type":"Feature","geometry":{"type":"Point","coordinates":[17.1701,46.7584]},"properties":{"name":"Alsópáhok","county":"Zala","population":1462,"active_gp_count":1,"gps_per_1000":0.68,"access_class":"ok","access_band":4,"is_desert":0,"nearest_gp_km":0,"nearest_gp_minutes":0,"nearest_gp_settlement":null,"nearest_gp_method":null,"vacant_count":1,"persistently_vacant_count":1,"longest_vacancy_days":212}},
{"type":"Feature","geometry":{"type":"Point","coordinates":[18.7436,46.7899]},"properties":{"name":"Alsószentiván","county":"Fejér","population":542,"active_gp_count":0,"gps_per_1000":0,"access_class":"desert","access_band":0,"is_desert":1,"nearest_gp_km":13.3,"nearest_gp_minutes":17,"nearest_gp_settlement":"Cece","nearest_gp_method":"road","vacant_count":1,"persistently_vacant_count":1,"longest_vacancy_days":1522}},
{"type":"Feature","geometry":{"type":"Point","coordinates":[20.5089,48.3683]},"properties":{"name":"Alsószuha","county":"Borsod-Abaúj-Zemplén","population":374,"active_gp_count":0,"gps_per_1000":0,"access_class":"desert","access_band":0,"is_desert":1,"nearest_gp_km":8.4,"nearest_gp_minutes":11,"nearest_gp_settlement":"Ragály","nearest_gp_method":"road","vacant_count":1,"persistently_vacant_count":1,"longest_vacancy_days":4199}},
{"type":"Feature","geometry":{"type":"Point","coordinates":[20.6618,48.4165]},"properties":{"name":"Alsótelekes","county":"Borsod-Abaúj-Zemplén","population":113,"active_gp_count":0,"gps_per_1000":0,"access_class":"desert","access_band":0,"is_desert":1,"nearest_gp_km":5.3,"nearest_gp_minutes":8,"nearest_gp_settlement":"Szuhogy","nearest_gp_method":"road","vacant_count":1,"persistently_vacant_count":1,"longest_vacancy_days":7943}},
{"type":"Feature","geometry":{"type":"Point","coordinates":[20.8962,48.2404]},"properties":{"name":"Alsóvadász","county":"Borsod-Abaúj-Zemplén","population":1525,"active_gp_count":0,"gps_per_1000":0,"access_class":"desert","access_band":0,"is_desert":1,"nearest_gp_km":5.6,"nearest_gp_minutes":8,"nearest_gp_settlement":"Homrogd","nearest_gp_method":"road","vacant_count":1,"persistently_vacant_count":1,"longest_vacancy_days":2618}},
{"type":"Feature","geometry":{"type":"Point","coordinates":[22.109,48.1776]},"properties":{"name":"Anarcs","county":"Szabolcs-Szatmár-Bereg","population":1841,"active_gp_count":0,"gps_per_1000":0,"access_class":"desert","access_band":0,"is_desert":1,"nearest_gp_km":5.9,"nearest_gp_minutes":8,"nearest_gp_settlement":"Gyulaháza","nearest_gp_method":"road","vacant_count":1,"persistently_vacant_count":1,"longest_vacancy_days":487}},
{"type":"Feature","geometry":{"type":"Point","coordinates":[17.8969,46.655]},"properties":{"name":"Andocs","county":"Somogy","population":916,"active_gp_count":0,"gps_per_1000":0,"access_class":"desert","access_band":0,"is_desert":1,"nearest_gp_km":5.8,"nearest_gp_minutes":5,"nearest_gp_settlement":"Karád","nearest_gp_method":"road","vacant_count":1,"persistently_vacant_count":1,"longest_vacancy_days":426}},
{"type":"Feature","geometry":{"type":"Point","coordinates":[16.7998,46.9637]},"properties":{"name":"Andrásfa","county":"Vas","population":238,"active_gp_count":0,"gps_per_1000":0,"access_class":"desert","access_band":0,"is_desert":1,"nearest_gp_km":8.5,"nearest_gp_minutes":11,"nearest_gp_settlement":"Gersekarát","nearest_gp_method":"road","vacant_count":1,"persistently_vacant_count":0,"longest_vacancy_days":1338}},
{"type":"Feature","geometry":{"type":"Point","coordinates":[18.4487,46.3341]},"properties":{"name":"Aparhant","county":"Tolna","population":899,"active_gp_count":0,"gps_per_1000":0,"access_class":"desert","access_band":0,"is_desert":1,"nearest_gp_km":10.1,"nearest_gp_minutes":12,"nearest_gp_settlement":"Nagymányok","nearest_gp_method":"road","vacant_count":1,"persistently_vacant_count":1,"longest_vacancy_days":2830}},
{"type":"Feature","geometry":{"type":"Point","coordinates":[16.2655,46.9015]},"properties":{"name":"Apátistvánfalva","county":"Vas","population":372,"active_gp_count":0,"gps_per_1000":0,"access_class":"desert","access_band":0,"is_desert":1,"nearest_gp_km":7.8,"nearest_gp_minutes":11,"nearest_gp_settlement":"Szentgotthárd","nearest_gp_method":"road","vacant_count":1,"persistently_vacant_count":0,"longest_vacancy_days":852}},
{"type":"Feature","geometry":{"type":"Point","coordinates":[19.6891,47.7961]},"properties":{"name":"Apc","county":"Heves","population":2421,"active_gp_count":0,"gps_per_1000":0,"access_class":"desert","access_band":0,"is_desert":1,"nearest_gp_km":4.2,"nearest_gp_minutes":5,"nearest_gp_settlement":"Zagyvaszántó","nearest_gp_method":"road","vacant_count":2,"persistently_vacant_count":2,"longest_vacancy_days":2313}},
{"type":"Feature","geometry":{"type":"Point","coordinates":[20.2848,48.1581]},"properties":{"name":"Arló","county":"Borsod-Abaúj-Zemplén","population":3454,"active_gp_count":2,"gps_per_1000":0.58,"access_class":"moderate","access_band":3,"is_desert":0,"nearest_gp_km":0,"nearest_gp_minutes":0,"nearest_gp_settlement":null,"nearest_gp_method":null,"vacant_count":1,"persistently_vacant_count":1,"longest_vacancy_days":2373}},
{"type":"Feature","geometry":{"type":"Point","coordinates":[20.9455,47.7368]},"properties":{"name":"Ároktő","county":"Borsod-Abaúj-Zemplén","population":1032,"active_gp_count":0,"gps_per_1000":0,"access_class":"desert","access_band":0,"is_desert":1,"nearest_gp_km":11.5,"nearest_gp_minutes":13,"nearest_gp_settlement":"Mezőcsát","nearest_gp_method":"road","vacant_count":1,"persistently_vacant_count":1,"longest_vacancy_days":6725}},
{"type":"Feature","geometry":{"type":"Point","coordinates":[20.5486,46.6163]},"properties":{"name":"Árpádhalom","county":"Csongrád-Csanád","population":370,"active_gp_count":0,"gps_per_1000":0,"access_class":"desert","access_band":0,"is_desert":1,"nearest_gp_km":8.3,"nearest_gp_minutes":14,"nearest_gp_settlement":"Nagymágocs","nearest_gp_method":"road","vacant_count":1,"persistently_vacant_count":1,"longest_vacancy_days":3895}},
{"type":"Feature","geometry":{"type":"Point","coordinates":[19.7707,46.1898]},"properties":{"name":"Ásotthalom","county":"Csongrád-Csanád","population":3665,"active_gp_count":2,"gps_per_1000":0.55,"access_class":"moderate","access_band":3,"is_desert":0,"nearest_gp_km":0,"nearest_gp_minutes":0,"nearest_gp_settlement":null,"nearest_gp_method":null,"vacant_count":1,"persistently_vacant_count":1,"longest_vacancy_days":2557}},
{"type":"Feature","geometry":{"type":"Point","coordinates":[17.5195,47.8243]},"properties":{"name":"Ásványráró","county":"Győr-Moson-Sopron","population":2170,"active_gp_count":0,"gps_per_1000":0,"access_class":"desert","access_band":0,"is_desert":1,"nearest_gp_km":6.4,"nearest_gp_minutes":11,"nearest_gp_settlement":"Hédervár","nearest_gp_method":"road","vacant_count":1,"persistently_vacant_count":1,"longest_vacancy_days":303}},
{"type":"Feature","geometry":{"type":"Point","coordinates":[18.283,45.9368]},"properties":{"name":"Áta","county":"Baranya","population":159,"active_gp_count":0,"gps_per_1000":0,"access_class":"desert","access_band":0,"is_desert":1,"nearest_gp_km":13.3,"nearest_gp_minutes":19,"nearest_gp_settlement":"Kozármisleny","nearest_gp_method":"road","vacant_count":1,"persistently_vacant_count":0,"longest_vacancy_days":61}},
{"type":"Feature","geometry":{"type":"Point","coordinates":[20.3593,47.6202]},"properties":{"name":"Átány","county":"Heves","population":1426,"active_gp_count":0,"gps_per_1000":0,"access_class":"desert","access_band":0,"is_desert":1,"nearest_gp_km":6,"nearest_gp_minutes":9,"nearest_gp_settlement":"Tenk","nearest_gp_method":"road","vacant_count":1,"persistently_vacant_count":1,"longest_vacancy_days":6086}},
{"type":"Feature","geometry":{"type":"Point","coordinates":[17.3321,46.0168]},"properties":{"name":"Babócsa","county":"Somogy","population":1332,"active_gp_count":0,"gps_per_1000":0,"access_class":"desert","access_band":0,"is_desert":1,"nearest_gp_km":12.1,"nearest_gp_minutes":18,"nearest_gp_settlement":"Csokonyavisonta","nearest_gp_method":"road","vacant_count":1,"persistently_vacant_count":1,"longest_vacancy_days":2342}},
{"type":"Feature","geometry":{"type":"Point","coordinates":[19.3179,46.1192]},"properties":{"name":"Bácsalmás","county":"Bács-Kiskun","population":5963,"active_gp_count":4,"gps_per_1000":0.67,"access_class":"ok","access_band":4,"is_desert":0,"nearest_gp_km":0,"nearest_gp_minutes":0,"nearest_gp_settlement":null,"nearest_gp_method":null,"vacant_count":1,"persistently_vacant_count":1,"longest_vacancy_days":426}},
{"type":"Feature","geometry":{"type":"Point","coordinates":[19.1505,46.137]},"properties":{"name":"Bácsbokod","county":"Bács-Kiskun","population":2288,"active_gp_count":1,"gps_per_1000":0.44,"access_class":"moderate","access_band":3,"is_desert":0,"nearest_gp_km":0,"nearest_gp_minutes":0,"nearest_gp_settlement":null,"nearest_gp_method":null,"vacant_count":1,"persistently_vacant_count":1,"longest_vacancy_days":791}},
{"type":"Feature","geometry":{"type":"Point","coordinates":[19.4274,46.1325]},"properties":{"name":"Bácsszőlős","county":"Bács-Kiskun","population":286,"active_gp_count":0,"gps_per_1000":0,"access_class":"desert","access_band":0,"is_desert":1,"nearest_gp_km":9.1,"nearest_gp_minutes":11,"nearest_gp_settlement":"Bácsalmás","nearest_gp_method":"road","vacant_count":1,"persistently_vacant_count":1,"longest_vacancy_days":7943}},
{"type":"Feature","geometry":{"type":"Point","coordinates":[19.4623,47.6218]},"properties":{"name":"Bag","county":"Pest","population":3712,"active_gp_count":1,"gps_per_1000":0.27,"access_class":"low","access_band":2,"is_desert":0,"nearest_gp_km":0,"nearest_gp_minutes":0,"nearest_gp_settlement":null,"nearest_gp_method":null,"vacant_count":1,"persistently_vacant_count":1,"longest_vacancy_days":2068}},
{"type":"Feature","geometry":{"type":"Point","coordinates":[18.9583,46.1826]},"properties":{"name":"Baja","county":"Bács-Kiskun","population":32401,"active_gp_count":21,"gps_per_1000":0.65,"access_class":"ok","access_band":4,"is_desert":0,"nearest_gp_km":0,"nearest_gp_minutes":0,"nearest_gp_settlement":null,"nearest_gp_method":null,"vacant_count":2,"persistently_vacant_count":2,"longest_vacancy_days":1096}},
{"type":"Feature","geometry":{"type":"Point","coordinates":[17.3639,46.1056]},"properties":{"name":"Bakháza","county":"Somogy","population":163,"active_gp_count":0,"gps_per_1000":0,"access_class":"desert","access_band":0,"is_desert":1,"nearest_gp_km":11.8,"nearest_gp_minutes":26,"nearest_gp_settlement":"Tarany","nearest_gp_method":"road","vacant_count":1,"persistently_vacant_count":1,"longest_vacancy_days":821}},
{"type":"Feature","geometry":{"type":"Point","coordinates":[17.8009,47.4188]},"properties":{"name":"Bakonygyirót","county":"Győr-Moson-Sopron","population":162,"active_gp_count":1,"gps_per_1000":6.17,"access_class":"ok","access_band":4,"is_desert":0,"nearest_gp_km":0,"nearest_gp_minutes":0,"nearest_gp_settlement":null,"nearest_gp_method":null,"vacant_count":1,"persistently_vacant_count":1,"longest_vacancy_days":1734}},
{"type":"Feature","geometry":{"type":"Point","coordinates":[17.9746,47.2717]},"properties":{"name":"Bakonynána","county":"Veszprém","population":913,"active_gp_count":1,"gps_per_1000":1.1,"access_class":"ok","access_band":4,"is_desert":0,"nearest_gp_km":0,"nearest_gp_minutes":0,"nearest_gp_settlement":null,"nearest_gp_method":null,"vacant_count":1,"persistently_vacant_count":1,"longest_vacancy_days":2952}},
{"type":"Feature","geometry":{"type":"Point","coordinates":[17.7909,47.4707]},"properties":{"name":"Bakonypéterd","county":"Győr-Moson-Sopron","population":287,"active_gp_count":1,"gps_per_1000":3.48,"access_class":"ok","access_band":4,"is_desert":0,"nearest_gp_km":0,"nearest_gp_minutes":0,"nearest_gp_settlement":null,"nearest_gp_method":null,"vacant_count":1,"persistently_vacant_count":1,"longest_vacancy_days":1734}},
{"type":"Feature","geometry":{"type":"Point","coordinates":[17.4893,47.2019]},"properties":{"name":"Bakonypölöske","county":"Veszprém","population":393,"active_gp_count":0,"gps_per_1000":0,"access_class":"desert","access_band":0,"is_desert":1,"nearest_gp_km":8.9,"nearest_gp_minutes":10,"nearest_gp_settlement":"Pápakovácsi","nearest_gp_method":"road","vacant_count":1,"persistently_vacant_count":1,"longest_vacancy_days":1948}},
{"type":"Feature","geometry":{"type":"Point","coordinates":[17.804,47.3664]},"properties":{"name":"Bakonyszentlászló","county":"Győr-Moson-Sopron","population":1573,"active_gp_count":0,"gps_per_1000":0,"access_class":"desert","access_band":0,"is_desert":1,"nearest_gp_km":12,"nearest_gp_minutes":18,"nearest_gp_settlement":"Bakonyszentkirály","nearest_gp_method":"road","vacant_count":1,"persistently_vacant_count":1,"longest_vacancy_days":1734}},
{"type":"Feature","geometry":{"type":"Point","coordinates":[20.1281,46.5171]},"properties":{"name":"Baks","county":"Csongrád-Csanád","population":1903,"active_gp_count":1,"gps_per_1000":0.53,"access_class":"moderate","access_band":3,"is_desert":0,"nearest_gp_km":0,"nearest_gp_minutes":0,"nearest_gp_settlement":null,"nearest_gp_method":null,"vacant_count":1,"persistently_vacant_count":1,"longest_vacancy_days":4413}},
{"type":"Feature","geometry":{"type":"Point","coordinates":[19.2896,48.0638]},"properties":{"name":"Balassagyarmat","county":"Nógrád","population":13706,"active_gp_count":8,"gps_per_1000":0.58,"access_class":"moderate","access_band":3,"is_desert":0,"nearest_gp_km":0,"nearest_gp_minutes":0,"nearest_gp_settlement":null,"nearest_gp_method":null,"vacant_count":2,"persistently_vacant_count":1,"longest_vacancy_days":1491}},
{"type":"Feature","geometry":{"type":"Point","coordinates":[18.2035,47.0102]},"properties":{"name":"Balatonfőkajár","county":"Veszprém","population":1301,"active_gp_count":0,"gps_per_1000":0,"access_class":"desert","access_band":0,"is_desert":1,"nearest_gp_km":5.7,"nearest_gp_minutes":13,"nearest_gp_settlement":"Balatonakarattya","nearest_gp_method":"road","vacant_count":1,"persistently_vacant_count":1,"longest_vacancy_days":515}},
{"type":"Feature","geometry":{"type":"Point","coordinates":[17.3613,46.7718]},"properties":{"name":"Balatongyörök","county":"Zala","population":1297,"active_gp_count":1,"gps_per_1000":0.77,"access_class":"ok","access_band":4,"is_desert":0,"nearest_gp_km":0,"nearest_gp_minutes":0,"nearest_gp_settlement":null,"nearest_gp_method":null,"vacant_count":1,"persistently_vacant_count":1,"longest_vacancy_days":365}},
{"type":"Feature","geometry":{"type":"Point","coordinates":[17.1821,46.6055]},"properties":{"name":"Balatonmagyaród","county":"Zala","population":398,"active_gp_count":0,"gps_per_1000":0,"access_class":"desert","access_band":0,"is_desert":1,"nearest_gp_km":6.9,"nearest_gp_minutes":6,"nearest_gp_settlement":"Zalavár","nearest_gp_method":"road","vacant_count":1,"persistently_vacant_count":1,"longest_vacancy_days":2373}},
{"type":"Feature","geometry":{"type":"Point","coordinates":[18.1392,46.9717]},"properties":{"name":"Balatonvilágos","county":"Somogy","population":1432,"active_gp_count":0,"gps_per_1000":0,"access_class":"desert","access_band":0,"is_desert":1,"nearest_gp_km":9.6,"nearest_gp_minutes":14,"nearest_gp_settlement":"Balatonakarattya","nearest_gp_method":"road","vacant_count":1,"persistently_vacant_count":1,"longest_vacancy_days":4109}},
{"type":"Feature","geometry":{"type":"Point","coordinates":[19.5586,46.8479]},"properties":{"name":"Ballószög","county":"Bács-Kiskun","population":4399,"active_gp_count":1,"gps_per_1000":0.23,"access_class":"low","access_band":2,"is_desert":0,"nearest_gp_km":0,"nearest_gp_minutes":0,"nearest_gp_settlement":null,"nearest_gp_method":null,"vacant_count":1,"persistently_vacant_count":1,"longest_vacancy_days":212}},
{"type":"Feature","geometry":{"type":"Point","coordinates":[21.3711,47.6352]},"properties":{"name":"Balmazújváros","county":"Hajdú-Bihar","population":17058,"active_gp_count":9,"gps_per_1000":0.53,"access_class":"moderate","access_band":3,"is_desert":0,"nearest_gp_km":0,"nearest_gp_minutes":0,"nearest_gp_settlement":null,"nearest_gp_method":null,"vacant_count":2,"persistently_vacant_count":2,"longest_vacancy_days":1034}},
{"type":"Feature","geometry":{"type":"Point","coordinates":[21.5279,48.1508]},"properties":{"name":"Balsa","county":"Szabolcs-Szatmár-Bereg","population":632,"active_gp_count":0,"gps_per_1000":0,"access_class":"desert","access_band":0,"is_desert":1,"nearest_gp_km":10.1,"nearest_gp_minutes":16,"nearest_gp_settlement":"Timár","nearest_gp_method":"road","vacant_count":1,"persistently_vacant_count":1,"longest_vacancy_days":5326}},
{"type":"Feature","geometry":{"type":"Point","coordinates":[20.3602,48.3059]},"properties":{"name":"Bánréve","county":"Borsod-Abaúj-Zemplén","population":1155,"active_gp_count":0,"gps_per_1000":0,"access_class":"desert","access_band":0,"is_desert":1,"nearest_gp_km":8.1,"nearest_gp_minutes":10,"nearest_gp_settlement":"Putnok","nearest_gp_method":"road","vacant_count":1,"persistently_vacant_count":1,"longest_vacancy_days":2007}},
{"type":"Feature","geometry":{"type":"Point","coordinates":[18.7175,46.056]},"properties":{"name":"Bár","county":"Baranya","population":549,"active_gp_count":0,"gps_per_1000":0,"access_class":"desert","access_band":0,"is_desert":1,"nearest_gp_km":9.7,"nearest_gp_minutes":12,"nearest_gp_settlement":"Somberek","nearest_gp_method":"road","vacant_count":1,"persistently_vacant_count":1,"longest_vacancy_days":1642}},
{"type":"Feature","geometry":{"type":"Point","coordinates":[22.4329,48.232]},"properties":{"name":"Barabás","county":"Szabolcs-Szatmár-Bereg","population":766,"active_gp_count":0,"gps_per_1000":0,"access_class":"desert","access_band":0,"is_desert":1,"nearest_gp_km":11,"nearest_gp_minutes":15,"nearest_gp_settlement":"Csaroda","nearest_gp_method":"road","vacant_count":1,"persistently_vacant_count":1,"longest_vacancy_days":1338}},
{"type":"Feature","geometry":{"type":"Point","coordinates":[18.7681,47.2668]},"properties":{"name":"Baracska","county":"Fejér","population":3075,"active_gp_count":1,"gps_per_1000":0.33,"access_class":"low","access_band":2,"is_desert":0,"nearest_gp_km":0,"nearest_gp_minutes":0,"nearest_gp_settlement":null,"nearest_gp_method":null,"vacant_count":1,"persistently_vacant_count":1,"longest_vacancy_days":242}},
{"type":"Feature","geometry":{"type":"Point","coordinates":[21.2263,47.2969]},"properties":{"name":"Báránd","county":"Hajdú-Bihar","population":2245,"active_gp_count":1,"gps_per_1000":0.45,"access_class":"moderate","access_band":3,"is_desert":0,"nearest_gp_km":0,"nearest_gp_minutes":0,"nearest_gp_settlement":null,"nearest_gp_method":null,"vacant_count":1,"persistently_vacant_count":1,"longest_vacancy_days":1218}},
{"type":"Feature","geometry":{"type":"Point","coordinates":[18.0182,45.8439]},"properties":{"name":"Baranyahídvég","county":"Baranya","population":158,"active_gp_count":0,"gps_per_1000":0,"access_class":"desert","access_band":0,"is_desert":1,"nearest_gp_km":3.7,"nearest_gp_minutes":5,"nearest_gp_settlement":"Vajszló","nearest_gp_method":"road","vacant_count":1,"persistently_vacant_count":1,"longest_vacancy_days":1126}},
{"type":"Feature","geometry":{"type":"Point","coordinates":[18.0418,46.2786]},"properties":{"name":"Baranyajenő","county":"Baranya","population":408,"active_gp_count":0,"gps_per_1000":0,"access_class":"desert","access_band":0,"is_desert":1,"nearest_gp_km":6.1,"nearest_gp_minutes":9,"nearest_gp_settlement":"Sásd","nearest_gp_method":"road","vacant_count":1,"persistently_vacant_count":1,"longest_vacancy_days":1369}},
{"type":"Feature","geometry":{"type":"Point","coordinates":[18.0157,46.2476]},"properties":{"name":"Baranyaszentgyörgy","county":"Baranya","population":108,"active_gp_count":0,"gps_per_1000":0,"access_class":"desert","access_band":0,"is_desert":1,"nearest_gp_km":8.8,"nearest_gp_minutes":12,"nearest_gp_settlement":"Sásd","nearest_gp_method":"road","vacant_count":1,"persistently_vacant_count":1,"longest_vacancy_days":1369}},
{"type":"Feature","geometry":{"type":"Point","coordinates":[17.4641,45.9786]},"properties":{"name":"Barcs","county":"Somogy","population":9454,"active_gp_count":4,"gps_per_1000":0.42,"access_class":"moderate","access_band":3,"is_desert":0,"nearest_gp_km":0,"nearest_gp_minutes":0,"nearest_gp_settlement":null,"nearest_gp_method":null,"vacant_count":3,"persistently_vacant_count":3,"longest_vacancy_days":3468}},
{"type":"Feature","geometry":{"type":"Point","coordinates":[19.9228,48.0959]},"properties":{"name":"Bárna","county":"Nógrád","population":888,"active_gp_count":0,"gps_per_1000":0,"access_class":"desert","access_band":0,"is_desert":1,"nearest_gp_km":9.1,"nearest_gp_minutes":12,"nearest_gp_settlement":"Mátraszele","nearest_gp_method":"road","vacant_count":1,"persistently_vacant_count":1,"longest_vacancy_days":2495}},
{"type":"Feature","geometry":{"type":"Point","coordinates":[18.796,46.1569]},"properties":{"name":"Báta","county":"Tolna","population":1366,"active_gp_count":0,"gps_per_1000":0,"access_class":"desert","access_band":0,"is_desert":1,"nearest_gp_km":12.6,"nearest_gp_minutes":17,"nearest_gp_settlement":"Bátaszék","nearest_gp_method":"road","vacant_count":1,"persistently_vacant_count":1,"longest_vacancy_days":2313}},
{"type":"Feature","geometry":{"type":"Point","coordinates":[17.9557,46.3708]},"properties":{"name":"Baté","county":"Somogy","population":765,"active_gp_count":0,"gps_per_1000":0,"access_class":"desert","access_band":0,"is_desert":1,"nearest_gp_km":4.5,"nearest_gp_minutes":7,"nearest_gp_settlement":"Mosdós","nearest_gp_method":"road","vacant_count":1,"persistently_vacant_count":1,"longest_vacancy_days":1157}},
{"type":"Feature","geometry":{"type":"Point","coordinates":[19.8386,47.9823]},"properties":{"name":"Bátonyterenye","county":"Nógrád","population":11056,"active_gp_count":7,"gps_per_1000":0.63,"access_class":"ok","access_band":4,"is_desert":0,"nearest_gp_km":0,"nearest_gp_minutes":0,"nearest_gp_settlement":null,"nearest_gp_method":null,"vacant_count":3,"persistently_vacant_count":3,"longest_vacancy_days":2282}},
{"type":"Feature","geometry":{"type":"Point","coordinates":[21.0214,46.3146]},"properties":{"name":"Battonya","county":"Békés","population":4797,"active_gp_count":1,"gps_per_1000":0.21,"access_class":"low","access_band":2,"is_desert":0,"nearest_gp_km":0,"nearest_gp_minutes":0,"nearest_gp_settlement":null,"nearest_gp_method":null,"vacant_count":3,"persistently_vacant_count":3,"longest_vacancy_days":5204}},
{"type":"Feature","geometry":{"type":"Point","coordinates":[17.5863,47.3361]},"properties":{"name":"Béb","county":"Veszprém","population":249,"active_gp_count":0,"gps_per_1000":0,"access_class":"desert","access_band":0,"is_desert":1,"nearest_gp_km":9.3,"nearest_gp_minutes":12,"nearest_gp_settlement":"Pápa","nearest_gp_method":"road","vacant_count":1,"persistently_vacant_count":1,"longest_vacancy_days":487}},
{"type":"Feature","geometry":{"type":"Point","coordinates":[16.7945,46.4514]},"properties":{"name":"Becsehely","county":"Zala","population":1868,"active_gp_count":1,"gps_per_1000":0.54,"access_class":"moderate","access_band":3,"is_desert":0,"nearest_gp_km":0,"nearest_gp_minutes":0,"nearest_gp_settlement":null,"nearest_gp_method":null,"vacant_count":1,"persistently_vacant_count":1,"longest_vacancy_days":2221}},
{"type":"Feature","geometry":{"type":"Point","coordinates":[16.6891,46.7552]},"properties":{"name":"Becsvölgye","county":"Zala","population":681,"active_gp_count":0,"gps_per_1000":0,"access_class":"desert","access_band":0,"is_desert":1,"nearest_gp_km":7.2,"nearest_gp_minutes":8,"nearest_gp_settlement":"Csonkahegyhát","nearest_gp_method":"road","vacant_count":1,"persistently_vacant_count":0,"longest_vacancy_days":181}},
{"type":"Feature","geometry":{"type":"Point","coordinates":[16.9242,47.1648]},"properties":{"name":"Bejcgyertyános","county":"Vas","population":410,"active_gp_count":0,"gps_per_1000":0,"access_class":"desert","access_band":0,"is_desert":1,"nearest_gp_km":8.5,"nearest_gp_minutes":11,"nearest_gp_settlement":"Kám","nearest_gp_method":"road","vacant_count":1,"persistently_vacant_count":0,"longest_vacancy_days":912}},
{"type":"Feature","geometry":{"type":"Point","coordinates":[17.3423,47.3329]},"properties":{"name":"Békás","county":"Veszprém","population":202,"active_gp_count":0,"gps_per_1000":0,"access_class":"desert","access_band":0,"is_desert":1,"nearest_gp_km":8.2,"nearest_gp_minutes":10,"nearest_gp_settlement":"Nyárád","nearest_gp_method":"road","vacant_count":1,"persistently_vacant_count":1,"longest_vacancy_days":912}},
{"type":"Feature","geometry":{"type":"Point","coordinates":[21.1346,46.7784]},"properties":{"name":"Békés","county":"Békés","population":17282,"active_gp_count":11,"gps_per_1000":0.64,"access_class":"ok","access_band":4,"is_desert":0,"nearest_gp_km":0,"nearest_gp_minutes":0,"nearest_gp_settlement":null,"nearest_gp_method":null,"vacant_count":1,"persistently_vacant_count":1,"longest_vacancy_days":456}},
{"type":"Feature","geometry":{"type":"Point","coordinates":[20.4652,46.8487]},"properties":{"name":"Békésszentandrás","county":"Békés","population":3275,"active_gp_count":1,"gps_per_1000":0.31,"access_class":"low","access_band":2,"is_desert":0,"nearest_gp_km":0,"nearest_gp_minutes":0,"nearest_gp_settlement":null,"nearest_gp_method":null,"vacant_count":2,"persistently_vacant_count":2,"longest_vacancy_days":3044}},
{"type":"Feature","geometry":{"type":"Point","coordinates":[17.2161,46.1288]},"properties":{"name":"Bélavár","county":"Somogy","population":280,"active_gp_count":0,"gps_per_1000":0,"access_class":"desert","access_band":0,"is_desert":1,"nearest_gp_km":11.9,"nearest_gp_minutes":14,"nearest_gp_settlement":"Berzence","nearest_gp_method":"road","vacant_count":1,"persistently_vacant_count":1,"longest_vacancy_days":4048}},
{"type":"Feature","geometry":{"type":"Point","coordinates":[18.4246,46.6474]},"properties":{"name":"Belecska","county":"Tolna","population":306,"active_gp_count":1,"gps_per_1000":3.27,"access_class":"ok","access_band":4,"is_desert":0,"nearest_gp_km":0,"nearest_gp_minutes":0,"nearest_gp_settlement":null,"nearest_gp_method":null,"vacant_count":1,"persistently_vacant_count":1,"longest_vacancy_days":5601}},
{"type":"Feature","geometry":{"type":"Point","coordinates":[17.0968,47.4694]},"properties":{"name":"Beled","county":"Győr-Moson-Sopron","population":2394,"active_gp_count":1,"gps_per_1000":0.42,"access_class":"moderate","access_band":3,"is_desert":0,"nearest_gp_km":0,"nearest_gp_minutes":0,"nearest_gp_settlement":null,"nearest_gp_method":null,"vacant_count":2,"persistently_vacant_count":0,"longest_vacancy_days":181}},
{"type":"Feature","geometry":{"type":"Point","coordinates":[21.1782,46.8715]},"properties":{"name":"Bélmegyer","county":"Békés","population":773,"active_gp_count":0,"gps_per_1000":0,"access_class":"desert","access_band":0,"is_desert":1,"nearest_gp_km":9.2,"nearest_gp_minutes":16,"nearest_gp_settlement":"Mezőberény","nearest_gp_method":"road","vacant_count":1,"persistently_vacant_count":1,"longest_vacancy_days":2282}},
{"type":"Feature","geometry":{"type":"Point","coordinates":[19.5,47.8746]},"properties":{"name":"Bér","county":"Nógrád","population":373,"active_gp_count":0,"gps_per_1000":0,"access_class":"desert","access_band":0,"is_desert":1,"nearest_gp_km":14.4,"nearest_gp_minutes":19,"nearest_gp_settlement":"Palotás","nearest_gp_method":"road","vacant_count":1,"persistently_vacant_count":1,"longest_vacancy_days":4870}},
{"type":"Feature","geometry":{"type":"Point","coordinates":[22.5129,48.2064]},"properties":{"name":"Beregdaróc","county":"Szabolcs-Szatmár-Bereg","population":823,"active_gp_count":0,"gps_per_1000":0,"access_class":"desert","access_band":0,"is_desert":1,"nearest_gp_km":10.6,"nearest_gp_minutes":11,"nearest_gp_settlement":"Márokpapi","nearest_gp_method":"road","vacant_count":1,"persistently_vacant_count":1,"longest_vacancy_days":7001}},
{"type":"Feature","geometry":{"type":"Point","coordinates":[21.6607,47.075]},"properties":{"name":"Berekböszörmény","county":"Hajdú-Bihar","population":1677,"active_gp_count":0,"gps_per_1000":0,"access_class":"desert","access_band":0,"is_desert":1,"nearest_gp_km":12.2,"nearest_gp_minutes":19,"nearest_gp_settlement":"Körösszegapáti","nearest_gp_method":"road","vacant_count":1,"persistently_vacant_count":1,"longest_vacancy_days":1246}},
{"type":"Feature","geometry":{"type":"Point","coordinates":[18.4494,45.7821]},"properties":{"name":"Beremend","county":"Baranya","population":2076,"active_gp_count":1,"gps_per_1000":0.48,"access_class":"moderate","access_band":3,"is_desert":0,"nearest_gp_km":0,"nearest_gp_minutes":0,"nearest_gp_settlement":null,"nearest_gp_method":null,"vacant_count":1,"persistently_vacant_count":1,"longest_vacancy_days":1065}},
{"type":"Feature","geometry":{"type":"Point","coordinates":[18.1433,47.1132]},"properties":{"name":"Berhida","county":"Veszprém","population":5698,"active_gp_count":3,"gps_per_1000":0.53,"access_class":"moderate","access_band":3,"is_desert":0,"nearest_gp_km":0,"nearest_gp_minutes":0,"nearest_gp_settlement":null,"nearest_gp_method":null,"vacant_count":1,"persistently_vacant_count":1,"longest_vacancy_days":1976}},
{"type":"Feature","geometry":{"type":"Point","coordinates":[19.086,47.878]},"properties":{"name":"Berkenye","county":"Nógrád","population":795,"active_gp_count":1,"gps_per_1000":1.26,"access_class":"ok","access_band":4,"is_desert":0,"nearest_gp_km":0,"nearest_gp_minutes":0,"nearest_gp_settlement":null,"nearest_gp_method":null,"vacant_count":1,"persistently_vacant_count":1,"longest_vacancy_days":365}},
{"type":"Feature","geometry":{"type":"Point","coordinates":[21.9743,48.0911]},"properties":{"name":"Berkesz","county":"Szabolcs-Szatmár-Bereg","population":795,"active_gp_count":0,"gps_per_1000":0,"access_class":"desert","access_band":0,"is_desert":1,"nearest_gp_km":6.6,"nearest_gp_minutes":7,"nearest_gp_settlement":"Székely","nearest_gp_method":"road","vacant_count":1,"persistently_vacant_count":0,"longest_vacancy_days":122}},
{"type":"Feature","geometry":{"type":"Point","coordinates":[20.9768,48.0259]},"properties":{"name":"Berzék","county":"Borsod-Abaúj-Zemplén","population":1002,"active_gp_count":0,"gps_per_1000":0,"access_class":"desert","access_band":0,"is_desert":1,"nearest_gp_km":7,"nearest_gp_minutes":10,"nearest_gp_settlement":"Sajólád","nearest_gp_method":"road","vacant_count":1,"persistently_vacant_count":1,"longest_vacancy_days":4383}},
{"type":"Feature","geometry":{"type":"Point","coordinates":[17.9679,45.8901]},"properties":{"name":"Besence","county":"Baranya","population":101,"active_gp_count":0,"gps_per_1000":0,"access_class":"desert","access_band":0,"is_desert":1,"nearest_gp_km":6.7,"nearest_gp_minutes":8,"nearest_gp_settlement":"Magyarmecske","nearest_gp_method":"road","vacant_count":1,"persistently_vacant_count":0,"longest_vacancy_days":181}},
{"type":"Feature","geometry":{"type":"Point","coordinates":[18.7769,47.202]},"properties":{"name":"Besnyő","county":"Fejér","population":1773,"active_gp_count":1,"gps_per_1000":0.56,"access_class":"moderate","access_band":3,"is_desert":0,"nearest_gp_km":0,"nearest_gp_minutes":0,"nearest_gp_settlement":null,"nearest_gp_method":null,"vacant_count":1,"persistently_vacant_count":1,"longest_vacancy_days":2679}},
{"type":"Feature","geometry":{"type":"Point","coordinates":[21.8389,48.1567]},"properties":{"name":"Beszterec","county":"Szabolcs-Szatmár-Bereg","population":861,"active_gp_count":0,"gps_per_1000":0,"access_class":"desert","access_band":0,"is_desert":1,"nearest_gp_km":5.1,"nearest_gp_minutes":5,"nearest_gp_settlement":"Kék","nearest_gp_method":"road","vacant_count":1,"persistently_vacant_count":1,"longest_vacancy_days":1034}},
{"type":"Feature","geometry":{"type":"Point","coordinates":[17.0214,46.8797]},"properties":{"name":"Bezeréd","county":"Zala","population":144,"active_gp_count":0,"gps_per_1000":0,"access_class":"desert","access_band":0,"is_desert":1,"nearest_gp_km":12.7,"nearest_gp_minutes":13,"nearest_gp_settlement":"Pókaszepetk","nearest_gp_method":"road","vacant_count":1,"persistently_vacant_count":1,"longest_vacancy_days":1157}},
{"type":"Feature","geometry":{"type":"Point","coordinates":[18.8231,47.4593]},"properties":{"name":"Biatorbágy","county":"Pest","population":15444,"active_gp_count":9,"gps_per_1000":0.58,"access_class":"moderate","access_band":3,"is_desert":0,"nearest_gp_km":0,"nearest_gp_minutes":0,"nearest_gp_settlement":null,"nearest_gp_method":null,"vacant_count":1,"persistently_vacant_count":1,"longest_vacancy_days":1126}},
{"type":"Feature","geometry":{"type":"Point","coordinates":[21.3229,47.2329]},"properties":{"name":"Bihardancsháza","county":"Hajdú-Bihar","population":154,"active_gp_count":0,"gps_per_1000":0,"access_class":"desert","access_band":0,"is_desert":1,"nearest_gp_km":3.1,"nearest_gp_minutes":4,"nearest_gp_settlement":"Nagyrábé","nearest_gp_method":"road","vacant_count":1,"persistently_vacant_count":1,"longest_vacancy_days":852}},
{"type":"Feature","geometry":{"type":"Point","coordinates":[21.2323,47.2108]},"properties":{"name":"Biharnagybajom","county":"Hajdú-Bihar","population":2327,"active_gp_count":0,"gps_per_1000":0,"access_class":"desert","access_band":0,"is_desert":1,"nearest_gp_km":5.3,"nearest_gp_minutes":7,"nearest_gp_settlement":"Sárrétudvari","nearest_gp_method":"road","vacant_count":2,"persistently_vacant_count":2,"longest_vacancy_days":2191}},
{"type":"Feature","geometry":{"type":"Point","coordinates":[20.2128,47.6408]},"properties":{"name":"Boconád","county":"Heves","population":1217,"active_gp_count":0,"gps_per_1000":0,"access_class":"desert","access_band":0,"is_desert":1,"nearest_gp_km":8.4,"nearest_gp_minutes":9,"nearest_gp_settlement":"Heves","nearest_gp_method":"road","vacant_count":1,"persistently_vacant_count":1,"longest_vacancy_days":760}},
{"type":"Feature","geometry":{"type":"Point","coordinates":[20.0126,47.9495]},"properties":{"name":"Bodony","county":"Heves","population":674,"active_gp_count":0,"gps_per_1000":0,"access_class":"desert","access_band":0,"is_desert":1,"nearest_gp_km":6.3,"nearest_gp_minutes":12,"nearest_gp_settlement":"Parád","nearest_gp_method":"road","vacant_count":1,"persistently_vacant_count":1,"longest_vacancy_days":546}},
{"type":"Feature","geometry":{"type":"Point","coordinates":[21.4218,48.1974]},"properties":{"name":"Bodrogkisfalud","county":"Borsod-Abaúj-Zemplén","population":754,"active_gp_count":0,"gps_per_1000":0,"access_class":"desert","access_band":0,"is_desert":1,"nearest_gp_km":19.9,"nearest_gp_minutes":35,"nearest_gp_settlement":"Timár","nearest_gp_method":"road","vacant_count":1,"persistently_vacant_count":1,"longest_vacancy_days":365}},
{"type":"Feature","geometry":{"type":"Point","coordinates":[17.7999,45.8855]},"properties":{"name":"Bogdása","county":"Baranya","population":223,"active_gp_count":0,"gps_per_1000":0,"access_class":"desert","access_band":0,"is_desert":1,"nearest_gp_km":7.3,"nearest_gp_minutes":10,"nearest_gp_settlement":"Sellye","nearest_gp_method":"road","vacant_count":1,"persistently_vacant_count":1,"longest_vacancy_days":2282}},
{"type":"Feature","geometry":{"type":"Point","coordinates":[19.6841,47.621]},"properties":{"name":"Boldog","county":"Heves","population":2833,"active_gp_count":0,"gps_per_1000":0,"access_class":"desert","access_band":0,"is_desert":1,"nearest_gp_km":8.3,"nearest_gp_minutes":13,"nearest_gp_settlement":"Hatvan","nearest_gp_method":"road","vacant_count":2,"persistently_vacant_count":1,"longest_vacancy_days":791}},
{"type":"Feature","geometry":{"type":"Point","coordinates":[17.2582,46.2581]},"properties":{"name":"Bolhás","county":"Somogy","population":379,"active_gp_count":0,"gps_per_1000":0,"access_class":"desert","access_band":0,"is_desert":1,"nearest_gp_km":12.6,"nearest_gp_minutes":16,"nearest_gp_settlement":"Nagyatád","nearest_gp_method":"road","vacant_count":1,"persistently_vacant_count":1,"longest_vacancy_days":1917}},
{"type":"Feature","geometry":{"type":"Point","coordinates":[17.292,46.0349]},"properties":{"name":"Bolhó","county":"Somogy","population":636,"active_gp_count":0,"gps_per_1000":0,"access_class":"desert","access_band":0,"is_desert":1,"nearest_gp_km":14.7,"nearest_gp_minutes":20,"nearest_gp_settlement":"Csokonyavisonta","nearest_gp_method":"road","vacant_count":1,"persistently_vacant_count":1,"longest_vacancy_days":4048}},
{"type":"Feature","geometry":{"type":"Point","coordinates":[17.0841,47.1559]},"properties":{"name":"Borgáta","county":"Vas","population":280,"active_gp_count":0,"gps_per_1000":0,"access_class":"desert","access_band":0,"is_desert":1,"nearest_gp_km":4.5,"nearest_gp_minutes":7,"nearest_gp_settlement":"Káld","nearest_gp_method":"road","vacant_count":1,"persistently_vacant_count":0,"longest_vacancy_days":4748}},
{"type":"Feature","geometry":{"type":"Point","coordinates":[19.2083,46.2841]},"properties":{"name":"Borota","county":"Bács-Kiskun","population":1089,"active_gp_count":0,"gps_per_1000":0,"access_class":"desert","access_band":0,"is_desert":1,"nearest_gp_km":13.5,"nearest_gp_minutes":17,"nearest_gp_settlement":"Csávoly","nearest_gp_method":"road","vacant_count":1,"persistently_vacant_count":1,"longest_vacancy_days":515}},
{"type":"Feature","geometry":{"type":"Point","coordinates":[20.6417,47.7042]},"properties":{"name":"Borsodivánka","county":"Borsod-Abaúj-Zemplén","population":648,"active_gp_count":0,"gps_per_1000":0,"access_class":"desert","access_band":0,"is_desert":1,"nearest_gp_km":8,"nearest_gp_minutes":10,"nearest_gp_settlement":"Poroszló","nearest_gp_method":"road","vacant_count":1,"persistently_vacant_count":1,"longest_vacancy_days":1157}},
{"type":"Feature","geometry":{"type":"Point","coordinates":[20.2326,48.1148]},"properties":{"name":"Borsodnádasd","county":"Borsod-Abaúj-Zemplén","population":2767,"active_gp_count":0,"gps_per_1000":0,"access_class":"desert","access_band":0,"is_desert":1,"nearest_gp_km":5.2,"nearest_gp_minutes":9,"nearest_gp_settlement":"Járdánháza","nearest_gp_method":"road","vacant_count":2,"persistently_vacant_count":2,"longest_vacancy_days":2282}},
{"type":"Feature","geometry":{"type":"Point","coordinates":[19.1081,47.9671]},"properties":{"name":"Borsosberény","county":"Nógrád","population":851,"active_gp_count":0,"gps_per_1000":0,"access_class":"desert","access_band":0,"is_desert":1,"nearest_gp_km":7.1,"nearest_gp_minutes":11,"nearest_gp_settlement":"Nagyoroszi","nearest_gp_method":"road","vacant_count":1,"persistently_vacant_count":1,"longest_vacancy_days":912}},
{"type":"Feature","geometry":{"type":"Point","coordinates":[16.7605,47.2082]},"properties":{"name":"Bozzai","county":"Vas","population":304,"active_gp_count":0,"gps_per_1000":0,"access_class":"desert","access_band":0,"is_desert":1,"nearest_gp_km":5,"nearest_gp_minutes":7,"nearest_gp_settlement":"Vép","nearest_gp_method":"road","vacant_count":2,"persistently_vacant_count":0,"longest_vacancy_days":1522}},
{"type":"Feature","geometry":{"type":"Point","coordinates":[16.4925,47.3197]},"properties":{"name":"Bozsok","county":"Vas","population":359,"active_gp_count":1,"gps_per_1000":2.79,"access_class":"ok","access_band":4,"is_desert":0,"nearest_gp_km":0,"nearest_gp_minutes":0,"nearest_gp_settlement":null,"nearest_gp_method":null,"vacant_count":1,"persistently_vacant_count":0,"longest_vacancy_days":456}},
{"type":"Feature","geometry":{"type":"Point","coordinates":[20.9717,48.0507]},"properties":{"name":"Bőcs","county":"Borsod-Abaúj-Zemplén","population":2569,"active_gp_count":0,"gps_per_1000":0,"access_class":"desert","access_band":0,"is_desert":1,"nearest_gp_km":6,"nearest_gp_minutes":9,"nearest_gp_settlement":"Sajólád","nearest_gp_method":"road","vacant_count":2,"persistently_vacant_count":2,"longest_vacancy_days":2648}},
{"type":"Feature","geometry":{"type":"Point","coordinates":[17.3926,46.4146]},"properties":{"name":"Böhönye","county":"Somogy","population":2073,"active_gp_count":0,"gps_per_1000":0,"access_class":"desert","access_band":0,"is_desert":1,"nearest_gp_km":8.2,"nearest_gp_minutes":10,"nearest_gp_settlement":"Tapsony","nearest_gp_method":"road","vacant_count":1,"persistently_vacant_count":1,"longest_vacancy_days":912}},
{"type":"Feature","geometry":{"type":"Point","coordinates":[21.7428,47.7499]},"properties":{"name":"Bököny","county":"Szabolcs-Szatmár-Bereg","population":2807,"active_gp_count":1,"gps_per_1000":0.36,"access_class":"low","access_band":2,"is_desert":0,"nearest_gp_km":0,"nearest_gp_minutes":0,"nearest_gp_settlement":null,"nearest_gp_method":null,"vacant_count":1,"persistently_vacant_count":0,"longest_vacancy_days":61}},
{"type":"Feature","geometry":{"type":"Point","coordinates":[18.9302,46.7256]},"properties":{"name":"Bölcske","county":"Tolna","population":2568,"active_gp_count":1,"gps_per_1000":0.39,"access_class":"low","access_band":2,"is_desert":0,"nearest_gp_km":0,"nearest_gp_minutes":0,"nearest_gp_settlement":null,"nearest_gp_method":null,"vacant_count":2,"persistently_vacant_count":2,"longest_vacancy_days":2282}},
{"type":"Feature","geometry":{"type":"Point","coordinates":[17.8447,47.652]},"properties":{"name":"Bőny","county":"Győr-Moson-Sopron","population":2258,"active_gp_count":0,"gps_per_1000":0,"access_class":"desert","access_band":0,"is_desert":1,"nearest_gp_km":6.6,"nearest_gp_minutes":8,"nearest_gp_settlement":"Bana","nearest_gp_method":"road","vacant_count":1,"persistently_vacant_count":1,"longest_vacancy_days":1096}},
{"type":"Feature","geometry":{"type":"Point","coordinates":[17.2245,47.6924]},"properties":{"name":"Bősárkány","county":"Győr-Moson-Sopron","population":2229,"active_gp_count":1,"gps_per_1000":0.45,"access_class":"moderate","access_band":3,"is_desert":0,"nearest_gp_km":0,"nearest_gp_minutes":0,"nearest_gp_settlement":null,"nearest_gp_method":null,"vacant_count":1,"persistently_vacant_count":1,"longest_vacancy_days":1430}},
{"type":"Feature","geometry":{"type":"Point","coordinates":[20.9977,47.1985]},"properties":{"name":"Bucsa","county":"Békés","population":1984,"active_gp_count":1,"gps_per_1000":0.5,"access_class":"moderate","access_band":3,"is_desert":0,"nearest_gp_km":0,"nearest_gp_minutes":0,"nearest_gp_settlement":null,"nearest_gp_method":null,"vacant_count":1,"persistently_vacant_count":1,"longest_vacancy_days":577}},
{"type":"Feature","geometry":{"type":"Point","coordinates":[19.1461,47.4814]},"properties":{"name":"Budapest","county":null,"population":1685209,"active_gp_count":1058,"gps_per_1000":0.63,"access_class":"ok","access_band":4,"is_desert":0,"nearest_gp_km":0,"nearest_gp_minutes":0,"nearest_gp_settlement":null,"nearest_gp_method":null,"vacant_count":130,"persistently_vacant_count":118,"longest_vacancy_days":5143}},
{"type":"Feature","geometry":{"type":"Point","coordinates":[20.1712,47.9944]},"properties":{"name":"Bükkszék","county":"Heves","population":647,"active_gp_count":0,"gps_per_1000":0,"access_class":"desert","access_band":0,"is_desert":1,"nearest_gp_km":9.2,"nearest_gp_minutes":13,"nearest_gp_settlement":"Sirok","nearest_gp_method":"road","vacant_count":1,"persistently_vacant_count":1,"longest_vacancy_days":2434}},
{"type":"Feature","geometry":{"type":"Point","coordinates":[21.0206,48.4842]},"properties":{"name":"Büttös","county":"Borsod-Abaúj-Zemplén","population":139,"active_gp_count":0,"gps_per_1000":0,"access_class":"desert","access_band":0,"is_desert":1,"nearest_gp_km":15.4,"nearest_gp_minutes":17,"nearest_gp_settlement":"Baktakék","nearest_gp_method":"road","vacant_count":1,"persistently_vacant_count":1,"longest_vacancy_days":242}},
{"type":"Feature","geometry":{"type":"Point","coordinates":[16.5117,47.3602]},"properties":{"name":"Cák","county":"Vas","population":296,"active_gp_count":1,"gps_per_1000":3.38,"access_class":"ok","access_band":4,"is_desert":0,"nearest_gp_km":0,"nearest_gp_minutes":0,"nearest_gp_settlement":null,"nearest_gp_method":null,"vacant_count":1,"persistently_vacant_count":0,"longest_vacancy_days":456}},
{"type":"Feature","geometry":{"type":"Point","coordinates":[17.2886,47.6996]},"properties":{"name":"Cakóháza","county":"Győr-Moson-Sopron","population":61,"active_gp_count":0,"gps_per_1000":0,"access_class":"desert","access_band":0,"is_desert":1,"nearest_gp_km":6.4,"nearest_gp_minutes":8,"nearest_gp_settlement":"Bősárkány","nearest_gp_method":"road","vacant_count":1,"persistently_vacant_count":1,"longest_vacancy_days":699}},
{"type":"Feature","geometry":{"type":"Point","coordinates":[18.6625,46.762]},"properties":{"name":"Cece","county":"Fejér","population":2490,"active_gp_count":1,"gps_per_1000":0.4,"access_class":"moderate","access_band":3,"is_desert":0,"nearest_gp_km":0,"nearest_gp_minutes":0,"nearest_gp_settlement":null,"nearest_gp_method":null,"vacant_count":2,"persistently_vacant_count":2,"longest_vacancy_days":1917}},
{"type":"Feature","geometry":{"type":"Point","coordinates":[22.5392,47.9389]},"properties":{"name":"Cégénydányád","county":"Szabolcs-Szatmár-Bereg","population":600,"active_gp_count":0,"gps_per_1000":0,"access_class":"desert","access_band":0,"is_desert":1,"nearest_gp_km":9.2,"nearest_gp_minutes":11,"nearest_gp_settlement":"Nagyszekeres","nearest_gp_method":"road","vacant_count":1,"persistently_vacant_count":1,"longest_vacancy_days":3652}},
{"type":"Feature","geometry":{"type":"Point","coordinates":[19.8176,47.2035]},"properties":{"name":"Cegléd","county":"Pest","population":36125,"active_gp_count":20,"gps_per_1000":0.55,"access_class":"moderate","access_band":3,"is_desert":0,"nearest_gp_km":0,"nearest_gp_minutes":0,"nearest_gp_settlement":null,"nearest_gp_method":null,"vacant_count":2,"persistently_vacant_count":2,"longest_vacancy_days":515}},
{"type":"Feature","geometry":{"type":"Point","coordinates":[17.1585,47.2362]},"properties":{"name":"Celldömölk","county":"Vas","population":9600,"active_gp_count":7,"gps_per_1000":0.73,"access_class":"ok","access_band":4,"is_desert":0,"nearest_gp_km":0,"nearest_gp_minutes":0,"nearest_gp_settlement":null,"nearest_gp_method":null,"vacant_count":2,"persistently_vacant_count":0,"longest_vacancy_days":2129}},
{"type":"Feature","geometry":{"type":"Point","coordinates":[20.185,46.9623]},"properties":{"name":"Cibakháza","county":"Jász-Nagykun-Szolnok","population":3546,"active_gp_count":0,"gps_per_1000":0,"access_class":"desert","access_band":0,"is_desert":1,"nearest_gp_km":8,"nearest_gp_minutes":13,"nearest_gp_settlement":"Tiszaföldvár","nearest_gp_method":"road","vacant_count":2,"persistently_vacant_count":2,"longest_vacancy_days":1976}},
{"type":"Feature","geometry":{"type":"Point","coordinates":[21.8852,48.2659]},"properties":{"name":"Cigánd","county":"Borsod-Abaúj-Zemplén","population":2780,"active_gp_count":1,"gps_per_1000":0.36,"access_class":"low","access_band":2,"is_desert":0,"nearest_gp_km":0,"nearest_gp_minutes":0,"nearest_gp_settlement":null,"nearest_gp_method":null,"vacant_count":1,"persistently_vacant_count":1,"longest_vacancy_days":5113}},
{"type":"Feature","geometry":{"type":"Point","coordinates":[17.0348,47.4793]},"properties":{"name":"Cirák","county":"Győr-Moson-Sopron","population":516,"active_gp_count":0,"gps_per_1000":0,"access_class":"desert","access_band":0,"is_desert":1,"nearest_gp_km":5.6,"nearest_gp_minutes":7,"nearest_gp_settlement":"Beled","nearest_gp_method":"road","vacant_count":2,"persistently_vacant_count":0,"longest_vacancy_days":181}},
{"type":"Feature","geometry":{"type":"Point","coordinates":[18.1955,47.05]},"properties":{"name":"Csajág","county":"Veszprém","population":761,"active_gp_count":0,"gps_per_1000":0,"access_class":"desert","access_band":0,"is_desert":1,"nearest_gp_km":9.2,"nearest_gp_minutes":13,"nearest_gp_settlement":"Balatonakarattya","nearest_gp_method":"road","vacant_count":1,"persistently_vacant_count":1,"longest_vacancy_days":4383}},
{"type":"Feature","geometry":{"type":"Point","coordinates":[16.5079,46.9723]},"properties":{"name":"Csákánydoroszló","county":"Vas","population":1674,"active_gp_count":0,"gps_per_1000":0,"access_class":"desert","access_band":0,"is_desert":1,"nearest_gp_km":6.7,"nearest_gp_minutes":8,"nearest_gp_settlement":"Ivánc","nearest_gp_method":"road","vacant_count":1,"persistently_vacant_count":0,"longest_vacancy_days":1461}},
{"type":"Feature","geometry":{"type":"Point","coordinates":[20.7037,46.3128]},"properties":{"name":"Csanádalberti","county":"Csongrád-Csanád","population":402,"active_gp_count":0,"gps_per_1000":0,"access_class":"desert","access_band":0,"is_desert":1,"nearest_gp_km":9.2,"nearest_gp_minutes":11,"nearest_gp_settlement":"Nagyér","nearest_gp_method":"road","vacant_count":1,"persistently_vacant_count":1,"longest_vacancy_days":577}},
{"type":"Feature","geometry":{"type":"Point","coordinates":[20.8715,46.5342]},"properties":{"name":"Csanádapáca","county":"Békés","population":2283,"active_gp_count":1,"gps_per_1000":0.44,"access_class":"moderate","access_band":3,"is_desert":0,"nearest_gp_km":0,"nearest_gp_minutes":0,"nearest_gp_settlement":null,"nearest_gp_method":null,"vacant_count":1,"persistently_vacant_count":1,"longest_vacancy_days":912}},
{"type":"Feature","geometry":{"type":"Point","coordinates":[17.049,47.4436]},"properties":{"name":"Csánig","county":"Vas","population":370,"active_gp_count":1,"gps_per_1000":2.7,"access_class":"ok","access_band":4,"is_desert":0,"nearest_gp_km":0,"nearest_gp_minutes":0,"nearest_gp_settlement":null,"nearest_gp_method":null,"vacant_count":1,"persistently_vacant_count":0,"longest_vacancy_days":2373}},
{"type":"Feature","geometry":{"type":"Point","coordinates":[17.907,45.8803]},"properties":{"name":"Csányoszró","county":"Baranya","population":531,"active_gp_count":0,"gps_per_1000":0,"access_class":"desert","access_band":0,"is_desert":1,"nearest_gp_km":5,"nearest_gp_minutes":7,"nearest_gp_settlement":"Sellye","nearest_gp_method":"road","vacant_count":1,"persistently_vacant_count":0,"longest_vacancy_days":181}},
{"type":"Feature","geometry":{"type":"Point","coordinates":[20.1252,46.5931]},"properties":{"name":"Csanytelek","county":"Csongrád-Csanád","population":2556,"active_gp_count":1,"gps_per_1000":0.39,"access_class":"low","access_band":2,"is_desert":0,"nearest_gp_km":0,"nearest_gp_minutes":0,"nearest_gp_settlement":null,"nearest_gp_method":null,"vacant_count":1,"persistently_vacant_count":1,"longest_vacancy_days":2373}},
{"type":"Feature","geometry":{"type":"Point","coordinates":[18.1391,47.5107]},"properties":{"name":"Császár","county":"Komárom-Esztergom","population":1799,"active_gp_count":0,"gps_per_1000":0,"access_class":"desert","access_band":0,"is_desert":1,"nearest_gp_km":9.6,"nearest_gp_minutes":14,"nearest_gp_settlement":"Dad","nearest_gp_method":"road","vacant_count":1,"persistently_vacant_count":1,"longest_vacancy_days":1246}},
{"type":"Feature","geometry":{"type":"Point","coordinates":[17.9737,47.3772]},"properties":{"name":"Csatka","county":"Komárom-Esztergom","population":232,"active_gp_count":0,"gps_per_1000":0,"access_class":"desert","access_band":0,"is_desert":1,"nearest_gp_km":8.9,"nearest_gp_minutes":13,"nearest_gp_settlement":"Súr","nearest_gp_method":"road","vacant_count":1,"persistently_vacant_count":1,"longest_vacancy_days":2191}},
{"type":"Feature","geometry":{"type":"Point","coordinates":[17.9267,46.1884]},"properties":{"name":"Csebény","county":"Baranya","population":69,"active_gp_count":0,"gps_per_1000":0,"access_class":"desert","access_band":0,"is_desert":1,"nearest_gp_km":12.3,"nearest_gp_minutes":19,"nearest_gp_settlement":"Szentlászló","nearest_gp_method":"road","vacant_count":1,"persistently_vacant_count":1,"longest_vacancy_days":7943}},
{"type":"Feature","geometry":{"type":"Point","coordinates":[17.6765,47.1862]},"properties":{"name":"Csehbánya","county":"Veszprém","population":283,"active_gp_count":0,"gps_per_1000":0,"access_class":"desert","access_band":0,"is_desert":1,"nearest_gp_km":8.1,"nearest_gp_minutes":11,"nearest_gp_settlement":"Szentgál","nearest_gp_method":"road","vacant_count":1,"persistently_vacant_count":1,"longest_vacancy_days":1277}},
{"type":"Feature","geometry":{"type":"Point","coordinates":[16.8033,47.1579]},"properties":{"name":"Csempeszkopács","county":"Vas","population":305,"active_gp_count":0,"gps_per_1000":0,"access_class":"desert","access_band":0,"is_desert":1,"nearest_gp_km":6.1,"nearest_gp_minutes":8,"nearest_gp_settlement":"Rum","nearest_gp_method":"road","vacant_count":1,"persistently_vacant_count":0,"longest_vacancy_days":1795}},
{"type":"Feature","geometry":{"type":"Point","coordinates":[21.0484,48.4409]},"properties":{"name":"Csenyéte","county":"Borsod-Abaúj-Zemplén","population":562,"active_gp_count":0,"gps_per_1000":0,"access_class":"desert","access_band":0,"is_desert":1,"nearest_gp_km":10.1,"nearest_gp_minutes":12,"nearest_gp_settlement":"Baktakék","nearest_gp_method":"road","vacant_count":1,"persistently_vacant_count":1,"longest_vacancy_days":7943}},
{"type":"Feature","geometry":{"type":"Point","coordinates":[20.122,46.7998]},"properties":{"name":"Csépa","county":"Jász-Nagykun-Szolnok","population":1567,"active_gp_count":0,"gps_per_1000":0,"access_class":"desert","access_band":0,"is_desert":1,"nearest_gp_km":10.4,"nearest_gp_minutes":15,"nearest_gp_settlement":"Tiszaug","nearest_gp_method":"road","vacant_count":1,"persistently_vacant_count":1,"longest_vacancy_days":4686}},
{"type":"Feature","geometry":{"type":"Point","coordinates":[16.6871,47.3885]},"properties":{"name":"Csepreg","county":"Vas","population":3128,"active_gp_count":1,"gps_per_1000":0.32,"access_class":"low","access_band":2,"is_desert":0,"nearest_gp_km":0,"nearest_gp_minutes":0,"nearest_gp_settlement":null,"nearest_gp_method":null,"vacant_count":1,"persistently_vacant_count":0,"longest_vacancy_days":1369}},
{"type":"Feature","geometry":{"type":"Point","coordinates":[20.569,47.9346]},"properties":{"name":"Cserépváralja","county":"Borsod-Abaúj-Zemplén","population":323,"active_gp_count":0,"gps_per_1000":0,"access_class":"desert","access_band":0,"is_desert":1,"nearest_gp_km":6.6,"nearest_gp_minutes":13,"nearest_gp_settlement":"Cserépfalu","nearest_gp_method":"road","vacant_count":1,"persistently_vacant_count":1,"longest_vacancy_days":7943}},
{"type":"Feature","geometry":{"type":"Point","coordinates":[19.3754,47.9801]},"properties":{"name":"Cserháthaláp","county":"Nógrád","population":353,"active_gp_count":1,"gps_per_1000":2.83,"access_class":"ok","access_band":4,"is_desert":0,"nearest_gp_km":0,"nearest_gp_minutes":0,"nearest_gp_settlement":null,"nearest_gp_method":null,"vacant_count":1,"persistently_vacant_count":1,"longest_vacancy_days":912}},
{"type":"Feature","geometry":{"type":"Point","coordinates":[19.4213,47.9815]},"properties":{"name":"Cserhátsurány","county":"Nógrád","population":695,"active_gp_count":0,"gps_per_1000":0,"access_class":"desert","access_band":0,"is_desert":1,"nearest_gp_km":8.3,"nearest_gp_minutes":12,"nearest_gp_settlement":"Magyarnándor","nearest_gp_method":"road","vacant_count":1,"persistently_vacant_count":1,"longest_vacancy_days":3682}},
{"type":"Feature","geometry":{"type":"Point","coordinates":[16.6975,46.6389]},"properties":{"name":"Csertalakos","county":"Zala","population":28,"active_gp_count":0,"gps_per_1000":0,"access_class":"desert","access_band":0,"is_desert":1,"nearest_gp_km":8.8,"nearest_gp_minutes":12,"nearest_gp_settlement":"Nova","nearest_gp_method":"road","vacant_count":1,"persistently_vacant_count":1,"longest_vacancy_days":1642}},
{"type":"Feature","geometry":{"type":"Point","coordinates":[19.4835,46.1327]},"properties":{"name":"Csikéria","county":"Bács-Kiskun","population":614,"active_gp_count":0,"gps_per_1000":0,"access_class":"desert","access_band":0,"is_desert":1,"nearest_gp_km":11.7,"nearest_gp_minutes":13,"nearest_gp_settlement":"Tompa","nearest_gp_method":"road","vacant_count":1,"persistently_vacant_count":1,"longest_vacancy_days":2099}},
{"type":"Feature","geometry":{"type":"Point","coordinates":[20.7852,47.8813]},"properties":{"name":"Csincse","county":"Borsod-Abaúj-Zemplén","population":470,"active_gp_count":1,"gps_per_1000":2.13,"access_class":"ok","access_band":4,"is_desert":0,"nearest_gp_km":0,"nearest_gp_minutes":0,"nearest_gp_settlement":null,"nearest_gp_method":null,"vacant_count":1,"persistently_vacant_count":1,"longest_vacancy_days":212}},
{"type":"Feature","geometry":{"type":"Point","coordinates":[21.3248,48.0472]},"properties":{"name":"Csobaj","county":"Borsod-Abaúj-Zemplén","population":601,"active_gp_count":0,"gps_per_1000":0,"access_class":"desert","access_band":0,"is_desert":1,"nearest_gp_km":8.6,"nearest_gp_minutes":16,"nearest_gp_settlement":"Tiszalök","nearest_gp_method":"road","vacant_count":1,"persistently_vacant_count":1,"longest_vacancy_days":5874}},
{"type":"Feature","geometry":{"type":"Point","coordinates":[18.2624,47.3547]},"properties":{"name":"Csókakő","county":"Fejér","population":1576,"active_gp_count":0,"gps_per_1000":0,"access_class":"desert","access_band":0,"is_desert":1,"nearest_gp_km":6.6,"nearest_gp_minutes":8,"nearest_gp_settlement":"Bodajk","nearest_gp_method":"road","vacant_count":1,"persistently_vacant_count":1,"longest_vacancy_days":1004}},
{"type":"Feature","geometry":{"type":"Point","coordinates":[20.3617,48.1701]},"properties":{"name":"Csokvaomány","county":"Borsod-Abaúj-Zemplén","population":680,"active_gp_count":0,"gps_per_1000":0,"access_class":"desert","access_band":0,"is_desert":1,"nearest_gp_km":7.7,"nearest_gp_minutes":10,"nearest_gp_settlement":"Sáta","nearest_gp_method":"road","vacant_count":1,"persistently_vacant_count":1,"longest_vacancy_days":2891}},
{"type":"Feature","geometry":{"type":"Point","coordinates":[18.0526,46.3656]},"properties":{"name":"Csoma","county":"Somogy","population":402,"active_gp_count":0,"gps_per_1000":0,"access_class":"desert","access_band":0,"is_desert":1,"nearest_gp_km":5.6,"nearest_gp_minutes":8,"nearest_gp_settlement":"Nagyberki","nearest_gp_method":"road","vacant_count":1,"persistently_vacant_count":1,"longest_vacancy_days":2495}},
{"type":"Feature","geometry":{"type":"Point","coordinates":[19.2114,47.6588]},"properties":{"name":"Csomád","county":"Pest","population":1851,"active_gp_count":1,"gps_per_1000":0.54,"access_class":"moderate","access_band":3,"is_desert":0,"nearest_gp_km":0,"nearest_gp_minutes":0,"nearest_gp_settlement":null,"nearest_gp_method":null,"vacant_count":1,"persistently_vacant_count":1,"longest_vacancy_days":426}},
{"type":"Feature","geometry":{"type":"Point","coordinates":[20.0816,46.7294]},"properties":{"name":"Csongrád","county":"Csongrád-Csanád","population":15317,"active_gp_count":10,"gps_per_1000":0.65,"access_class":"ok","access_band":4,"is_desert":0,"nearest_gp_km":0,"nearest_gp_minutes":0,"nearest_gp_settlement":null,"nearest_gp_method":null,"vacant_count":1,"persistently_vacant_count":1,"longest_vacancy_days":2373}},
{"type":"Feature","geometry":{"type":"Point","coordinates":[17.2475,47.6385]},"properties":{"name":"Csorna","county":"Győr-Moson-Sopron","population":9572,"active_gp_count":6,"gps_per_1000":0.63,"access_class":"ok","access_band":4,"is_desert":0,"nearest_gp_km":0,"nearest_gp_minutes":0,"nearest_gp_settlement":null,"nearest_gp_method":null,"vacant_count":1,"persistently_vacant_count":1,"longest_vacancy_days":1430}},
{"type":"Feature","geometry":{"type":"Point","coordinates":[20.7967,46.6516]},"properties":{"name":"Csorvás","county":"Békés","population":4313,"active_gp_count":3,"gps_per_1000":0.7,"access_class":"ok","access_band":4,"is_desert":0,"nearest_gp_km":0,"nearest_gp_minutes":0,"nearest_gp_settlement":null,"nearest_gp_method":null,"vacant_count":1,"persistently_vacant_count":1,"longest_vacancy_days":973}},
{"type":"Feature","geometry":{"type":"Point","coordinates":[17.6126,47.3638]},"properties":{"name":"Csót","county":"Veszprém","population":903,"active_gp_count":0,"gps_per_1000":0,"access_class":"desert","access_band":0,"is_desert":1,"nearest_gp_km":8.5,"nearest_gp_minutes":11,"nearest_gp_settlement":"Pápateszér","nearest_gp_method":"road","vacant_count":1,"persistently_vacant_count":1,"longest_vacancy_days":487}},
{"type":"Feature","geometry":{"type":"Point","coordinates":[16.6405,46.6198]},"properties":{"name":"Csömödér","county":"Zala","population":572,"active_gp_count":0,"gps_per_1000":0,"access_class":"desert","access_band":0,"is_desert":1,"nearest_gp_km":9.9,"nearest_gp_minutes":13,"nearest_gp_settlement":"Lenti","nearest_gp_method":"road","vacant_count":1,"persistently_vacant_count":1,"longest_vacancy_days":1826}},
{"type":"Feature","geometry":{"type":"Point","coordinates":[17.0807,47.3489]},"properties":{"name":"Csönge","county":"Vas","population":335,"active_gp_count":0,"gps_per_1000":0,"access_class":"desert","access_band":0,"is_desert":1,"nearest_gp_km":4.6,"nearest_gp_minutes":6,"nearest_gp_settlement":"Kenyeri","nearest_gp_method":"road","vacant_count":1,"persistently_vacant_count":0,"longest_vacancy_days":4383}},
{"type":"Feature","geometry":{"type":"Point","coordinates":[19.1935,47.7344]},"properties":{"name":"Csörög","county":"Pest","population":2017,"active_gp_count":0,"gps_per_1000":0,"access_class":"desert","access_band":0,"is_desert":1,"nearest_gp_km":4.2,"nearest_gp_minutes":8,"nearest_gp_settlement":"Sződ","nearest_gp_method":"road","vacant_count":1,"persistently_vacant_count":1,"longest_vacancy_days":273}},
{"type":"Feature","geometry":{"type":"Point","coordinates":[18.4044,47.0417]},"properties":{"name":"Csősz","county":"Fejér","population":969,"active_gp_count":0,"gps_per_1000":0,"access_class":"desert","access_band":0,"is_desert":1,"nearest_gp_km":6.8,"nearest_gp_minutes":11,"nearest_gp_settlement":"Soponya","nearest_gp_method":"road","vacant_count":1,"persistently_vacant_count":1,"longest_vacancy_days":2252}},
{"type":"Feature","geometry":{"type":"Point","coordinates":[17.0929,46.2664]},"properties":{"name":"Csurgó","county":"Somogy","population":4279,"active_gp_count":2,"gps_per_1000":0.47,"access_class":"moderate","access_band":3,"is_desert":0,"nearest_gp_km":0,"nearest_gp_minutes":0,"nearest_gp_settlement":null,"nearest_gp_method":null,"vacant_count":3,"persistently_vacant_count":3,"longest_vacancy_days":1187}},
{"type":"Feature","geometry":{"type":"Point","coordinates":[17.0845,46.3076]},"properties":{"name":"Csurgónagymarton","county":"Somogy","population":152,"active_gp_count":1,"gps_per_1000":6.58,"access_class":"ok","access_band":4,"is_desert":0,"nearest_gp_km":0,"nearest_gp_minutes":0,"nearest_gp_settlement":null,"nearest_gp_method":null,"vacant_count":1,"persistently_vacant_count":1,"longest_vacancy_days":791}},
{"type":"Feature","geometry":{"type":"Point","coordinates":[17.3218,47.2416]},"properties":{"name":"Dabrony","county":"Veszprém","population":365,"active_gp_count":0,"gps_per_1000":0,"access_class":"desert","access_band":0,"is_desert":1,"nearest_gp_km":4.6,"nearest_gp_minutes":6,"nearest_gp_settlement":"Nemesszalók","nearest_gp_method":"road","vacant_count":1,"persistently_vacant_count":1,"longest_vacancy_days":3256}},
{"type":"Feature","geometry":{"type":"Point","coordinates":[17.4094,47.2636]},"properties":{"name":"Dáka","county":"Veszprém","population":643,"active_gp_count":0,"gps_per_1000":0,"access_class":"desert","access_band":0,"is_desert":1,"nearest_gp_km":7.3,"nearest_gp_minutes":10,"nearest_gp_settlement":"Nyárád","nearest_gp_method":"road","vacant_count":1,"persistently_vacant_count":1,"longest_vacancy_days":1461}},
{"type":"Feature","geometry":{"type":"Point","coordinates":[20.8246,48.3166]},"properties":{"name":"Damak","county":"Borsod-Abaúj-Zemplén","population":226,"active_gp_count":1,"gps_per_1000":4.42,"access_class":"ok","access_band":4,"is_desert":0,"nearest_gp_km":0,"nearest_gp_minutes":0,"nearest_gp_settlement":null,"nearest_gp_method":null,"vacant_count":1,"persistently_vacant_count":1,"longest_vacancy_days":1338}},
{"type":"Feature","geometry":{"type":"Point","coordinates":[19.5129,47.516]},"properties":{"name":"Dány","county":"Pest","population":4529,"active_gp_count":2,"gps_per_1000":0.44,"access_class":"moderate","access_band":3,"is_desert":0,"nearest_gp_km":0,"nearest_gp_minutes":0,"nearest_gp_settlement":null,"nearest_gp_method":null,"vacant_count":1,"persistently_vacant_count":1,"longest_vacancy_days":515}},
{"type":"Feature","geometry":{"type":"Point","coordinates":[17.5894,45.9833]},"properties":{"name":"Darány","county":"Somogy","population":772,"active_gp_count":0,"gps_per_1000":0,"access_class":"desert","access_band":0,"is_desert":1,"nearest_gp_km":9.6,"nearest_gp_minutes":9,"nearest_gp_settlement":"Nagydobsza","nearest_gp_method":"road","vacant_count":1,"persistently_vacant_count":1,"longest_vacancy_days":2007}},
{"type":"Feature","geometry":{"type":"Point","coordinates":[22.6624,47.9625]},"properties":{"name":"Darnó","county":"Szabolcs-Szatmár-Bereg","population":149,"active_gp_count":1,"gps_per_1000":6.71,"access_class":"ok","access_band":4,"is_desert":0,"nearest_gp_km":0,"nearest_gp_minutes":0,"nearest_gp_settlement":null,"nearest_gp_method":null,"vacant_count":1,"persistently_vacant_count":1,"longest_vacancy_days":730}},
{"type":"Feature","geometry":{"type":"Point","coordinates":[18.8642,46.8631]},"properties":{"name":"Daruszentmiklós","county":"Fejér","population":1044,"active_gp_count":0,"gps_per_1000":0,"access_class":"desert","access_band":0,"is_desert":1,"nearest_gp_km":11.4,"nearest_gp_minutes":13,"nearest_gp_settlement":"Mezőfalva","nearest_gp_method":"road","vacant_count":1,"persistently_vacant_count":1,"longest_vacancy_days":3834}},
{"type":"Feature","geometry":{"type":"Point","coordinates":[21.6572,47.5315]},"properties":{"name":"Debrecen","county":"Hajdú-Bihar","population":202130,"active_gp_count":134,"gps_per_1000":0.66,"access_class":"ok","access_band":4,"is_desert":0,"nearest_gp_km":0,"nearest_gp_minutes":0,"nearest_gp_settlement":null,"nearest_gp_method":null,"vacant_count":1,"persistently_vacant_count":1,"longest_vacancy_days":546}},
{"type":"Feature","geometry":{"type":"Point","coordinates":[20.8539,48.4915]},"properties":{"name":"Debréte","county":"Borsod-Abaúj-Zemplén","population":13,"active_gp_count":0,"gps_per_1000":0,"access_class":"desert","access_band":0,"is_desert":1,"nearest_gp_km":9.5,"nearest_gp_minutes":12,"nearest_gp_settlement":"Hidvégardó","nearest_gp_method":"road","vacant_count":1,"persistently_vacant_count":1,"longest_vacancy_days":3560}},
{"type":"Feature","geometry":{"type":"Point","coordinates":[18.8133,46.2656]},"properties":{"name":"Decs","county":"Tolna","population":3737,"active_gp_count":3,"gps_per_1000":0.8,"access_class":"ok","access_band":4,"is_desert":0,"nearest_gp_km":0,"nearest_gp_minutes":0,"nearest_gp_settlement":null,"nearest_gp_method":null,"vacant_count":1,"persistently_vacant_count":1,"longest_vacancy_days":1004}},
{"type":"Feature","geometry":{"type":"Point","coordinates":[18.4268,46.88]},"properties":{"name":"Dég","county":"Fejér","population":1963,"active_gp_count":0,"gps_per_1000":0,"access_class":"desert","access_band":0,"is_desert":1,"nearest_gp_km":10,"nearest_gp_minutes":14,"nearest_gp_settlement":"Mezőszilas","nearest_gp_method":"road","vacant_count":1,"persistently_vacant_count":1,"longest_vacancy_days":1308}},
{"type":"Feature","geometry":{"type":"Point","coordinates":[20.3379,47.8255]},"properties":{"name":"Demjén","county":"Heves","population":997,"active_gp_count":0,"gps_per_1000":0,"access_class":"desert","access_band":0,"is_desert":1,"nearest_gp_km":5.2,"nearest_gp_minutes":9,"nearest_gp_settlement":"Kerecsend","nearest_gp_method":"road","vacant_count":1,"persistently_vacant_count":1,"longest_vacancy_days":3317}},
{"type":"Feature","geometry":{"type":"Point","coordinates":[16.9936,47.4692]},"properties":{"name":"Dénesfa","county":"Győr-Moson-Sopron","population":388,"active_gp_count":0,"gps_per_1000":0,"access_class":"desert","access_band":0,"is_desert":1,"nearest_gp_km":7.5,"nearest_gp_minutes":12,"nearest_gp_settlement":"Répcelak","nearest_gp_method":"road","vacant_count":2,"persistently_vacant_count":0,"longest_vacancy_days":181}},
{"type":"Feature","geometry":{"type":"Point","coordinates":[20.9402,47.0387]},"properties":{"name":"Dévaványa","county":"Békés","population":6450,"active_gp_count":0,"gps_per_1000":0,"access_class":"desert","access_band":0,"is_desert":1,"nearest_gp_km":13.3,"nearest_gp_minutes":13,"nearest_gp_settlement":"Gyomaendrőd","nearest_gp_method":"road","vacant_count":5,"persistently_vacant_count":5,"longest_vacancy_days":1673}},
{"type":"Feature","geometry":{"type":"Point","coordinates":[17.4503,47.1068]},"properties":{"name":"Devecser","county":"Veszprém","population":4137,"active_gp_count":2,"gps_per_1000":0.48,"access_class":"moderate","access_band":3,"is_desert":0,"nearest_gp_km":0,"nearest_gp_minutes":0,"nearest_gp_settlement":null,"nearest_gp_method":null,"vacant_count":2,"persistently_vacant_count":2,"longest_vacancy_days":2282}},
{"type":"Feature","geometry":{"type":"Point","coordinates":[18.4389,46.5309]},"properties":{"name":"Diósberény","county":"Tolna","population":270,"active_gp_count":0,"gps_per_1000":0,"access_class":"desert","access_band":0,"is_desert":1,"nearest_gp_km":7.2,"nearest_gp_minutes":9,"nearest_gp_settlement":"Hőgyész","nearest_gp_method":"road","vacant_count":2,"persistently_vacant_count":2,"longest_vacancy_days":7396}},
{"type":"Feature","geometry":{"type":"Point","coordinates":[19.024,47.9484]},"properties":{"name":"Diósjenő","county":"Nógrád","population":2872,"active_gp_count":2,"gps_per_1000":0.7,"access_class":"ok","access_band":4,"is_desert":0,"nearest_gp_km":0,"nearest_gp_minutes":0,"nearest_gp_settlement":null,"nearest_gp_method":null,"vacant_count":1,"persistently_vacant_count":1,"longest_vacancy_days":365}},
{"type":"Feature","geometry":{"type":"Point","coordinates":[20.0893,48.1721]},"properties":{"name":"Domaháza","county":"Borsod-Abaúj-Zemplén","population":769,"active_gp_count":0,"gps_per_1000":0,"access_class":"desert","access_band":0,"is_desert":1,"nearest_gp_km":14.6,"nearest_gp_minutes":15,"nearest_gp_settlement":"Cered","nearest_gp_method":"road","vacant_count":1,"persistently_vacant_count":1,"longest_vacancy_days":730}},
{"type":"Feature","geometry":{"type":"Point","coordinates":[20.0148,46.2504]},"properties":{"name":"Domaszék","county":"Csongrád-Csanád","population":4753,"active_gp_count":2,"gps_per_1000":0.42,"access_class":"moderate","access_band":3,"is_desert":0,"nearest_gp_km":0,"nearest_gp_minutes":0,"nearest_gp_settlement":null,"nearest_gp_method":null,"vacant_count":1,"persistently_vacant_count":1,"longest_vacancy_days":1552}},
{"type":"Feature","geometry":{"type":"Point","coordinates":[21.1347,46.3435]},"properties":{"name":"Dombegyház","county":"Békés","population":1546,"active_gp_count":1,"gps_per_1000":0.65,"access_class":"ok","access_band":4,"is_desert":0,"nearest_gp_km":0,"nearest_gp_minutes":0,"nearest_gp_settlement":null,"nearest_gp_method":null,"vacant_count":1,"persistently_vacant_count":1,"longest_vacancy_days":1187}},
{"type":"Feature","geometry":{"type":"Point","coordinates":[21.1159,46.4141]},"properties":{"name":"Dombiratos","county":"Békés","population":437,"active_gp_count":0,"gps_per_1000":0,"access_class":"desert","access_band":0,"is_desert":1,"nearest_gp_km":8.1,"nearest_gp_minutes":12,"nearest_gp_settlement":"Kevermes","nearest_gp_method":"road","vacant_count":1,"persistently_vacant_count":1,"longest_vacancy_days":5295}},
{"type":"Feature","geometry":{"type":"Point","coordinates":[18.1495,46.4003]},"properties":{"name":"Dombóvár","county":"Tolna","population":16752,"active_gp_count":10,"gps_per_1000":0.6,"access_class":"ok","access_band":4,"is_desert":0,"nearest_gp_km":0,"nearest_gp_minutes":0,"nearest_gp_settlement":null,"nearest_gp_method":null,"vacant_count":1,"persistently_vacant_count":1,"longest_vacancy_days":273}},
{"type":"Feature","geometry":{"type":"Point","coordinates":[19.0391,47.0882]},"properties":{"name":"Dömsöd","county":"Pest","population":5948,"active_gp_count":1,"gps_per_1000":0.17,"access_class":"critical","access_band":1,"is_desert":0,"nearest_gp_km":0,"nearest_gp_minutes":0,"nearest_gp_settlement":null,"nearest_gp_method":null,"vacant_count":3,"persistently_vacant_count":3,"longest_vacancy_days":2007}},
{"type":"Feature","geometry":{"type":"Point","coordinates":[17.7567,45.8851]},"properties":{"name":"Drávafok","county":"Baranya","population":426,"active_gp_count":0,"gps_per_1000":0,"access_class":"desert","access_band":0,"is_desert":1,"nearest_gp_km":8.9,"nearest_gp_minutes":10,"nearest_gp_settlement":"Sellye","nearest_gp_method":"road","vacant_count":1,"persistently_vacant_count":1,"longest_vacancy_days":2282}},
{"type":"Feature","geometry":{"type":"Point","coordinates":[17.6045,45.9378]},"properties":{"name":"Drávagárdony","county":"Somogy","population":135,"active_gp_count":0,"gps_per_1000":0,"access_class":"desert","access_band":0,"is_desert":1,"nearest_gp_km":11.2,"nearest_gp_minutes":14,"nearest_gp_settlement":"Kétújfalu","nearest_gp_method":"road","vacant_count":1,"persistently_vacant_count":1,"longest_vacancy_days":2007}},
{"type":"Feature","geometry":{"type":"Point","coordinates":[17.767,45.8349]},"properties":{"name":"Drávakeresztúr","county":"Baranya","population":110,"active_gp_count":0,"gps_per_1000":0,"access_class":"desert","access_band":0,"is_desert":1,"nearest_gp_km":14.1,"nearest_gp_minutes":17,"nearest_gp_settlement":"Sellye","nearest_gp_method":"road","vacant_count":1,"persistently_vacant_count":1,"longest_vacancy_days":1308}},
{"type":"Feature","geometry":{"type":"Point","coordinates":[17.5569,45.9417]},"properties":{"name":"Drávatamási","county":"Somogy","population":292,"active_gp_count":0,"gps_per_1000":0,"access_class":"desert","access_band":0,"is_desert":1,"nearest_gp_km":15,"nearest_gp_minutes":19,"nearest_gp_settlement":"Kétújfalu","nearest_gp_method":"road","vacant_count":1,"persistently_vacant_count":1,"longest_vacancy_days":2007}},
{"type":"Feature","geometry":{"type":"Point","coordinates":[17.9413,47.306]},"properties":{"name":"Dudar","county":"Veszprém","population":1646,"active_gp_count":1,"gps_per_1000":0.61,"access_class":"ok","access_band":4,"is_desert":0,"nearest_gp_km":0,"nearest_gp_minutes":0,"nearest_gp_settlement":null,"nearest_gp_method":null,"vacant_count":1,"persistently_vacant_count":1,"longest_vacancy_days":2952}},
{"type":"Feature","geometry":{"type":"Point","coordinates":[19.0309,47.7668]},"properties":{"name":"Dunabogdány","county":"Pest","population":3256,"active_gp_count":2,"gps_per_1000":0.61,"access_class":"ok","access_band":4,"is_desert":0,"nearest_gp_km":0,"nearest_gp_minutes":0,"nearest_gp_settlement":null,"nearest_gp_method":null,"vacant_count":1,"persistently_vacant_count":1,"longest_vacancy_days":1277}},
{"type":"Feature","geometry":{"type":"Point","coordinates":[18.9477,46.8438]},"properties":{"name":"Dunaegyháza","county":"Bács-Kiskun","population":1433,"active_gp_count":0,"gps_per_1000":0,"access_class":"desert","access_band":0,"is_desert":1,"nearest_gp_km":5.2,"nearest_gp_minutes":5,"nearest_gp_settlement":"Apostag","nearest_gp_method":"road","vacant_count":1,"persistently_vacant_count":1,"longest_vacancy_days":1096}},
{"type":"Feature","geometry":{"type":"Point","coordinates":[18.8766,46.7889]},"properties":{"name":"Dunaföldvár","county":"Tolna","population":8249,"active_gp_count":4,"gps_per_1000":0.48,"access_class":"moderate","access_band":3,"is_desert":0,"nearest_gp_km":0,"nearest_gp_minutes":0,"nearest_gp_settlement":null,"nearest_gp_method":null,"vacant_count":2,"persistently_vacant_count":2,"longest_vacancy_days":2860}},
{"type":"Feature","geometry":{"type":"Point","coordinates":[19.1415,47.6361]},"properties":{"name":"Dunakeszi","county":"Pest","population":42630,"active_gp_count":20,"gps_per_1000":0.47,"access_class":"moderate","access_band":3,"is_desert":0,"nearest_gp_km":0,"nearest_gp_minutes":0,"nearest_gp_settlement":null,"nearest_gp_method":null,"vacant_count":1,"persistently_vacant_count":1,"longest_vacancy_days":273}},
{"type":"Feature","geometry":{"type":"Point","coordinates":[17.5513,47.7792]},"properties":{"name":"Dunaszeg","county":"Győr-Moson-Sopron","population":2324,"active_gp_count":1,"gps_per_1000":0.43,"access_class":"moderate","access_band":3,"is_desert":0,"nearest_gp_km":0,"nearest_gp_minutes":0,"nearest_gp_settlement":null,"nearest_gp_method":null,"vacant_count":1,"persistently_vacant_count":1,"longest_vacancy_days":1034}},
{"type":"Feature","geometry":{"type":"Point","coordinates":[18.7321,46.091]},"properties":{"name":"Dunaszekcső","county":"Baranya","population":1723,"active_gp_count":0,"gps_per_1000":0,"access_class":"desert","access_band":0,"is_desert":1,"nearest_gp_km":14.4,"nearest_gp_minutes":33,"nearest_gp_settlement":"Szeremle","nearest_gp_method":"road","vacant_count":1,"persistently_vacant_count":1,"longest_vacancy_days":1642}},
{"type":"Feature","geometry":{"type":"Point","coordinates":[18.8116,46.5377]},"properties":{"name":"Dunaszentgyörgy","county":"Tolna","population":2408,"active_gp_count":0,"gps_per_1000":0,"access_class":"desert","access_band":0,"is_desert":1,"nearest_gp_km":10.6,"nearest_gp_minutes":10,"nearest_gp_settlement":"Gerjen","nearest_gp_method":"road","vacant_count":2,"persistently_vacant_count":1,"longest_vacancy_days":943}},
{"type":"Feature","geometry":{"type":"Point","coordinates":[18.3928,47.6968]},"properties":{"name":"Dunaszentmiklós","county":"Komárom-Esztergom","population":554,"active_gp_count":0,"gps_per_1000":0,"access_class":"desert","access_band":0,"is_desert":1,"nearest_gp_km":2.2,"nearest_gp_minutes":4,"nearest_gp_settlement":"Neszmély","nearest_gp_method":"road","vacant_count":1,"persistently_vacant_count":0,"longest_vacancy_days":181}},
{"type":"Feature","geometry":{"type":"Point","coordinates":[17.4945,47.7749]},"properties":{"name":"Dunaszentpál","county":"Győr-Moson-Sopron","population":739,"active_gp_count":1,"gps_per_1000":1.35,"access_class":"ok","access_band":4,"is_desert":0,"nearest_gp_km":0,"nearest_gp_minutes":0,"nearest_gp_settlement":null,"nearest_gp_method":null,"vacant_count":1,"persistently_vacant_count":1,"longest_vacancy_days":1034}},
{"type":"Feature","geometry":{"type":"Point","coordinates":[19.1282,46.7663]},"properties":{"name":"Dunatetétlen","county":"Bács-Kiskun","population":501,"active_gp_count":1,"gps_per_1000":2,"access_class":"ok","access_band":4,"is_desert":0,"nearest_gp_km":0,"nearest_gp_minutes":0,"nearest_gp_settlement":null,"nearest_gp_method":null,"vacant_count":1,"persistently_vacant_count":1,"longest_vacancy_days":5051}},
{"type":"Feature","geometry":{"type":"Point","coordinates":[18.9257,46.946]},"properties":{"name":"Dunaújváros","county":"Fejér","population":41193,"active_gp_count":24,"gps_per_1000":0.58,"access_class":"moderate","access_band":3,"is_desert":0,"nearest_gp_km":0,"nearest_gp_minutes":0,"nearest_gp_settlement":null,"nearest_gp_method":null,"vacant_count":6,"persistently_vacant_count":5,"longest_vacancy_days":2007}},
{"type":"Feature","geometry":{"type":"Point","coordinates":[19.0468,46.9014]},"properties":{"name":"Dunavecse","county":"Bács-Kiskun","population":3894,"active_gp_count":1,"gps_per_1000":0.26,"access_class":"low","access_band":2,"is_desert":0,"nearest_gp_km":0,"nearest_gp_minutes":0,"nearest_gp_settlement":null,"nearest_gp_method":null,"vacant_count":2,"persistently_vacant_count":0,"longest_vacancy_days":181}},
{"type":"Feature","geometry":{"type":"Point","coordinates":[18.9596,46.3851]},"properties":{"name":"Dusnok","county":"Bács-Kiskun","population":2591,"active_gp_count":1,"gps_per_1000":0.39,"access_class":"low","access_band":2,"is_desert":0,"nearest_gp_km":0,"nearest_gp_minutes":0,"nearest_gp_settlement":null,"nearest_gp_method":null,"vacant_count":2,"persistently_vacant_count":2,"longest_vacancy_days":1826}},
{"type":"Feature","geometry":{"type":"Point","coordinates":[18.3798,46.4752]},"properties":{"name":"Dúzs","county":"Tolna","population":222,"active_gp_count":0,"gps_per_1000":0,"access_class":"desert","access_band":0,"is_desert":1,"nearest_gp_km":6.9,"nearest_gp_minutes":10,"nearest_gp_settlement":"Kurd","nearest_gp_method":"road","vacant_count":1,"persistently_vacant_count":1,"longest_vacancy_days":1611}},
{"type":"Feature","geometry":{"type":"Point","coordinates":[20.9284,47.141]},"properties":{"name":"Ecsegfalva","county":"Békés","population":1008,"active_gp_count":0,"gps_per_1000":0,"access_class":"desert","access_band":0,"is_desert":1,"nearest_gp_km":16.6,"nearest_gp_minutes":20,"nearest_gp_settlement":"Kisújszállás","nearest_gp_method":"road","vacant_count":1,"persistently_vacant_count":1,"longest_vacancy_days":4383}},
{"type":"Feature","geometry":{"type":"Point","coordinates":[20.7406,48.3044]},"properties":{"name":"Edelény","county":"Borsod-Abaúj-Zemplén","population":9032,"active_gp_count":4,"gps_per_1000":0.44,"access_class":"moderate","access_band":3,"is_desert":0,"nearest_gp_km":0,"nearest_gp_minutes":0,"nearest_gp_settlement":null,"nearest_gp_method":null,"vacant_count":3,"persistently_vacant_count":3,"longest_vacancy_days":1856}},
{"type":"Feature","geometry":{"type":"Point","coordinates":[17.1416,47.453]},"properties":{"name":"Edve","county":"Győr-Moson-Sopron","population":100,"active_gp_count":0,"gps_per_1000":0,"access_class":"desert","access_band":0,"is_desert":1,"nearest_gp_km":4.9,"nearest_gp_minutes":7,"nearest_gp_settlement":"Beled","nearest_gp_method":"road","vacant_count":2,"persistently_vacant_count":1,"longest_vacancy_days":6451}},
{"type":"Feature","geometry":{"type":"Point","coordinates":[20.3947,47.9294]},"properties":{"name":"Eger","county":"Heves","population":48686,"active_gp_count":30,"gps_per_1000":0.62,"access_class":"ok","access_band":4,"is_desert":0,"nearest_gp_km":0,"nearest_gp_minutes":0,"nearest_gp_settlement":null,"nearest_gp_method":null,"vacant_count":4,"persistently_vacant_count":4,"longest_vacancy_days":1461}},
{"type":"Feature","geometry":{"type":"Point","coordinates":[18.3052,45.983]},"properties":{"name":"Egerág","county":"Baranya","population":962,"active_gp_count":0,"gps_per_1000":0,"access_class":"desert","access_band":0,"is_desert":1,"nearest_gp_km":7.1,"nearest_gp_minutes":9,"nearest_gp_settlement":"Kozármisleny","nearest_gp_method":"road","vacant_count":1,"persistently_vacant_count":0,"longest_vacancy_days":61}},
{"type":"Feature","geometry":{"type":"Point","coordinates":[20.5411,47.722]},"properties":{"name":"Egerfarmos","county":"Heves","population":658,"active_gp_count":0,"gps_per_1000":0,"access_class":"desert","access_band":0,"is_desert":1,"nearest_gp_km":8.7,"nearest_gp_minutes":14,"nearest_gp_settlement":"Szihalom","nearest_gp_method":"road","vacant_count":1,"persistently_vacant_count":1,"longest_vacancy_days":5601}},
{"type":"Feature","geometry":{"type":"Point","coordinates":[20.5682,48.4471]},"properties":{"name":"Égerszög","county":"Borsod-Abaúj-Zemplén","population":51,"active_gp_count":0,"gps_per_1000":0,"access_class":"desert","access_band":0,"is_desert":1,"nearest_gp_km":14.4,"nearest_gp_minutes":18,"nearest_gp_settlement":"Szuhogy","nearest_gp_method":"road","vacant_count":1,"persistently_vacant_count":1,"longest_vacancy_days":1246}},
{"type":"Feature","geometry":{"type":"Point","coordinates":[20.9175,47.6247]},"properties":{"name":"Egyek","county":"Hajdú-Bihar","population":4772,"active_gp_count":0,"gps_per_1000":0,"access_class":"desert","access_band":0,"is_desert":1,"nearest_gp_km":13.8,"nearest_gp_minutes":22,"nearest_gp_settlement":"Tiszacsege","nearest_gp_method":"road","vacant_count":3,"persistently_vacant_count":3,"longest_vacancy_days":1430}},
{"type":"Feature","geometry":{"type":"Point","coordinates":[17.1321,47.1666]},"properties":{"name":"Egyházashetye","county":"Vas","population":301,"active_gp_count":0,"gps_per_1000":0,"access_class":"desert","access_band":0,"is_desert":1,"nearest_gp_km":8,"nearest_gp_minutes":10,"nearest_gp_settlement":"Káld","nearest_gp_method":"road","vacant_count":1,"persistently_vacant_count":0,"longest_vacancy_days":4748}},
{"type":"Feature","geometry":{"type":"Point","coordinates":[16.7073,47.0541]},"properties":{"name":"Egyházashollós","county":"Vas","population":519,"active_gp_count":0,"gps_per_1000":0,"access_class":"desert","access_band":0,"is_desert":1,"nearest_gp_km":5.3,"nearest_gp_minutes":6,"nearest_gp_settlement":"Rábahídvég","nearest_gp_method":"road","vacant_count":1,"persistently_vacant_count":0,"longest_vacancy_days":4199}},
{"type":"Feature","geometry":{"type":"Point","coordinates":[18.3282,46.3446]},"properties":{"name":"Egyházaskozár","county":"Baranya","population":667,"active_gp_count":1,"gps_per_1000":1.5,"access_class":"ok","access_band":4,"is_desert":0,"nearest_gp_km":0,"nearest_gp_minutes":0,"nearest_gp_settlement":null,"nearest_gp_method":null,"vacant_count":1,"persistently_vacant_count":1,"longest_vacancy_days":1917}},
{"type":"Feature","geometry":{"type":"Point","coordinates":[18.8131,46.8281]},"properties":{"name":"Előszállás","county":"Fejér","population":2363,"active_gp_count":0,"gps_per_1000":0,"access_class":"desert","access_band":0,"is_desert":1,"nearest_gp_km":13,"nearest_gp_minutes":16,"nearest_gp_settlement":"Dunaföldvár","nearest_gp_method":"road","vacant_count":1,"persistently_vacant_count":1,"longest_vacancy_days":912}},
{"type":"Feature","geometry":{"type":"Point","coordinates":[19.5795,48.1231]},"properties":{"name":"Endrefalva","county":"Nógrád","population":1116,"active_gp_count":1,"gps_per_1000":0.9,"access_class":"ok","access_band":4,"is_desert":0,"nearest_gp_km":0,"nearest_gp_minutes":0,"nearest_gp_settlement":null,"nearest_gp_method":null,"vacant_count":1,"persistently_vacant_count":1,"longest_vacancy_days":3437}},
{"type":"Feature","geometry":{"type":"Point","coordinates":[18.2573,46.9146]},"properties":{"name":"Enying","county":"Fejér","population":6483,"active_gp_count":3,"gps_per_1000":0.46,"access_class":"moderate","access_band":3,"is_desert":0,"nearest_gp_km":0,"nearest_gp_minutes":0,"nearest_gp_settlement":null,"nearest_gp_method":null,"vacant_count":2,"persistently_vacant_count":2,"longest_vacancy_days":5113}},
{"type":"Feature","geometry":{"type":"Point","coordinates":[20.5307,46.7163]},"properties":{"name":"Eperjes","county":"Csongrád-Csanád","population":371,"active_gp_count":0,"gps_per_1000":0,"access_class":"desert","access_band":0,"is_desert":1,"nearest_gp_km":10.2,"nearest_gp_minutes":12,"nearest_gp_settlement":"Gádoros","nearest_gp_method":"road","vacant_count":1,"persistently_vacant_count":1,"longest_vacancy_days":4140}},
{"type":"Feature","geometry":{"type":"Point","coordinates":[18.8566,47.2343]},"properties":{"name":"Ercsi","county":"Fejér","population":7986,"active_gp_count":4,"gps_per_1000":0.5,"access_class":"moderate","access_band":3,"is_desert":0,"nearest_gp_km":0,"nearest_gp_minutes":0,"nearest_gp_settlement":null,"nearest_gp_method":null,"vacant_count":2,"persistently_vacant_count":2,"longest_vacancy_days":1218}},
{"type":"Feature","geometry":{"type":"Point","coordinates":[18.9214,47.3711]},"properties":{"name":"Érd","county":"Pest","population":71495,"active_gp_count":30,"gps_per_1000":0.42,"access_class":"moderate","access_band":3,"is_desert":0,"nearest_gp_km":0,"nearest_gp_minutes":0,"nearest_gp_settlement":null,"nearest_gp_method":null,"vacant_count":1,"persistently_vacant_count":1,"longest_vacancy_days":273}},
{"type":"Feature","geometry":{"type":"Point","coordinates":[19.3142,47.6715]},"properties":{"name":"Erdőkertes","county":"Pest","population":10026,"active_gp_count":2,"gps_per_1000":0.2,"access_class":"low","access_band":2,"is_desert":0,"nearest_gp_km":0,"nearest_gp_minutes":0,"nearest_gp_settlement":null,"nearest_gp_method":null,"vacant_count":1,"persistently_vacant_count":0,"longest_vacancy_days":181}},
{"type":"Feature","geometry":{"type":"Point","coordinates":[20.0762,48.0502]},"properties":{"name":"Erdőkövesd","county":"Heves","population":634,"active_gp_count":1,"gps_per_1000":1.58,"access_class":"ok","access_band":4,"is_desert":0,"nearest_gp_km":0,"nearest_gp_minutes":0,"nearest_gp_settlement":null,"nearest_gp_method":null,"vacant_count":1,"persistently_vacant_count":1,"longest_vacancy_days":3437}},
{"type":"Feature","geometry":{"type":"Point","coordinates":[19.454,47.7748]},"properties":{"name":"Erdőkürt","county":"Nógrád","population":450,"active_gp_count":0,"gps_per_1000":0,"access_class":"desert","access_band":0,"is_desert":1,"nearest_gp_km":7.2,"nearest_gp_minutes":8,"nearest_gp_settlement":"Acsa","nearest_gp_method":"road","vacant_count":1,"persistently_vacant_count":1,"longest_vacancy_days":1642}},
{"type":"Feature","geometry":{"type":"Point","coordinates":[19.5291,47.7658]},"properties":{"name":"Erdőtarcsa","county":"Nógrád","population":519,"active_gp_count":0,"gps_per_1000":0,"access_class":"desert","access_band":0,"is_desert":1,"nearest_gp_km":7.1,"nearest_gp_minutes":8,"nearest_gp_settlement":"Héhalom","nearest_gp_method":"road","vacant_count":1,"persistently_vacant_count":1,"longest_vacancy_days":1642}},
{"type":"Feature","geometry":{"type":"Point","coordinates":[19.2085,48.0011]},"properties":{"name":"Érsekvadkert","county":"Nógrád","population":3393,"active_gp_count":2,"gps_per_1000":0.59,"access_class":"moderate","access_band":3,"is_desert":0,"nearest_gp_km":0,"nearest_gp_minutes":0,"nearest_gp_settlement":null,"nearest_gp_method":null,"vacant_count":1,"persistently_vacant_count":1,"longest_vacancy_days":2952}},
{"type":"Feature","geometry":{"type":"Point","coordinates":[18.1418,46.6182]},"properties":{"name":"Értény","county":"Tolna","population":706,"active_gp_count":0,"gps_per_1000":0,"access_class":"desert","access_band":0,"is_desert":1,"nearest_gp_km":9.8,"nearest_gp_minutes":15,"nearest_gp_settlement":"Nagykónyi","nearest_gp_method":"road","vacant_count":1,"persistently_vacant_count":1,"longest_vacancy_days":1034}},
{"type":"Feature","geometry":{"type":"Point","coordinates":[18.7355,47.758]},"properties":{"name":"Esztergom","county":"Komárom-Esztergom","population":28521,"active_gp_count":16,"gps_per_1000":0.56,"access_class":"moderate","access_band":3,"is_desert":0,"nearest_gp_km":0,"nearest_gp_minutes":0,"nearest_gp_settlement":null,"nearest_gp_method":null,"vacant_count":1,"persistently_vacant_count":1,"longest_vacancy_days":3072}},
{"type":"Feature","geometry":{"type":"Point","coordinates":[20.4389,46.681]},"properties":{"name":"Fábiánsebestyén","county":"Csongrád-Csanád","population":1847,"active_gp_count":0,"gps_per_1000":0,"access_class":"desert","access_band":0,"is_desert":1,"nearest_gp_km":10.6,"nearest_gp_minutes":17,"nearest_gp_settlement":"Nagymágocs","nearest_gp_method":"road","vacant_count":1,"persistently_vacant_count":1,"longest_vacancy_days":638}},
{"type":"Feature","geometry":{"type":"Point","coordinates":[18.8321,46.4588]},"properties":{"name":"Fadd","county":"Tolna","population":4035,"active_gp_count":2,"gps_per_1000":0.5,"access_class":"moderate","access_band":3,"is_desert":0,"nearest_gp_km":0,"nearest_gp_minutes":0,"nearest_gp_settlement":null,"nearest_gp_method":null,"vacant_count":1,"persistently_vacant_count":1,"longest_vacancy_days":546}},
{"type":"Feature","geometry":{"type":"Point","coordinates":[21.0697,48.4131]},"properties":{"name":"Fáj","county":"Borsod-Abaúj-Zemplén","population":510,"active_gp_count":0,"gps_per_1000":0,"access_class":"desert","access_band":0,"is_desert":1,"nearest_gp_km":10.5,"nearest_gp_minutes":12,"nearest_gp_settlement":"Méra","nearest_gp_method":"road","vacant_count":1,"persistently_vacant_count":1,"longest_vacancy_days":4230}},
{"type":"Feature","geometry":{"type":"Point","coordinates":[18.9146,46.4059]},"properties":{"name":"Fajsz","county":"Bács-Kiskun","population":1549,"active_gp_count":1,"gps_per_1000":0.65,"access_class":"ok","access_band":4,"is_desert":0,"nearest_gp_km":0,"nearest_gp_minutes":0,"nearest_gp_settlement":null,"nearest_gp_method":null,"vacant_count":1,"persistently_vacant_count":1,"longest_vacancy_days":1826}},
{"type":"Feature","geometry":{"type":"Point","coordinates":[17.1927,47.6263]},"properties":{"name":"Farád","county":"Győr-Moson-Sopron","population":1890,"active_gp_count":0,"gps_per_1000":0,"access_class":"desert","access_band":0,"is_desert":1,"nearest_gp_km":8.3,"nearest_gp_minutes":13,"nearest_gp_settlement":"Szárföld","nearest_gp_method":"road","vacant_count":1,"persistently_vacant_count":1,"longest_vacancy_days":2983}},
{"type":"Feature","geometry":{"type":"Point","coordinates":[20.311,48.1848]},"properties":{"name":"Farkaslyuk","county":"Borsod-Abaúj-Zemplén","population":1890,"active_gp_count":0,"gps_per_1000":0,"access_class":"desert","access_band":0,"is_desert":1,"nearest_gp_km":6,"nearest_gp_minutes":10,"nearest_gp_settlement":"Ózd","nearest_gp_method":"road","vacant_count":1,"persistently_vacant_count":1,"longest_vacancy_days":2373}},
{"type":"Feature","geometry":{"type":"Point","coordinates":[20.539,47.2458]},"properties":{"name":"Fegyvernek","county":"Jász-Nagykun-Szolnok","population":6000,"active_gp_count":2,"gps_per_1000":0.33,"access_class":"low","access_band":2,"is_desert":0,"nearest_gp_km":0,"nearest_gp_minutes":0,"nearest_gp_settlement":null,"nearest_gp_method":null,"vacant_count":2,"persistently_vacant_count":1,"longest_vacancy_days":973}},
{"type":"Feature","geometry":{"type":"Point","coordinates":[20.2495,47.8133]},"properties":{"name":"Feldebrő","county":"Heves","population":1023,"active_gp_count":0,"gps_per_1000":0,"access_class":"desert","access_band":0,"is_desert":1,"nearest_gp_km":7.8,"nearest_gp_minutes":18,"nearest_gp_settlement":"Verpelét","nearest_gp_method":"road","vacant_count":1,"persistently_vacant_count":1,"longest_vacancy_days":1430}},
{"type":"Feature","geometry":{"type":"Point","coordinates":[21.0195,48.4389]},"properties":{"name":"Felsőgagy","county":"Borsod-Abaúj-Zemplén","population":219,"active_gp_count":0,"gps_per_1000":0,"access_class":"desert","access_band":0,"is_desert":1,"nearest_gp_km":7.5,"nearest_gp_minutes":8,"nearest_gp_settlement":"Baktakék","nearest_gp_method":"road","vacant_count":1,"persistently_vacant_count":1,"longest_vacancy_days":7943}},
{"type":"Feature","geometry":{"type":"Point","coordinates":[18.519,46.4686]},"properties":{"name":"Felsőnána","county":"Tolna","population":563,"active_gp_count":1,"gps_per_1000":1.78,"access_class":"ok","access_band":4,"is_desert":0,"nearest_gp_km":0,"nearest_gp_minutes":0,"nearest_gp_settlement":null,"nearest_gp_method":null,"vacant_count":1,"persistently_vacant_count":1,"longest_vacancy_days":1461}},
{"type":"Feature","geometry":{"type":"Point","coordinates":[18.2999,46.781]},"properties":{"name":"Felsőnyék","county":"Tolna","population":1008,"active_gp_count":0,"gps_per_1000":0,"access_class":"desert","access_band":0,"is_desert":1,"nearest_gp_km":11,"nearest_gp_minutes":14,"nearest_gp_settlement":"Lajoskomárom","nearest_gp_method":"road","vacant_count":1,"persistently_vacant_count":1,"longest_vacancy_days":3164}},
{"type":"Feature","geometry":{"type":"Point","coordinates":[17.1544,46.7901]},"properties":{"name":"Felsőpáhok","county":"Zala","population":686,"active_gp_count":0,"gps_per_1000":0,"access_class":"desert","access_band":0,"is_desert":1,"nearest_gp_km":4.1,"nearest_gp_minutes":9,"nearest_gp_settlement":"Hévíz","nearest_gp_method":"road","vacant_count":1,"persistently_vacant_count":1,"longest_vacancy_days":212}},
{"type":"Feature","geometry":{"type":"Point","coordinates":[17.6968,45.8518]},"properties":{"name":"Felsőszentmárton","county":"Baranya","population":715,"active_gp_count":0,"gps_per_1000":0,"access_class":"desert","access_band":0,"is_desert":1,"nearest_gp_km":16.2,"nearest_gp_minutes":19,"nearest_gp_settlement":"Sellye","nearest_gp_method":"road","vacant_count":1,"persistently_vacant_count":1,"longest_vacancy_days":1308}},
{"type":"Feature","geometry":{"type":"Point","coordinates":[20.6329,48.4093]},"properties":{"name":"Felsőtelekes","county":"Borsod-Abaúj-Zemplén","population":632,"active_gp_count":0,"gps_per_1000":0,"access_class":"desert","access_band":0,"is_desert":1,"nearest_gp_km":6,"nearest_gp_minutes":7,"nearest_gp_settlement":"Szuhogy","nearest_gp_method":"road","vacant_count":1,"persistently_vacant_count":1,"longest_vacancy_days":7943}},
{"type":"Feature","geometry":{"type":"Point","coordinates":[17.7567,47.3247]},"properties":{"name":"Fenyőfő","county":"Győr-Moson-Sopron","population":92,"active_gp_count":0,"gps_per_1000":0,"access_class":"desert","access_band":0,"is_desert":1,"nearest_gp_km":19,"nearest_gp_minutes":34,"nearest_gp_settlement":"Bakonyszentkirály","nearest_gp_method":"road","vacant_count":1,"persistently_vacant_count":1,"longest_vacancy_days":1734}},
{"type":"Feature","geometry":{"type":"Point","coordinates":[16.9156,47.6469]},"properties":{"name":"Fertőd","county":"Győr-Moson-Sopron","population":3409,"active_gp_count":1,"gps_per_1000":0.29,"access_class":"low","access_band":2,"is_desert":0,"nearest_gp_km":0,"nearest_gp_minutes":0,"nearest_gp_settlement":null,"nearest_gp_method":null,"vacant_count":1,"persistently_vacant_count":1,"longest_vacancy_days":426}},
{"type":"Feature","geometry":{"type":"Point","coordinates":[16.6446,47.7255]},"properties":{"name":"Fertőrákos","county":"Győr-Moson-Sopron","population":2473,"active_gp_count":1,"gps_per_1000":0.4,"access_class":"moderate","access_band":3,"is_desert":0,"nearest_gp_km":0,"nearest_gp_minutes":0,"nearest_gp_settlement":null,"nearest_gp_method":null,"vacant_count":1,"persistently_vacant_count":1,"longest_vacancy_days":607}},
{"type":"Feature","geometry":{"type":"Point","coordinates":[17.9541,46.3935]},"properties":{"name":"Fonó","county":"Somogy","population":298,"active_gp_count":0,"gps_per_1000":0,"access_class":"desert","access_band":0,"is_desert":1,"nearest_gp_km":7.2,"nearest_gp_minutes":10,"nearest_gp_settlement":"Mosdós","nearest_gp_method":"road","vacant_count":1,"persistently_vacant_count":1,"longest_vacancy_days":1157}},
{"type":"Feature","geometry":{"type":"Point","coordinates":[21.3104,48.407]},"properties":{"name":"Fony","county":"Borsod-Abaúj-Zemplén","population":318,"active_gp_count":0,"gps_per_1000":0,"access_class":"desert","access_band":0,"is_desert":1,"nearest_gp_km":12.1,"nearest_gp_minutes":14,"nearest_gp_settlement":"Boldogkőváralja","nearest_gp_method":"road","vacant_count":1,"persistently_vacant_count":1,"longest_vacancy_days":2495}},
{"type":"Feature","geometry":{"type":"Point","coordinates":[17.5539,46.7489]},"properties":{"name":"Fonyód","county":"Somogy","population":5055,"active_gp_count":2,"gps_per_1000":0.4,"access_class":"moderate","access_band":3,"is_desert":0,"nearest_gp_km":0,"nearest_gp_minutes":0,"nearest_gp_settlement":null,"nearest_gp_method":null,"vacant_count":1,"persistently_vacant_count":1,"longest_vacancy_days":2160}},
{"type":"Feature","geometry":{"type":"Point","coordinates":[19.1886,47.6087]},"properties":{"name":"Fót","county":"Pest","population":20823,"active_gp_count":6,"gps_per_1000":0.29,"access_class":"low","access_band":2,"is_desert":0,"nearest_gp_km":0,"nearest_gp_minutes":0,"nearest_gp_settlement":null,"nearest_gp_method":null,"vacant_count":3,"persistently_vacant_count":3,"longest_vacancy_days":1096}},
{"type":"Feature","geometry":{"type":"Point","coordinates":[21.1187,48.4339]},"properties":{"name":"Fulókércs","county":"Borsod-Abaúj-Zemplén","population":471,"active_gp_count":0,"gps_per_1000":0,"access_class":"desert","access_band":0,"is_desert":1,"nearest_gp_km":9.1,"nearest_gp_minutes":10,"nearest_gp_settlement":"Méra","nearest_gp_method":"road","vacant_count":1,"persistently_vacant_count":1,"longest_vacancy_days":4230}},
{"type":"Feature","geometry":{"type":"Point","coordinates":[18.2388,47.0579]},"properties":{"name":"Füle","county":"Fejér","population":851,"active_gp_count":1,"gps_per_1000":1.18,"access_class":"ok","access_band":4,"is_desert":0,"nearest_gp_km":0,"nearest_gp_minutes":0,"nearest_gp_settlement":null,"nearest_gp_method":null,"vacant_count":1,"persistently_vacant_count":1,"longest_vacancy_days":943}},
{"type":"Feature","geometry":{"type":"Point","coordinates":[18.3079,46.7324]},"properties":{"name":"Fürged","county":"Tolna","population":622,"active_gp_count":0,"gps_per_1000":0,"access_class":"desert","access_band":0,"is_desert":1,"nearest_gp_km":15,"nearest_gp_minutes":19,"nearest_gp_settlement":"Igar","nearest_gp_method":"road","vacant_count":1,"persistently_vacant_count":1,"longest_vacancy_days":1096}},
{"type":"Feature","geometry":{"type":"Point","coordinates":[20.3898,47.7537]},"properties":{"name":"Füzesabony","county":"Heves","population":7098,"active_gp_count":3,"gps_per_1000":0.42,"access_class":"moderate","access_band":3,"is_desert":0,"nearest_gp_km":0,"nearest_gp_minutes":0,"nearest_gp_settlement":null,"nearest_gp_method":null,"vacant_count":2,"persistently_vacant_count":1,"longest_vacancy_days":1096}},
{"type":"Feature","geometry":{"type":"Point","coordinates":[21.651,47.2528]},"properties":{"name":"Gáborján","county":"Hajdú-Bihar","population":832,"active_gp_count":0,"gps_per_1000":0,"access_class":"desert","access_band":0,"is_desert":1,"nearest_gp_km":12.1,"nearest_gp_minutes":16,"nearest_gp_settlement":"Esztár","nearest_gp_method":"road","vacant_count":1,"persistently_vacant_count":1,"longest_vacancy_days":4260}},
{"type":"Feature","geometry":{"type":"Point","coordinates":[18.0101,46.5432]},"properties":{"name":"Gadács","county":"Somogy","population":74,"active_gp_count":0,"gps_per_1000":0,"access_class":"desert","access_band":0,"is_desert":1,"nearest_gp_km":7.2,"nearest_gp_minutes":9,"nearest_gp_settlement":"Igal","nearest_gp_method":"road","vacant_count":1,"persistently_vacant_count":1,"longest_vacancy_days":456}},
{"type":"Feature","geometry":{"type":"Point","coordinates":[20.5992,46.6759]},"properties":{"name":"Gádoros","county":"Békés","population":3254,"active_gp_count":2,"gps_per_1000":0.61,"access_class":"ok","access_band":4,"is_desert":0,"nearest_gp_km":0,"nearest_gp_minutes":0,"nearest_gp_settlement":null,"nearest_gp_method":null,"vacant_count":1,"persistently_vacant_count":1,"longest_vacancy_days":1826}},
{"type":"Feature","geometry":{"type":"Point","coordinates":[19.3825,47.7352]},"properties":{"name":"Galgagyörk","county":"Pest","population":930,"active_gp_count":1,"gps_per_1000":1.08,"access_class":"ok","access_band":4,"is_desert":0,"nearest_gp_km":0,"nearest_gp_minutes":0,"nearest_gp_settlement":null,"nearest_gp_method":null,"vacant_count":1,"persistently_vacant_count":1,"longest_vacancy_days":2129}},
{"type":"Feature","geometry":{"type":"Point","coordinates":[22.8695,47.9479]},"properties":{"name":"Garbolc","county":"Szabolcs-Szatmár-Bereg","population":124,"active_gp_count":0,"gps_per_1000":0,"access_class":"desert","access_band":0,"is_desert":1,"nearest_gp_km":6.5,"nearest_gp_minutes":8,"nearest_gp_settlement":"Rozsály","nearest_gp_method":"road","vacant_count":1,"persistently_vacant_count":0,"longest_vacancy_days":150}},
{"type":"Feature","geometry":{"type":"Point","coordinates":[18.6155,47.1827]},"properties":{"name":"Gárdony","county":"Fejér","population":13811,"active_gp_count":5,"gps_per_1000":0.36,"access_class":"low","access_band":2,"is_desert":0,"nearest_gp_km":0,"nearest_gp_minutes":0,"nearest_gp_settlement":null,"nearest_gp_method":null,"vacant_count":1,"persistently_vacant_count":1,"longest_vacancy_days":821}},
{"type":"Feature","geometry":{"type":"Point","coordinates":[16.4526,46.9674]},"properties":{"name":"Gasztony","county":"Vas","population":404,"active_gp_count":0,"gps_per_1000":0,"access_class":"desert","access_band":0,"is_desert":1,"nearest_gp_km":5.5,"nearest_gp_minutes":7,"nearest_gp_settlement":"Rábagyarmat","nearest_gp_method":"road","vacant_count":1,"persistently_vacant_count":0,"longest_vacancy_days":1461}},
{"type":"Feature","geometry":{"type":"Point","coordinates":[18.9077,46.6112]},"properties":{"name":"Géderlak","county":"Bács-Kiskun","population":864,"active_gp_count":0,"gps_per_1000":0,"access_class":"desert","access_band":0,"is_desert":1,"nearest_gp_km":6.9,"nearest_gp_minutes":10,"nearest_gp_settlement":"Uszód","nearest_gp_method":"road","vacant_count":1,"persistently_vacant_count":1,"longest_vacancy_days":1126}},
{"type":"Feature","geometry":{"type":"Point","coordinates":[22.4352,48.1871]},"properties":{"name":"Gelénes","county":"Szabolcs-Szatmár-Bereg","population":496,"active_gp_count":0,"gps_per_1000":0,"access_class":"desert","access_band":0,"is_desert":1,"nearest_gp_km":6.9,"nearest_gp_minutes":11,"nearest_gp_settlement":"Csaroda","nearest_gp_method":"road","vacant_count":1,"persistently_vacant_count":1,"longest_vacancy_days":1338}},
{"type":"Feature","geometry":{"type":"Point","coordinates":[18.1882,46.3122]},"properties":{"name":"Gerényes","county":"Baranya","population":203,"active_gp_count":0,"gps_per_1000":0,"access_class":"desert","access_band":0,"is_desert":1,"nearest_gp_km":9.9,"nearest_gp_minutes":13,"nearest_gp_settlement":"Kaposszekcső","nearest_gp_method":"road","vacant_count":1,"persistently_vacant_count":1,"longest_vacancy_days":4079}},
{"type":"Feature","geometry":{"type":"Point","coordinates":[21.5491,46.8943]},"properties":{"name":"Geszt","county":"Békés","population":642,"active_gp_count":0,"gps_per_1000":0,"access_class":"desert","access_band":0,"is_desert":1,"nearest_gp_km":14,"nearest_gp_minutes":17,"nearest_gp_settlement":"Zsadány","nearest_gp_method":"road","vacant_count":1,"persistently_vacant_count":1,"longest_vacancy_days":7486}},
{"type":"Feature","geometry":{"type":"Point","coordinates":[21.1809,48.2278]},"properties":{"name":"Golop","county":"Borsod-Abaúj-Zemplén","population":568,"active_gp_count":0,"gps_per_1000":0,"access_class":"desert","access_band":0,"is_desert":1,"nearest_gp_km":4.7,"nearest_gp_minutes":7,"nearest_gp_settlement":"Monok","nearest_gp_method":"road","vacant_count":1,"persistently_vacant_count":1,"longest_vacancy_days":242}},
{"type":"Feature","geometry":{"type":"Point","coordinates":[19.1543,47.6852]},"properties":{"name":"Göd","county":"Pest","population":21838,"active_gp_count":9,"gps_per_1000":0.41,"access_class":"moderate","access_band":3,"is_desert":0,"nearest_gp_km":0,"nearest_gp_minutes":0,"nearest_gp_settlement":null,"nearest_gp_method":null,"vacant_count":1,"persistently_vacant_count":1,"longest_vacancy_days":334}},
{"type":"Feature","geometry":{"type":"Point","coordinates":[19.3723,47.6]},"properties":{"name":"Gödöllő","county":"Pest","population":32410,"active_gp_count":17,"gps_per_1000":0.52,"access_class":"moderate","access_band":3,"is_desert":0,"nearest_gp_km":0,"nearest_gp_minutes":0,"nearest_gp_settlement":null,"nearest_gp_method":null,"vacant_count":1,"persistently_vacant_count":1,"longest_vacancy_days":2007}},
{"type":"Feature","geometry":{"type":"Point","coordinates":[17.9755,46.2719]},"properties":{"name":"Gödre","county":"Baranya","population":708,"active_gp_count":0,"gps_per_1000":0,"access_class":"desert","access_band":0,"is_desert":1,"nearest_gp_km":10.5,"nearest_gp_minutes":11,"nearest_gp_settlement":"Szentbalázs","nearest_gp_method":"road","vacant_count":1,"persistently_vacant_count":1,"longest_vacancy_days":1369}},
{"type":"Feature","geometry":{"type":"Point","coordinates":[16.7488,46.6506]},"properties":{"name":"Gutorfölde","county":"Zala","population":849,"active_gp_count":0,"gps_per_1000":0,"access_class":"desert","access_band":0,"is_desert":1,"nearest_gp_km":9.3,"nearest_gp_minutes":13,"nearest_gp_settlement":"Zalatárnok","nearest_gp_method":"road","vacant_count":1,"persistently_vacant_count":1,"longest_vacancy_days":1642}},
{"type":"Feature","geometry":{"type":"Point","coordinates":[19.2243,47.37]},"properties":{"name":"Gyál","county":"Pest","population":24267,"active_gp_count":11,"gps_per_1000":0.45,"access_class":"moderate","access_band":3,"is_desert":0,"nearest_gp_km":0,"nearest_gp_minutes":0,"nearest_gp_settlement":null,"nearest_gp_method":null,"vacant_count":1,"persistently_vacant_count":1,"longest_vacancy_days":1369}},
{"type":"Feature","geometry":{"type":"Point","coordinates":[16.775,47.1199]},"properties":{"name":"Gyanógeregye","county":"Vas","population":154,"active_gp_count":0,"gps_per_1000":0,"access_class":"desert","access_band":0,"is_desert":1,"nearest_gp_km":6.3,"nearest_gp_minutes":9,"nearest_gp_settlement":"Rum","nearest_gp_method":"road","vacant_count":1,"persistently_vacant_count":0,"longest_vacancy_days":852}},
{"type":"Feature","geometry":{"type":"Point","coordinates":[20.8474,46.9477]},"properties":{"name":"Gyomaendrőd","county":"Békés","population":11828,"active_gp_count":7,"gps_per_1000":0.59,"access_class":"moderate","access_band":3,"is_desert":0,"nearest_gp_km":0,"nearest_gp_minutes":0,"nearest_gp_settlement":null,"nearest_gp_method":null,"vacant_count":3,"persistently_vacant_count":3,"longest_vacancy_days":4564}},
{"type":"Feature","geometry":{"type":"Point","coordinates":[17.5562,47.4939]},"properties":{"name":"Gyömöre","county":"Győr-Moson-Sopron","population":1244,"active_gp_count":0,"gps_per_1000":0,"access_class":"desert","access_band":0,"is_desert":1,"nearest_gp_km":4.2,"nearest_gp_minutes":6,"nearest_gp_settlement":"Szerecseny","nearest_gp_method":"road","vacant_count":2,"persistently_vacant_count":1,"longest_vacancy_days":515}},
{"type":"Feature","geometry":{"type":"Point","coordinates":[19.9717,47.8093]},"properties":{"name":"Gyöngyös","county":"Heves","population":27294,"active_gp_count":20,"gps_per_1000":0.73,"access_class":"ok","access_band":4,"is_desert":0,"nearest_gp_km":0,"nearest_gp_minutes":0,"nearest_gp_settlement":null,"nearest_gp_method":null,"vacant_count":2,"persistently_vacant_count":2,"longest_vacancy_days":2068}},
{"type":"Feature","geometry":{"type":"Point","coordinates":[16.5876,47.3156]},"properties":{"name":"Gyöngyösfalu","county":"Vas","population":1080,"active_gp_count":1,"gps_per_1000":0.93,"access_class":"ok","access_band":4,"is_desert":0,"nearest_gp_km":0,"nearest_gp_minutes":0,"nearest_gp_settlement":null,"nearest_gp_method":null,"vacant_count":1,"persistently_vacant_count":0,"longest_vacancy_days":456}},
{"type":"Feature","geometry":{"type":"Point","coordinates":[19.9161,47.7386]},"properties":{"name":"Gyöngyöshalász","county":"Heves","population":2576,"active_gp_count":0,"gps_per_1000":0,"access_class":"desert","access_band":0,"is_desert":1,"nearest_gp_km":5.5,"nearest_gp_minutes":7,"nearest_gp_settlement":"Atkár","nearest_gp_method":"road","vacant_count":1,"persistently_vacant_count":1,"longest_vacancy_days":1522}},
{"type":"Feature","geometry":{"type":"Point","coordinates":[18.4881,46.5688]},"properties":{"name":"Gyönk","county":"Tolna","population":1602,"active_gp_count":2,"gps_per_1000":1.25,"access_class":"ok","access_band":4,"is_desert":0,"nearest_gp_km":0,"nearest_gp_minutes":0,"nearest_gp_settlement":null,"nearest_gp_method":null,"vacant_count":2,"persistently_vacant_count":2,"longest_vacancy_days":7396}},
{"type":"Feature","geometry":{"type":"Point","coordinates":[17.6688,47.6696]},"properties":{"name":"Győr","county":"Győr-Moson-Sopron","population":129373,"active_gp_count":69,"gps_per_1000":0.53,"access_class":"moderate","access_band":3,"is_desert":0,"nearest_gp_km":0,"nearest_gp_minutes":0,"nearest_gp_settlement":null,"nearest_gp_method":null,"vacant_count":11,"persistently_vacant_count":9,"longest_vacancy_days":1611}},
{"type":"Feature","geometry":{"type":"Point","coordinates":[17.8129,47.4931]},"properties":{"name":"Győrasszonyfa","county":"Győr-Moson-Sopron","population":506,"active_gp_count":0,"gps_per_1000":0,"access_class":"desert","access_band":0,"is_desert":1,"nearest_gp_km":10.6,"nearest_gp_minutes":12,"nearest_gp_settlement":"Pannonhalma","nearest_gp_method":"road","vacant_count":1,"persistently_vacant_count":1,"longest_vacancy_days":821}},
{"type":"Feature","geometry":{"type":"Point","coordinates":[21.632,48.2171]},"properties":{"name":"Györgytarló","county":"Borsod-Abaúj-Zemplén","population":463,"active_gp_count":0,"gps_per_1000":0,"access_class":"desert","access_band":0,"is_desert":1,"nearest_gp_km":16.7,"nearest_gp_minutes":23,"nearest_gp_settlement":"Tiszakarád","nearest_gp_method":"road","vacant_count":1,"persistently_vacant_count":1,"longest_vacancy_days":7943}},
{"type":"Feature","geometry":{"type":"Point","coordinates":[17.5742,47.7683]},"properties":{"name":"Győrladamér","county":"Győr-Moson-Sopron","population":1937,"active_gp_count":1,"gps_per_1000":0.52,"access_class":"moderate","access_band":3,"is_desert":0,"nearest_gp_km":0,"nearest_gp_minutes":0,"nearest_gp_settlement":null,"nearest_gp_method":null,"vacant_count":1,"persistently_vacant_count":1,"longest_vacancy_days":1034}},
{"type":"Feature","geometry":{"type":"Point","coordinates":[17.5749,47.5642]},"properties":{"name":"Győrszemere","county":"Győr-Moson-Sopron","population":3617,"active_gp_count":0,"gps_per_1000":0,"access_class":"desert","access_band":0,"is_desert":1,"nearest_gp_km":8.8,"nearest_gp_minutes":14,"nearest_gp_settlement":"Tényő","nearest_gp_method":"road","vacant_count":1,"persistently_vacant_count":1,"longest_vacancy_days":821}},
{"type":"Feature","geometry":{"type":"Point","coordinates":[17.6037,47.7245]},"properties":{"name":"Győrújfalu","county":"Győr-Moson-Sopron","population":2519,"active_gp_count":0,"gps_per_1000":0,"access_class":"desert","access_band":0,"is_desert":1,"nearest_gp_km":8.3,"nearest_gp_minutes":14,"nearest_gp_settlement":"Dunaszeg","nearest_gp_method":"road","vacant_count":2,"persistently_vacant_count":2,"longest_vacancy_days":1034}},
{"type":"Feature","geometry":{"type":"Point","coordinates":[16.8495,46.9874]},"properties":{"name":"Győrvár","county":"Vas","population":601,"active_gp_count":0,"gps_per_1000":0,"access_class":"desert","access_band":0,"is_desert":1,"nearest_gp_km":7.7,"nearest_gp_minutes":9,"nearest_gp_settlement":"Egervár","nearest_gp_method":"road","vacant_count":1,"persistently_vacant_count":0,"longest_vacancy_days":1338}},
{"type":"Feature","geometry":{"type":"Point","coordinates":[17.5922,47.7621]},"properties":{"name":"Győrzámoly","county":"Győr-Moson-Sopron","population":3994,"active_gp_count":0,"gps_per_1000":0,"access_class":"desert","access_band":0,"is_desert":1,"nearest_gp_km":6.2,"nearest_gp_minutes":12,"nearest_gp_settlement":"Dunaszeg","nearest_gp_method":"road","vacant_count":2,"persistently_vacant_count":2,"longest_vacancy_days":1034}},
{"type":"Feature","geometry":{"type":"Point","coordinates":[21.2344,46.6315]},"properties":{"name":"Gyula","county":"Békés","population":27616,"active_gp_count":18,"gps_per_1000":0.65,"access_class":"ok","access_band":4,"is_desert":0,"nearest_gp_km":0,"nearest_gp_minutes":0,"nearest_gp_settlement":null,"nearest_gp_method":null,"vacant_count":1,"persistently_vacant_count":1,"longest_vacancy_days":1764}},
{"type":"Feature","geometry":{"type":"Point","coordinates":[18.2842,46.5271]},"properties":{"name":"Gyulaj","county":"Tolna","population":772,"active_gp_count":0,"gps_per_1000":0,"access_class":"desert","access_band":0,"is_desert":1,"nearest_gp_km":10.3,"nearest_gp_minutes":17,"nearest_gp_settlement":"Kurd","nearest_gp_method":"road","vacant_count":1,"persistently_vacant_count":1,"longest_vacancy_days":7547}},
{"type":"Feature","geometry":{"type":"Point","coordinates":[22.5712,47.9266]},"properties":{"name":"Gyügye","county":"Szabolcs-Szatmár-Bereg","population":273,"active_gp_count":0,"gps_per_1000":0,"access_class":"desert","access_band":0,"is_desert":1,"nearest_gp_km":6.5,"nearest_gp_minutes":12,"nearest_gp_settlement":"Nagyszekeres","nearest_gp_method":"road","vacant_count":1,"persistently_vacant_count":1,"longest_vacancy_days":3652}},
{"type":"Feature","geometry":{"type":"Point","coordinates":[21.5164,47.8529]},"properties":{"name":"Hajdúdorog","county":"Hajdú-Bihar","population":8272,"active_gp_count":5,"gps_per_1000":0.6,"access_class":"ok","access_band":4,"is_desert":0,"nearest_gp_km":0,"nearest_gp_minutes":0,"nearest_gp_settlement":null,"nearest_gp_method":null,"vacant_count":1,"persistently_vacant_count":1,"longest_vacancy_days":273}},
{"type":"Feature","geometry":{"type":"Point","coordinates":[21.6861,47.6749]},"properties":{"name":"Hajdúhadház","county":"Hajdú-Bihar","population":13104,"active_gp_count":5,"gps_per_1000":0.38,"access_class":"low","access_band":2,"is_desert":0,"nearest_gp_km":0,"nearest_gp_minutes":0,"nearest_gp_settlement":null,"nearest_gp_method":null,"vacant_count":1,"persistently_vacant_count":1,"longest_vacancy_days":912}},
{"type":"Feature","geometry":{"type":"Point","coordinates":[19.1187,46.3879]},"properties":{"name":"Hajós","county":"Bács-Kiskun","population":2684,"active_gp_count":2,"gps_per_1000":0.75,"access_class":"ok","access_band":4,"is_desert":0,"nearest_gp_km":0,"nearest_gp_minutes":0,"nearest_gp_settlement":null,"nearest_gp_method":null,"vacant_count":1,"persistently_vacant_count":1,"longest_vacancy_days":3468}},
{"type":"Feature","geometry":{"type":"Point","coordinates":[18.9778,47.3691]},"properties":{"name":"Halásztelek","county":"Pest","population":12084,"active_gp_count":5,"gps_per_1000":0.41,"access_class":"moderate","access_band":3,"is_desert":0,"nearest_gp_km":0,"nearest_gp_minutes":0,"nearest_gp_settlement":null,"nearest_gp_method":null,"vacant_count":1,"persistently_vacant_count":1,"longest_vacancy_days":303}},
{"type":"Feature","geometry":{"type":"Point","coordinates":[20.063,47.7631]},"properties":{"name":"Halmajugra","county":"Heves","population":1297,"active_gp_count":0,"gps_per_1000":0,"access_class":"desert","access_band":0,"is_desert":1,"nearest_gp_km":5.4,"nearest_gp_minutes":13,"nearest_gp_settlement":"Detk","nearest_gp_method":"road","vacant_count":1,"persistently_vacant_count":1,"longest_vacancy_days":5295}},
{"type":"Feature","geometry":{"type":"Point","coordinates":[20.857,48.2903]},"properties":{"name":"Hangács","county":"Borsod-Abaúj-Zemplén","population":591,"active_gp_count":0,"gps_per_1000":0,"access_class":"desert","access_band":0,"is_desert":1,"nearest_gp_km":12.6,"nearest_gp_minutes":23,"nearest_gp_settlement":"Borsodszirák","nearest_gp_method":"road","vacant_count":1,"persistently_vacant_count":1,"longest_vacancy_days":273}},
{"type":"Feature","geometry":{"type":"Point","coordinates":[20.1627,48.2137]},"properties":{"name":"Hangony","county":"Borsod-Abaúj-Zemplén","population":1386,"active_gp_count":0,"gps_per_1000":0,"access_class":"desert","access_band":0,"is_desert":1,"nearest_gp_km":11.3,"nearest_gp_minutes":16,"nearest_gp_settlement":"Ózd","nearest_gp_method":"road","vacant_count":1,"persistently_vacant_count":1,"longest_vacancy_days":3560}},
{"type":"Feature","geometry":{"type":"Point","coordinates":[18.7012,46.9937]},"properties":{"name":"Hantos","county":"Fejér","population":831,"active_gp_count":0,"gps_per_1000":0,"access_class":"desert","access_band":0,"is_desert":1,"nearest_gp_km":6.7,"nearest_gp_minutes":8,"nearest_gp_settlement":"Sárosd","nearest_gp_method":"road","vacant_count":1,"persistently_vacant_count":1,"longest_vacancy_days":6787}},
{"type":"Feature","geometry":{"type":"Point","coordinates":[19.5819,46.4883]},"properties":{"name":"Harkakötöny","county":"Bács-Kiskun","population":689,"active_gp_count":0,"gps_per_1000":0,"access_class":"desert","access_band":0,"is_desert":1,"nearest_gp_km":13.1,"nearest_gp_minutes":31,"nearest_gp_settlement":"Kiskunhalas","nearest_gp_method":"road","vacant_count":1,"persistently_vacant_count":1,"longest_vacancy_days":5204}},
{"type":"Feature","geometry":{"type":"Point","coordinates":[17.3202,46.1072]},"properties":{"name":"Háromfa","county":"Somogy","population":622,"active_gp_count":0,"gps_per_1000":0,"access_class":"desert","access_band":0,"is_desert":1,"nearest_gp_km":10.8,"nearest_gp_minutes":24,"nearest_gp_settlement":"Tarany","nearest_gp_method":"road","vacant_count":1,"persistently_vacant_count":1,"longest_vacancy_days":821}},
{"type":"Feature","geometry":{"type":"Point","coordinates":[19.0789,46.6892]},"properties":{"name":"Harta","county":"Bács-Kiskun","population":3310,"active_gp_count":1,"gps_per_1000":0.3,"access_class":"low","access_band":2,"is_desert":0,"nearest_gp_km":0,"nearest_gp_minutes":0,"nearest_gp_settlement":null,"nearest_gp_method":null,"vacant_count":2,"persistently_vacant_count":2,"longest_vacancy_days":5051}},
{"type":"Feature","geometry":{"type":"Point","coordinates":[19.6896,47.6695]},"properties":{"name":"Hatvan","county":"Heves","population":19505,"active_gp_count":10,"gps_per_1000":0.51,"access_class":"moderate","access_band":3,"is_desert":0,"nearest_gp_km":0,"nearest_gp_minutes":0,"nearest_gp_settlement":null,"nearest_gp_method":null,"vacant_count":4,"persistently_vacant_count":4,"longest_vacancy_days":2129}},
{"type":"Feature","geometry":{"type":"Point","coordinates":[17.1575,47.9203]},"properties":{"name":"Hegyeshalom","county":"Győr-Moson-Sopron","population":3663,"active_gp_count":2,"gps_per_1000":0.55,"access_class":"moderate","access_band":3,"is_desert":0,"nearest_gp_km":0,"nearest_gp_minutes":0,"nearest_gp_settlement":null,"nearest_gp_method":null,"vacant_count":1,"persistently_vacant_count":1,"longest_vacancy_days":242}},
{"type":"Feature","geometry":{"type":"Point","coordinates":[16.8793,47.3392]},"properties":{"name":"Hegyfalu","county":"Vas","population":726,"active_gp_count":0,"gps_per_1000":0,"access_class":"desert","access_band":0,"is_desert":1,"nearest_gp_km":7.6,"nearest_gp_minutes":11,"nearest_gp_settlement":"Szeleste","nearest_gp_method":"road","vacant_count":1,"persistently_vacant_count":0,"longest_vacancy_days":912}},
{"type":"Feature","geometry":{"type":"Point","coordinates":[18.3384,46.3047]},"properties":{"name":"Hegyhátmaróc","county":"Baranya","population":118,"active_gp_count":1,"gps_per_1000":8.47,"access_class":"ok","access_band":4,"is_desert":0,"nearest_gp_km":0,"nearest_gp_minutes":0,"nearest_gp_settlement":null,"nearest_gp_method":null,"vacant_count":1,"persistently_vacant_count":1,"longest_vacancy_days":1917}},
{"type":"Feature","geometry":{"type":"Point","coordinates":[16.8023,46.9977]},"properties":{"name":"Hegyhátszentpéter","county":"Vas","population":140,"active_gp_count":0,"gps_per_1000":0,"access_class":"desert","access_band":0,"is_desert":1,"nearest_gp_km":9.1,"nearest_gp_minutes":11,"nearest_gp_settlement":"Gersekarát","nearest_gp_method":"road","vacant_count":1,"persistently_vacant_count":0,"longest_vacancy_days":1338}},
{"type":"Feature","geometry":{"type":"Point","coordinates":[20.8548,48.328]},"properties":{"name":"Hegymeg","county":"Borsod-Abaúj-Zemplén","population":100,"active_gp_count":0,"gps_per_1000":0,"access_class":"desert","access_band":0,"is_desert":1,"nearest_gp_km":11.6,"nearest_gp_minutes":13,"nearest_gp_settlement":"Edelény","nearest_gp_method":"road","vacant_count":1,"persistently_vacant_count":1,"longest_vacancy_days":2373}},
{"type":"Feature","geometry":{"type":"Point","coordinates":[21.2763,48.4225]},"properties":{"name":"Hejce","county":"Borsod-Abaúj-Zemplén","population":219,"active_gp_count":0,"gps_per_1000":0,"access_class":"desert","access_band":0,"is_desert":1,"nearest_gp_km":10.8,"nearest_gp_minutes":13,"nearest_gp_settlement":"Gönc","nearest_gp_method":"road","vacant_count":1,"persistently_vacant_count":1,"longest_vacancy_days":2495}},
{"type":"Feature","geometry":{"type":"Point","coordinates":[20.9476,47.9093]},"properties":{"name":"Hejőbába","county":"Borsod-Abaúj-Zemplén","population":1899,"active_gp_count":0,"gps_per_1000":0,"access_class":"desert","access_band":0,"is_desert":1,"nearest_gp_km":4.2,"nearest_gp_minutes":5,"nearest_gp_settlement":"Sajószöged","nearest_gp_method":"road","vacant_count":1,"persistently_vacant_count":0,"longest_vacancy_days":122}},
{"type":"Feature","geometry":{"type":"Point","coordinates":[20.8956,47.8972]},"properties":{"name":"Hejőpapi","county":"Borsod-Abaúj-Zemplén","population":993,"active_gp_count":0,"gps_per_1000":0,"access_class":"desert","access_band":0,"is_desert":1,"nearest_gp_km":7.6,"nearest_gp_minutes":9,"nearest_gp_settlement":"Hejőkeresztúr","nearest_gp_method":"road","vacant_count":1,"persistently_vacant_count":1,"longest_vacancy_days":2891}},
{"type":"Feature","geometry":{"type":"Point","coordinates":[20.8724,47.9332]},"properties":{"name":"Hejőszalonta","county":"Borsod-Abaúj-Zemplén","population":767,"active_gp_count":0,"gps_per_1000":0,"access_class":"desert","access_band":0,"is_desert":1,"nearest_gp_km":3.2,"nearest_gp_minutes":3,"nearest_gp_settlement":"Hejőkeresztúr","nearest_gp_method":"road","vacant_count":1,"persistently_vacant_count":1,"longest_vacancy_days":7305}},
{"type":"Feature","geometry":{"type":"Point","coordinates":[19.6019,46.8142]},"properties":{"name":"Helvécia","county":"Bács-Kiskun","population":5070,"active_gp_count":1,"gps_per_1000":0.2,"access_class":"low","access_band":2,"is_desert":0,"nearest_gp_km":0,"nearest_gp_minutes":0,"nearest_gp_settlement":null,"nearest_gp_method":null,"vacant_count":1,"persistently_vacant_count":1,"longest_vacancy_days":546}},
{"type":"Feature","geometry":{"type":"Point","coordinates":[21.7072,47.2497]},"properties":{"name":"Hencida","county":"Hajdú-Bihar","population":1108,"active_gp_count":0,"gps_per_1000":0,"access_class":"desert","access_band":0,"is_desert":1,"nearest_gp_km":8.2,"nearest_gp_minutes":12,"nearest_gp_settlement":"Esztár","nearest_gp_method":"road","vacant_count":1,"persistently_vacant_count":1,"longest_vacancy_days":2707}},
{"type":"Feature","geometry":{"type":"Point","coordinates":[19.495,47.962]},"properties":{"name":"Herencsény","county":"Nógrád","population":549,"active_gp_count":0,"gps_per_1000":0,"access_class":"desert","access_band":0,"is_desert":1,"nearest_gp_km":9.2,"nearest_gp_minutes":9,"nearest_gp_settlement":"Cserhátszentiván","nearest_gp_method":"road","vacant_count":1,"persistently_vacant_count":1,"longest_vacancy_days":3682}},
{"type":"Feature","geometry":{"type":"Point","coordinates":[17.7428,47.1528]},"properties":{"name":"Herend","county":"Veszprém","population":3438,"active_gp_count":2,"gps_per_1000":0.58,"access_class":"moderate","access_band":3,"is_desert":0,"nearest_gp_km":0,"nearest_gp_minutes":0,"nearest_gp_settlement":null,"nearest_gp_method":null,"vacant_count":1,"persistently_vacant_count":1,"longest_vacancy_days":730}},
{"type":"Feature","geometry":{"type":"Point","coordinates":[17.2808,46.0658]},"properties":{"name":"Heresznye","county":"Somogy","population":257,"active_gp_count":0,"gps_per_1000":0,"access_class":"desert","access_band":0,"is_desert":1,"nearest_gp_km":18.6,"nearest_gp_minutes":24,"nearest_gp_settlement":"Csokonyavisonta","nearest_gp_method":"road","vacant_count":1,"persistently_vacant_count":1,"longest_vacancy_days":4048}},
{"type":"Feature","geometry":{"type":"Point","coordinates":[21.187,48.3497]},"properties":{"name":"Hernádcéce","county":"Borsod-Abaúj-Zemplén","population":250,"active_gp_count":0,"gps_per_1000":0,"access_class":"desert","access_band":0,"is_desert":1,"nearest_gp_km":6.9,"nearest_gp_minutes":9,"nearest_gp_settlement":"Boldogkőváralja","nearest_gp_method":"road","vacant_count":1,"persistently_vacant_count":1,"longest_vacancy_days":1034}},
{"type":"Feature","geometry":{"type":"Point","coordinates":[21.166,48.4867]},"properties":{"name":"Hernádpetri","county":"Borsod-Abaúj-Zemplén","population":198,"active_gp_count":0,"gps_per_1000":0,"access_class":"desert","access_band":0,"is_desert":1,"nearest_gp_km":10.8,"nearest_gp_minutes":16,"nearest_gp_settlement":"Novajidrány","nearest_gp_method":"road","vacant_count":1,"persistently_vacant_count":1,"longest_vacancy_days":7943}},
{"type":"Feature","geometry":{"type":"Point","coordinates":[21.1659,48.4512]},"properties":{"name":"Hernádvécse","county":"Borsod-Abaúj-Zemplén","population":1064,"active_gp_count":0,"gps_per_1000":0,"access_class":"desert","access_band":0,"is_desert":1,"nearest_gp_km":6.8,"nearest_gp_minutes":10,"nearest_gp_settlement":"Novajidrány","nearest_gp_method":"road","vacant_count":1,"persistently_vacant_count":1,"longest_vacancy_days":7943}},
{"type":"Feature","geometry":{"type":"Point","coordinates":[20.3891,48.2873]},"properties":{"name":"Hét","county":"Borsod-Abaúj-Zemplén","population":435,"active_gp_count":0,"gps_per_1000":0,"access_class":"desert","access_band":0,"is_desert":1,"nearest_gp_km":8.5,"nearest_gp_minutes":11,"nearest_gp_settlement":"Putnok","nearest_gp_method":"road","vacant_count":1,"persistently_vacant_count":1,"longest_vacancy_days":273}},
{"type":"Feature","geometry":{"type":"Point","coordinates":[18.0187,46.1476]},"properties":{"name":"Hetvehely","county":"Baranya","population":437,"active_gp_count":0,"gps_per_1000":0,"access_class":"desert","access_band":0,"is_desert":1,"nearest_gp_km":3.9,"nearest_gp_minutes":8,"nearest_gp_settlement":"Bükkösd","nearest_gp_method":"road","vacant_count":1,"persistently_vacant_count":1,"longest_vacancy_days":2952}},
{"type":"Feature","geometry":{"type":"Point","coordinates":[20.2745,47.5999]},"properties":{"name":"Heves","county":"Heves","population":9870,"active_gp_count":6,"gps_per_1000":0.61,"access_class":"ok","access_band":4,"is_desert":0,"nearest_gp_km":0,"nearest_gp_minutes":0,"nearest_gp_settlement":null,"nearest_gp_method":null,"vacant_count":1,"persistently_vacant_count":1,"longest_vacancy_days":4656}},
{"type":"Feature","geometry":{"type":"Point","coordinates":[17.023,47.5259]},"properties":{"name":"Himod","county":"Győr-Moson-Sopron","population":623,"active_gp_count":0,"gps_per_1000":0,"access_class":"desert","access_band":0,"is_desert":1,"nearest_gp_km":7.2,"nearest_gp_minutes":8,"nearest_gp_settlement":"Mihályi","nearest_gp_method":"road","vacant_count":1,"persistently_vacant_count":1,"longest_vacancy_days":4625}},
{"type":"Feature","geometry":{"type":"Point","coordinates":[17.7805,46.0135]},"properties":{"name":"Hobol","county":"Baranya","population":870,"active_gp_count":0,"gps_per_1000":0,"access_class":"desert","access_band":0,"is_desert":1,"nearest_gp_km":7.7,"nearest_gp_minutes":12,"nearest_gp_settlement":"Szigetvár","nearest_gp_method":"road","vacant_count":1,"persistently_vacant_count":1,"longest_vacancy_days":303}},
{"type":"Feature","geometry":{"type":"Point","coordinates":[20.384,46.4118]},"properties":{"name":"Hódmezővásárhely","county":"Csongrád-Csanád","population":41669,"active_gp_count":30,"gps_per_1000":0.72,"access_class":"ok","access_band":4,"is_desert":0,"nearest_gp_km":0,"nearest_gp_minutes":0,"nearest_gp_settlement":null,"nearest_gp_method":null,"vacant_count":2,"persistently_vacant_count":2,"longest_vacancy_days":1673}},
{"type":"Feature","geometry":{"type":"Point","coordinates":[21.4093,48.5453]},"properties":{"name":"Hollóháza","county":"Borsod-Abaúj-Zemplén","population":735,"active_gp_count":0,"gps_per_1000":0,"access_class":"desert","access_band":0,"is_desert":1,"nearest_gp_km":5.2,"nearest_gp_minutes":8,"nearest_gp_settlement":"Füzérkomlós","nearest_gp_method":"road","vacant_count":1,"persistently_vacant_count":1,"longest_vacancy_days":4898}},
{"type":"Feature","geometry":{"type":"Point","coordinates":[19.5893,47.9983]},"properties":{"name":"Hollókő","county":"Nógrád","population":308,"active_gp_count":0,"gps_per_1000":0,"access_class":"desert","access_band":0,"is_desert":1,"nearest_gp_km":9.8,"nearest_gp_minutes":12,"nearest_gp_settlement":"Rimóc","nearest_gp_method":"road","vacant_count":1,"persistently_vacant_count":1,"longest_vacancy_days":730}},
{"type":"Feature","geometry":{"type":"Point","coordinates":[19.112,46.483]},"properties":{"name":"Homokmégy","county":"Bács-Kiskun","population":1174,"active_gp_count":0,"gps_per_1000":0,"access_class":"desert","access_band":0,"is_desert":1,"nearest_gp_km":13.7,"nearest_gp_minutes":16,"nearest_gp_settlement":"Kalocsa","nearest_gp_method":"road","vacant_count":1,"persistently_vacant_count":1,"longest_vacancy_days":912}},
{"type":"Feature","geometry":{"type":"Point","coordinates":[18.8064,45.9619]},"properties":{"name":"Homorúd","county":"Baranya","population":522,"active_gp_count":0,"gps_per_1000":0,"access_class":"desert","access_band":0,"is_desert":1,"nearest_gp_km":11.2,"nearest_gp_minutes":15,"nearest_gp_settlement":"Mohács","nearest_gp_method":"road","vacant_count":1,"persistently_vacant_count":1,"longest_vacancy_days":3287}},
{"type":"Feature","geometry":{"type":"Point","coordinates":[19.1334,47.9956]},"properties":{"name":"Horpács","county":"Nógrád","population":152,"active_gp_count":0,"gps_per_1000":0,"access_class":"desert","access_band":0,"is_desert":1,"nearest_gp_km":8,"nearest_gp_minutes":9,"nearest_gp_settlement":"Dejtár","nearest_gp_method":"road","vacant_count":1,"persistently_vacant_count":1,"longest_vacancy_days":912}},
{"type":"Feature","geometry":{"type":"Point","coordinates":[17.938,46.179]},"properties":{"name":"Horváthertelend","county":"Baranya","population":51,"active_gp_count":0,"gps_per_1000":0,"access_class":"desert","access_band":0,"is_desert":1,"nearest_gp_km":11.8,"nearest_gp_minutes":18,"nearest_gp_settlement":"Szentlászló","nearest_gp_method":"road","vacant_count":1,"persistently_vacant_count":1,"longest_vacancy_days":7943}},
{"type":"Feature","geometry":{"type":"Point","coordinates":[18.4127,46.5074]},"properties":{"name":"Hőgyész","county":"Tolna","population":2501,"active_gp_count":1,"gps_per_1000":0.4,"access_class":"moderate","access_band":3,"is_desert":0,"nearest_gp_km":0,"nearest_gp_minutes":0,"nearest_gp_settlement":null,"nearest_gp_method":null,"vacant_count":1,"persistently_vacant_count":1,"longest_vacancy_days":1611}},
{"type":"Feature","geometry":{"type":"Point","coordinates":[17.0134,47.5504]},"properties":{"name":"Hövej","county":"Győr-Moson-Sopron","population":335,"active_gp_count":0,"gps_per_1000":0,"access_class":"desert","access_band":0,"is_desert":1,"nearest_gp_km":10.9,"nearest_gp_minutes":13,"nearest_gp_settlement":"Agyagosszergény","nearest_gp_method":"road","vacant_count":1,"persistently_vacant_count":1,"longest_vacancy_days":4625}},
{"type":"Feature","geometry":{"type":"Point","coordinates":[20.8424,46.8106]},"properties":{"name":"Hunya","county":"Békés","population":551,"active_gp_count":0,"gps_per_1000":0,"access_class":"desert","access_band":0,"is_desert":1,"nearest_gp_km":10.9,"nearest_gp_minutes":13,"nearest_gp_settlement":"Kondoros","nearest_gp_method":"road","vacant_count":1,"persistently_vacant_count":1,"longest_vacancy_days":973}},
{"type":"Feature","geometry":{"type":"Point","coordinates":[20.3673,47.3134]},"properties":{"name":"Hunyadfalva","county":"Jász-Nagykun-Szolnok","population":163,"active_gp_count":0,"gps_per_1000":0,"access_class":"desert","access_band":0,"is_desert":1,"nearest_gp_km":8.4,"nearest_gp_minutes":12,"nearest_gp_settlement":"Nagykörű","nearest_gp_method":"road","vacant_count":1,"persistently_vacant_count":1,"longest_vacancy_days":456}},
{"type":"Feature","geometry":{"type":"Point","coordinates":[17.9386,46.1474]},"properties":{"name":"Ibafa","county":"Baranya","population":179,"active_gp_count":0,"gps_per_1000":0,"access_class":"desert","access_band":0,"is_desert":1,"nearest_gp_km":12.2,"nearest_gp_minutes":19,"nearest_gp_settlement":"Szentlászló","nearest_gp_method":"road","vacant_count":1,"persistently_vacant_count":1,"longest_vacancy_days":7943}},
{"type":"Feature","geometry":{"type":"Point","coordinates":[21.7054,48.134]},"properties":{"name":"Ibrány","county":"Szabolcs-Szatmár-Bereg","population":6256,"active_gp_count":4,"gps_per_1000":0.64,"access_class":"ok","access_band":4,"is_desert":0,"nearest_gp_km":0,"nearest_gp_minutes":0,"nearest_gp_settlement":null,"nearest_gp_method":null,"vacant_count":1,"persistently_vacant_count":1,"longest_vacancy_days":1096}},
{"type":"Feature","geometry":{"type":"Point","coordinates":[20.8753,47.8728]},"properties":{"name":"Igrici","county":"Borsod-Abaúj-Zemplén","population":1071,"active_gp_count":0,"gps_per_1000":0,"access_class":"desert","access_band":0,"is_desert":1,"nearest_gp_km":8.5,"nearest_gp_minutes":12,"nearest_gp_settlement":"Mezőcsát","nearest_gp_method":"road","vacant_count":1,"persistently_vacant_count":1,"longest_vacancy_days":5264}},
{"type":"Feature","geometry":{"type":"Point","coordinates":[17.12,46.339]},"properties":{"name":"Iharos","county":"Somogy","population":431,"active_gp_count":1,"gps_per_1000":2.32,"access_class":"ok","access_band":4,"is_desert":0,"nearest_gp_km":0,"nearest_gp_minutes":0,"nearest_gp_settlement":null,"nearest_gp_method":null,"vacant_count":1,"persistently_vacant_count":1,"longest_vacancy_days":1734}},
{"type":"Feature","geometry":{"type":"Point","coordinates":[17.1187,46.3841]},"properties":{"name":"Iharosberény","county":"Somogy","population":1147,"active_gp_count":1,"gps_per_1000":0.87,"access_class":"ok","access_band":4,"is_desert":0,"nearest_gp_km":0,"nearest_gp_minutes":0,"nearest_gp_settlement":null,"nearest_gp_method":null,"vacant_count":1,"persistently_vacant_count":1,"longest_vacancy_days":1734}},
{"type":"Feature","geometry":{"type":"Point","coordinates":[16.8917,47.197]},"properties":{"name":"Ikervár","county":"Vas","population":1621,"active_gp_count":1,"gps_per_1000":0.62,"access_class":"ok","access_band":4,"is_desert":0,"nearest_gp_km":0,"nearest_gp_minutes":0,"nearest_gp_settlement":null,"nearest_gp_method":null,"vacant_count":1,"persistently_vacant_count":0,"longest_vacancy_days":2404}},
{"type":"Feature","geometry":{"type":"Point","coordinates":[16.6135,46.6079]},"properties":{"name":"Iklódbördőce","county":"Zala","population":257,"active_gp_count":0,"gps_per_1000":0,"access_class":"desert","access_band":0,"is_desert":1,"nearest_gp_km":7.2,"nearest_gp_minutes":9,"nearest_gp_settlement":"Lenti","nearest_gp_method":"road","vacant_count":1,"persistently_vacant_count":1,"longest_vacancy_days":1826}},
{"type":"Feature","geometry":{"type":"Point","coordinates":[17.5439,47.6596]},"properties":{"name":"Ikrény","county":"Győr-Moson-Sopron","population":1839,"active_gp_count":0,"gps_per_1000":0,"access_class":"desert","access_band":0,"is_desert":1,"nearest_gp_km":8,"nearest_gp_minutes":12,"nearest_gp_settlement":"Abda","nearest_gp_method":"road","vacant_count":1,"persistently_vacant_count":1,"longest_vacancy_days":1461}},
{"type":"Feature","geometry":{"type":"Point","coordinates":[19.3011,46.4656]},"properties":{"name":"Imrehegy","county":"Bács-Kiskun","population":586,"active_gp_count":0,"gps_per_1000":0,"access_class":"desert","access_band":0,"is_desert":1,"nearest_gp_km":10.6,"nearest_gp_minutes":15,"nearest_gp_settlement":"Kecel","nearest_gp_method":"road","vacant_count":1,"persistently_vacant_count":1,"longest_vacancy_days":7062}},
{"type":"Feature","geometry":{"type":"Point","coordinates":[19.2405,48.0455]},"properties":{"name":"Ipolyszög","county":"Nógrád","population":553,"active_gp_count":1,"gps_per_1000":1.81,"access_class":"ok","access_band":4,"is_desert":0,"nearest_gp_km":0,"nearest_gp_minutes":0,"nearest_gp_settlement":null,"nearest_gp_method":null,"vacant_count":1,"persistently_vacant_count":1,"longest_vacancy_days":1491}},
{"type":"Feature","geometry":{"type":"Point","coordinates":[19.6367,48.2312]},"properties":{"name":"Ipolytarnóc","county":"Nógrád","population":398,"active_gp_count":0,"gps_per_1000":0,"access_class":"desert","access_band":0,"is_desert":1,"nearest_gp_km":9.9,"nearest_gp_minutes":12,"nearest_gp_settlement":"Egyházasgerge","nearest_gp_method":"road","vacant_count":1,"persistently_vacant_count":1,"longest_vacancy_days":4474}},
{"type":"Feature","geometry":{"type":"Point","coordinates":[18.1749,46.6998]},"properties":{"name":"Iregszemcse","county":"Tolna","population":2382,"active_gp_count":1,"gps_per_1000":0.42,"access_class":"moderate","access_band":3,"is_desert":0,"nearest_gp_km":0,"nearest_gp_minutes":0,"nearest_gp_settlement":null,"nearest_gp_method":null,"vacant_count":1,"persistently_vacant_count":1,"longest_vacancy_days":943}},
{"type":"Feature","geometry":{"type":"Point","coordinates":[20.8803,48.4076]},"properties":{"name":"Irota","county":"Borsod-Abaúj-Zemplén","population":76,"active_gp_count":0,"gps_per_1000":0,"access_class":"desert","access_band":0,"is_desert":1,"nearest_gp_km":16.3,"nearest_gp_minutes":22,"nearest_gp_settlement":"Homrogd","nearest_gp_method":"road","vacant_count":1,"persistently_vacant_count":1,"longest_vacancy_days":2373}},
{"type":"Feature","geometry":{"type":"Point","coordinates":[19.3894,47.5287]},"properties":{"name":"Isaszeg","county":"Pest","population":11556,"active_gp_count":4,"gps_per_1000":0.35,"access_class":"low","access_band":2,"is_desert":0,"nearest_gp_km":0,"nearest_gp_minutes":0,"nearest_gp_settlement":null,"nearest_gp_method":null,"vacant_count":2,"persistently_vacant_count":2,"longest_vacancy_days":1399}},
{"type":"Feature","geometry":{"type":"Point","coordinates":[20.032,48.0932]},"properties":{"name":"Istenmezeje","county":"Heves","population":1232,"active_gp_count":0,"gps_per_1000":0,"access_class":"desert","access_band":0,"is_desert":1,"nearest_gp_km":11.2,"nearest_gp_minutes":15,"nearest_gp_settlement":"Bükkszenterzsébet","nearest_gp_method":"road","vacant_count":1,"persistently_vacant_count":1,"longest_vacancy_days":273}},
{"type":"Feature","geometry":{"type":"Point","coordinates":[17.5991,46.0206]},"properties":{"name":"Istvándi","county":"Somogy","population":492,"active_gp_count":0,"gps_per_1000":0,"access_class":"desert","access_band":0,"is_desert":1,"nearest_gp_km":5.6,"nearest_gp_minutes":7,"nearest_gp_settlement":"Nagydobsza","nearest_gp_method":"road","vacant_count":1,"persistently_vacant_count":1,"longest_vacancy_days":2007}},
{"type":"Feature","geometry":{"type":"Point","coordinates":[17.3107,47.1639]},"properties":{"name":"Iszkáz","county":"Veszprém","population":330,"active_gp_count":0,"gps_per_1000":0,"access_class":"desert","access_band":0,"is_desert":1,"nearest_gp_km":7.4,"nearest_gp_minutes":10,"nearest_gp_settlement":"Tüskevár","nearest_gp_method":"road","vacant_count":1,"persistently_vacant_count":1,"longest_vacancy_days":3103}},
{"type":"Feature","geometry":{"type":"Point","coordinates":[20.0316,48.029]},"properties":{"name":"Ivád","county":"Heves","population":327,"active_gp_count":1,"gps_per_1000":3.06,"access_class":"ok","access_band":4,"is_desert":0,"nearest_gp_km":0,"nearest_gp_minutes":0,"nearest_gp_settlement":null,"nearest_gp_method":null,"vacant_count":1,"persistently_vacant_count":1,"longest_vacancy_days":3437}},
{"type":"Feature","geometry":{"type":"Point","coordinates":[18.8343,47.1479]},"properties":{"name":"Iváncsa","county":"Fejér","population":2790,"active_gp_count":1,"gps_per_1000":0.36,"access_class":"low","access_band":2,"is_desert":0,"nearest_gp_km":0,"nearest_gp_minutes":0,"nearest_gp_settlement":null,"nearest_gp_method":null,"vacant_count":1,"persistently_vacant_count":1,"longest_vacancy_days":2679}},
{"type":"Feature","geometry":{"type":"Point","coordinates":[17.5448,46.34]},"properties":{"name":"Jákó","county":"Somogy","population":578,"active_gp_count":1,"gps_per_1000":1.73,"access_class":"ok","access_band":4,"is_desert":0,"nearest_gp_km":0,"nearest_gp_minutes":0,"nearest_gp_settlement":null,"nearest_gp_method":null,"vacant_count":1,"persistently_vacant_count":1,"longest_vacancy_days":3560}},
{"type":"Feature","geometry":{"type":"Point","coordinates":[22.6551,47.9344]},"properties":{"name":"Jánkmajtis","county":"Szabolcs-Szatmár-Bereg","population":1647,"active_gp_count":1,"gps_per_1000":0.61,"access_class":"ok","access_band":4,"is_desert":0,"nearest_gp_km":0,"nearest_gp_minutes":0,"nearest_gp_settlement":null,"nearest_gp_method":null,"vacant_count":1,"persistently_vacant_count":1,"longest_vacancy_days":730}},
{"type":"Feature","geometry":{"type":"Point","coordinates":[19.3431,46.2871]},"properties":{"name":"Jánoshalma","county":"Bács-Kiskun","population":7973,"active_gp_count":5,"gps_per_1000":0.63,"access_class":"ok","access_band":4,"is_desert":0,"nearest_gp_km":0,"nearest_gp_minutes":0,"nearest_gp_settlement":null,"nearest_gp_method":null,"vacant_count":1,"persistently_vacant_count":1,"longest_vacancy_days":1522}},
{"type":"Feature","geometry":{"type":"Point","coordinates":[20.0036,47.4124]},"properties":{"name":"Jánoshida","county":"Jász-Nagykun-Szolnok","population":2392,"active_gp_count":1,"gps_per_1000":0.42,"access_class":"moderate","access_band":3,"is_desert":0,"nearest_gp_km":0,"nearest_gp_minutes":0,"nearest_gp_settlement":null,"nearest_gp_method":null,"vacant_count":1,"persistently_vacant_count":1,"longest_vacancy_days":2495}},
{"type":"Feature","geometry":{"type":"Point","coordinates":[17.1247,47.7797]},"properties":{"name":"Jánossomorja","county":"Győr-Moson-Sopron","population":5863,"active_gp_count":3,"gps_per_1000":0.51,"access_class":"moderate","access_band":3,"is_desert":0,"nearest_gp_km":0,"nearest_gp_minutes":0,"nearest_gp_settlement":null,"nearest_gp_method":null,"vacant_count":2,"persistently_vacant_count":2,"longest_vacancy_days":1430}},
{"type":"Feature","geometry":{"type":"Point","coordinates":[18.0232,47.2869]},"properties":{"name":"Jásd","county":"Veszprém","population":631,"active_gp_count":0,"gps_per_1000":0,"access_class":"desert","access_band":0,"is_desert":1,"nearest_gp_km":9.2,"nearest_gp_minutes":13,"nearest_gp_settlement":"Csetény","nearest_gp_method":"road","vacant_count":1,"persistently_vacant_count":1,"longest_vacancy_days":2282}},
{"type":"Feature","geometry":{"type":"Point","coordinates":[20.1451,47.5135]},"properties":{"name":"Jászapáti","county":"Jász-Nagykun-Szolnok","population":8107,"active_gp_count":2,"gps_per_1000":0.25,"access_class":"low","access_band":2,"is_desert":0,"nearest_gp_km":0,"nearest_gp_minutes":0,"nearest_gp_settlement":null,"nearest_gp_method":null,"vacant_count":3,"persistently_vacant_count":3,"longest_vacancy_days":2495}},
{"type":"Feature","geometry":{"type":"Point","coordinates":[19.8969,47.4801]},"properties":{"name":"Jászberény","county":"Jász-Nagykun-Szolnok","population":25323,"active_gp_count":13,"gps_per_1000":0.51,"access_class":"moderate","access_band":3,"is_desert":0,"nearest_gp_km":0,"nearest_gp_minutes":0,"nearest_gp_settlement":null,"nearest_gp_method":null,"vacant_count":4,"persistently_vacant_count":4,"longest_vacancy_days":3560}},
{"type":"Feature","geometry":{"type":"Point","coordinates":[19.7105,47.5685]},"properties":{"name":"Jászfényszaru","county":"Jász-Nagykun-Szolnok","population":5876,"active_gp_count":2,"gps_per_1000":0.34,"access_class":"low","access_band":2,"is_desert":0,"nearest_gp_km":0,"nearest_gp_minutes":0,"nearest_gp_settlement":null,"nearest_gp_method":null,"vacant_count":2,"persistently_vacant_count":2,"longest_vacancy_days":2342}},
{"type":"Feature","geometry":{"type":"Point","coordinates":[20.0237,47.0485]},"properties":{"name":"Jászkarajenő","county":"Pest","population":2473,"active_gp_count":1,"gps_per_1000":0.4,"access_class":"moderate","access_band":3,"is_desert":0,"nearest_gp_km":0,"nearest_gp_minutes":0,"nearest_gp_settlement":null,"nearest_gp_method":null,"vacant_count":1,"persistently_vacant_count":1,"longest_vacancy_days":1096}},
{"type":"Feature","geometry":{"type":"Point","coordinates":[20.2282,47.4484]},"properties":{"name":"Jászkisér","county":"Jász-Nagykun-Szolnok","population":4753,"active_gp_count":1,"gps_per_1000":0.21,"access_class":"low","access_band":2,"is_desert":0,"nearest_gp_km":0,"nearest_gp_minutes":0,"nearest_gp_settlement":null,"nearest_gp_method":null,"vacant_count":2,"persistently_vacant_count":2,"longest_vacancy_days":1187}},
{"type":"Feature","geometry":{"type":"Point","coordinates":[20.1989,47.3558]},"properties":{"name":"Jászladány","county":"Jász-Nagykun-Szolnok","population":5492,"active_gp_count":2,"gps_per_1000":0.36,"access_class":"low","access_band":2,"is_desert":0,"nearest_gp_km":0,"nearest_gp_minutes":0,"nearest_gp_settlement":null,"nearest_gp_method":null,"vacant_count":2,"persistently_vacant_count":2,"longest_vacancy_days":4625}},
{"type":"Feature","geometry":{"type":"Point","coordinates":[19.6836,47.8252]},"properties":{"name":"Jobbágyi","county":"Nógrád","population":1819,"active_gp_count":0,"gps_per_1000":0,"access_class":"desert","access_band":0,"is_desert":1,"nearest_gp_km":6.6,"nearest_gp_minutes":8,"nearest_gp_settlement":"Szurdokpüspöki","nearest_gp_method":"road","vacant_count":1,"persistently_vacant_count":1,"longest_vacancy_days":2922}},
{"type":"Feature","geometry":{"type":"Point","coordinates":[20.5567,48.4962]},"properties":{"name":"Jósvafő","county":"Borsod-Abaúj-Zemplén","population":249,"active_gp_count":0,"gps_per_1000":0,"access_class":"desert","access_band":0,"is_desert":1,"nearest_gp_km":16.7,"nearest_gp_minutes":21,"nearest_gp_settlement":"Ragály","nearest_gp_method":"road","vacant_count":1,"persistently_vacant_count":1,"longest_vacancy_days":3926}},
{"type":"Feature","geometry":{"type":"Point","coordinates":[17.7367,46.4086]},"properties":{"name":"Juta","county":"Somogy","population":1097,"active_gp_count":0,"gps_per_1000":0,"access_class":"desert","access_band":0,"is_desert":1,"nearest_gp_km":4.3,"nearest_gp_minutes":7,"nearest_gp_settlement":"Hetes","nearest_gp_method":"road","vacant_count":1,"persistently_vacant_count":1,"longest_vacancy_days":1826}},
{"type":"Feature","geometry":{"type":"Point","coordinates":[20.5989,47.9785]},"properties":{"name":"Kács","county":"Borsod-Abaúj-Zemplén","population":432,"active_gp_count":0,"gps_per_1000":0,"access_class":"desert","access_band":0,"is_desert":1,"nearest_gp_km":12.5,"nearest_gp_minutes":21,"nearest_gp_settlement":"Bükkábrány","nearest_gp_method":"road","vacant_count":1,"persistently_vacant_count":1,"longest_vacancy_days":273}},
{"type":"Feature","geometry":{"type":"Point","coordinates":[17.6198,46.2362]},"properties":{"name":"Kadarkút","county":"Somogy","population":2305,"active_gp_count":2,"gps_per_1000":0.87,"access_class":"ok","access_band":4,"is_desert":0,"nearest_gp_km":0,"nearest_gp_minutes":0,"nearest_gp_settlement":null,"nearest_gp_method":null,"vacant_count":1,"persistently_vacant_count":0,"longest_vacancy_days":61}},
{"type":"Feature","geometry":{"type":"Point","coordinates":[18.6424,46.5646]},"properties":{"name":"Kajdacs","county":"Tolna","population":1015,"active_gp_count":0,"gps_per_1000":0,"access_class":"desert","access_band":0,"is_desert":1,"nearest_gp_km":5.5,"nearest_gp_minutes":5,"nearest_gp_settlement":"Nagydorog","nearest_gp_method":"road","vacant_count":1,"persistently_vacant_count":1,"longest_vacancy_days":1673}},
{"type":"Feature","geometry":{"type":"Point","coordinates":[17.8517,45.9041]},"properties":{"name":"Kákics","county":"Baranya","population":193,"active_gp_count":1,"gps_per_1000":5.18,"access_class":"ok","access_band":4,"is_desert":0,"nearest_gp_km":0,"nearest_gp_minutes":0,"nearest_gp_settlement":null,"nearest_gp_method":null,"vacant_count":1,"persistently_vacant_count":1,"longest_vacancy_days":1065}},
{"type":"Feature","geometry":{"type":"Point","coordinates":[19.3727,47.2428]},"properties":{"name":"Kakucs","county":"Pest","population":3170,"active_gp_count":0,"gps_per_1000":0,"access_class":"desert","access_band":0,"is_desert":1,"nearest_gp_km":5,"nearest_gp_minutes":9,"nearest_gp_settlement":"Inárcs","nearest_gp_method":"road","vacant_count":2,"persistently_vacant_count":2,"longest_vacancy_days":2007}},
{"type":"Feature","geometry":{"type":"Point","coordinates":[18.4772,46.4923]},"properties":{"name":"Kalaznó","county":"Tolna","population":118,"active_gp_count":0,"gps_per_1000":0,"access_class":"desert","access_band":0,"is_desert":1,"nearest_gp_km":8.5,"nearest_gp_minutes":13,"nearest_gp_settlement":"Hőgyész","nearest_gp_method":"road","vacant_count":1,"persistently_vacant_count":1,"longest_vacancy_days":1611}},
{"type":"Feature","geometry":{"type":"Point","coordinates":[19.4833,47.7323]},"properties":{"name":"Kálló","county":"Nógrád","population":1636,"active_gp_count":0,"gps_per_1000":0,"access_class":"desert","access_band":0,"is_desert":1,"nearest_gp_km":9.5,"nearest_gp_minutes":11,"nearest_gp_settlement":"Vanyarc","nearest_gp_method":"road","vacant_count":1,"persistently_vacant_count":1,"longest_vacancy_days":1642}},
{"type":"Feature","geometry":{"type":"Point","coordinates":[17.0589,46.8686]},"properties":{"name":"Kallósd","county":"Zala","population":97,"active_gp_count":0,"gps_per_1000":0,"access_class":"desert","access_band":0,"is_desert":1,"nearest_gp_km":9.1,"nearest_gp_minutes":11,"nearest_gp_settlement":"Zalaszentgrót","nearest_gp_method":"road","vacant_count":1,"persistently_vacant_count":1,"longest_vacancy_days":1034}},
{"type":"Feature","geometry":{"type":"Point","coordinates":[16.5628,46.7484]},"properties":{"name":"Kálócfa","county":"Zala","population":124,"active_gp_count":0,"gps_per_1000":0,"access_class":"desert","access_band":0,"is_desert":1,"nearest_gp_km":6.5,"nearest_gp_minutes":8,"nearest_gp_settlement":"Csesztreg","nearest_gp_method":"road","vacant_count":1,"persistently_vacant_count":1,"longest_vacancy_days":2007}},
{"type":"Feature","geometry":{"type":"Point","coordinates":[17.2215,47.1405]},"properties":{"name":"Kamond","county":"Veszprém","population":434,"active_gp_count":0,"gps_per_1000":0,"access_class":"desert","access_band":0,"is_desert":1,"nearest_gp_km":7.4,"nearest_gp_minutes":8,"nearest_gp_settlement":"Jánosháza","nearest_gp_method":"road","vacant_count":1,"persistently_vacant_count":1,"longest_vacancy_days":3103}},
{"type":"Feature","geometry":{"type":"Point","coordinates":[20.954,46.758]},"properties":{"name":"Kamut","county":"Békés","population":892,"active_gp_count":0,"gps_per_1000":0,"access_class":"desert","access_band":0,"is_desert":1,"nearest_gp_km":9.7,"nearest_gp_minutes":9,"nearest_gp_settlement":"Kétsoprony","nearest_gp_method":"road","vacant_count":1,"persistently_vacant_count":1,"longest_vacancy_days":1065}},
{"type":"Feature","geometry":{"type":"Point","coordinates":[20.5997,48.4204]},"properties":{"name":"Kánó","county":"Borsod-Abaúj-Zemplén","population":136,"active_gp_count":0,"gps_per_1000":0,"access_class":"desert","access_band":0,"is_desert":1,"nearest_gp_km":9.9,"nearest_gp_minutes":12,"nearest_gp_settlement":"Ragály","nearest_gp_method":"road","vacant_count":1,"persistently_vacant_count":1,"longest_vacancy_days":1157}},
{"type":"Feature","geometry":{"type":"Point","coordinates":[21.0182,48.5125]},"properties":{"name":"Kány","county":"Borsod-Abaúj-Zemplén","population":62,"active_gp_count":0,"gps_per_1000":0,"access_class":"desert","access_band":0,"is_desert":1,"nearest_gp_km":18.4,"nearest_gp_minutes":20,"nearest_gp_settlement":"Baktakék","nearest_gp_method":"road","vacant_count":1,"persistently_vacant_count":1,"longest_vacancy_days":242}},
{"type":"Feature","geometry":{"type":"Point","coordinates":[16.6851,46.57]},"properties":{"name":"Kányavár","county":"Zala","population":131,"active_gp_count":0,"gps_per_1000":0,"access_class":"desert","access_band":0,"is_desert":1,"nearest_gp_km":10.9,"nearest_gp_minutes":12,"nearest_gp_settlement":"Bázakerettye","nearest_gp_method":"road","vacant_count":1,"persistently_vacant_count":1,"longest_vacancy_days":1491}},
{"type":"Feature","geometry":{"type":"Point","coordinates":[17.9614,46.3246]},"properties":{"name":"Kaposkeresztúr","county":"Somogy","population":317,"active_gp_count":0,"gps_per_1000":0,"access_class":"desert","access_band":0,"is_desert":1,"nearest_gp_km":6.5,"nearest_gp_minutes":12,"nearest_gp_settlement":"Mosdós","nearest_gp_method":"road","vacant_count":1,"persistently_vacant_count":1,"longest_vacancy_days":1157}},
{"type":"Feature","geometry":{"type":"Point","coordinates":[17.8142,46.3695]},"properties":{"name":"Kaposvár","county":"Somogy","population":58459,"active_gp_count":43,"gps_per_1000":0.74,"access_class":"ok","access_band":4,"is_desert":0,"nearest_gp_km":0,"nearest_gp_minutes":0,"nearest_gp_settlement":null,"nearest_gp_method":null,"vacant_count":2,"persistently_vacant_count":2,"longest_vacancy_days":1826}},
{"type":"Feature","geometry":{"type":"Point","coordinates":[17.0229,47.6275]},"properties":{"name":"Kapuvár","county":"Győr-Moson-Sopron","population":9974,"active_gp_count":4,"gps_per_1000":0.4,"access_class":"moderate","access_band":3,"is_desert":0,"nearest_gp_km":0,"nearest_gp_minutes":0,"nearest_gp_settlement":null,"nearest_gp_method":null,"vacant_count":4,"persistently_vacant_count":4,"longest_vacancy_days":638}},
{"type":"Feature","geometry":{"type":"Point","coordinates":[18.0087,46.6215]},"properties":{"name":"Kára","county":"Somogy","population":54,"active_gp_count":0,"gps_per_1000":0,"access_class":"desert","access_band":0,"is_desert":1,"nearest_gp_km":11.2,"nearest_gp_minutes":15,"nearest_gp_settlement":"Nágocs","nearest_gp_method":"road","vacant_count":1,"persistently_vacant_count":1,"longest_vacancy_days":4109}},
{"type":"Feature","geometry":{"type":"Point","coordinates":[19.6954,48.1745]},"properties":{"name":"Karancskeszi","county":"Nógrád","population":1620,"active_gp_count":0,"gps_per_1000":0,"access_class":"desert","access_band":0,"is_desert":1,"nearest_gp_km":3.9,"nearest_gp_minutes":5,"nearest_gp_settlement":"Egyházasgerge","nearest_gp_method":"road","vacant_count":1,"persistently_vacant_count":1,"longest_vacancy_days":1096}},
{"type":"Feature","geometry":{"type":"Point","coordinates":[19.7433,48.1513]},"properties":{"name":"Karancslapujtő","county":"Nógrád","population":2453,"active_gp_count":1,"gps_per_1000":0.41,"access_class":"moderate","access_band":3,"is_desert":0,"nearest_gp_km":0,"nearest_gp_minutes":0,"nearest_gp_settlement":null,"nearest_gp_method":null,"vacant_count":1,"persistently_vacant_count":1,"longest_vacancy_days":7943}},
{"type":"Feature","geometry":{"type":"Point","coordinates":[18.3108,46.2691]},"properties":{"name":"Kárász","county":"Baranya","population":305,"active_gp_count":1,"gps_per_1000":3.28,"access_class":"ok","access_band":4,"is_desert":0,"nearest_gp_km":0,"nearest_gp_minutes":0,"nearest_gp_settlement":null,"nearest_gp_method":null,"vacant_count":1,"persistently_vacant_count":1,"longest_vacancy_days":1611}},
{"type":"Feature","geometry":{"type":"Point","coordinates":[20.8904,47.3122]},"properties":{"name":"Karcag","county":"Jász-Nagykun-Szolnok","population":18022,"active_gp_count":12,"gps_per_1000":0.67,"access_class":"ok","access_band":4,"is_desert":0,"nearest_gp_km":0,"nearest_gp_minutes":0,"nearest_gp_settlement":null,"nearest_gp_method":null,"vacant_count":1,"persistently_vacant_count":1,"longest_vacancy_days":1218}},
{"type":"Feature","geometry":{"type":"Point","coordinates":[21.7822,48.3008]},"properties":{"name":"Karcsa","county":"Borsod-Abaúj-Zemplén","population":1560,"active_gp_count":1,"gps_per_1000":0.64,"access_class":"ok","access_band":4,"is_desert":0,"nearest_gp_km":0,"nearest_gp_minutes":0,"nearest_gp_settlement":null,"nearest_gp_method":null,"vacant_count":1,"persistently_vacant_count":1,"longest_vacancy_days":3895}},
{"type":"Feature","geometry":{"type":"Point","coordinates":[20.738,46.7915]},"properties":{"name":"Kardos","county":"Békés","population":503,"active_gp_count":0,"gps_per_1000":0,"access_class":"desert","access_band":0,"is_desert":1,"nearest_gp_km":8.2,"nearest_gp_minutes":10,"nearest_gp_settlement":"Kondoros","nearest_gp_method":"road","vacant_count":1,"persistently_vacant_count":1,"longest_vacancy_days":973}},
{"type":"Feature","geometry":{"type":"Point","coordinates":[17.3231,47.8001]},"properties":{"name":"Károlyháza","county":"Győr-Moson-Sopron","population":420,"active_gp_count":0,"gps_per_1000":0,"access_class":"desert","access_band":0,"is_desert":1,"nearest_gp_km":11.6,"nearest_gp_minutes":10,"nearest_gp_settlement":"Mosonmagyaróvár","nearest_gp_method":"road","vacant_count":1,"persistently_vacant_count":0,"longest_vacancy_days":61}},
{"type":"Feature","geometry":{"type":"Point","coordinates":[21.7359,48.3086]},"properties":{"name":"Karos","county":"Borsod-Abaúj-Zemplén","population":510,"active_gp_count":0,"gps_per_1000":0,"access_class":"desert","access_band":0,"is_desert":1,"nearest_gp_km":4,"nearest_gp_minutes":6,"nearest_gp_settlement":"Bodroghalom","nearest_gp_method":"road","vacant_count":1,"persistently_vacant_count":1,"longest_vacancy_days":3895}},
{"type":"Feature","geometry":{"type":"Point","coordinates":[19.5384,47.6822]},"properties":{"name":"Kartal","county":"Pest","population":5985,"active_gp_count":2,"gps_per_1000":0.33,"access_class":"low","access_band":2,"is_desert":0,"nearest_gp_km":0,"nearest_gp_minutes":0,"nearest_gp_settlement":null,"nearest_gp_method":null,"vacant_count":1,"persistently_vacant_count":0,"longest_vacancy_days":61}},
{"type":"Feature","geometry":{"type":"Point","coordinates":[18.3879,45.7795]},"properties":{"name":"Kásád","county":"Baranya","population":261,"active_gp_count":0,"gps_per_1000":0,"access_class":"desert","access_band":0,"is_desert":1,"nearest_gp_km":5.2,"nearest_gp_minutes":9,"nearest_gp_settlement":"Beremend","nearest_gp_method":"road","vacant_count":1,"persistently_vacant_count":1,"longest_vacancy_days":1065}},
{"type":"Feature","geometry":{"type":"Point","coordinates":[19.4058,46.6637]},"properties":{"name":"Kaskantyú","county":"Bács-Kiskun","population":943,"active_gp_count":0,"gps_per_1000":0,"access_class":"desert","access_band":0,"is_desert":1,"nearest_gp_km":9.2,"nearest_gp_minutes":15,"nearest_gp_settlement":"Páhi","nearest_gp_method":"road","vacant_count":1,"persistently_vacant_count":1,"longest_vacancy_days":273}},
{"type":"Feature","geometry":{"type":"Point","coordinates":[17.612,45.9604]},"properties":{"name":"Kastélyosdombó","county":"Somogy","population":275,"active_gp_count":0,"gps_per_1000":0,"access_class":"desert","access_band":0,"is_desert":1,"nearest_gp_km":9.2,"nearest_gp_minutes":11,"nearest_gp_settlement":"Kétújfalu","nearest_gp_method":"road","vacant_count":1,"persistently_vacant_count":1,"longest_vacancy_days":2007}},
{"type":"Feature","geometry":{"type":"Point","coordinates":[17.2287,46.3169]},"properties":{"name":"Kaszó","county":"Somogy","population":83,"active_gp_count":0,"gps_per_1000":0,"access_class":"desert","access_band":0,"is_desert":1,"nearest_gp_km":12,"nearest_gp_minutes":23,"nearest_gp_settlement":"Iharosberény","nearest_gp_method":"road","vacant_count":1,"persistently_vacant_count":1,"longest_vacancy_days":1157}},
{"type":"Feature","geometry":{"type":"Point","coordinates":[16.6394,46.9819]},"properties":{"name":"Katafa","county":"Vas","population":313,"active_gp_count":1,"gps_per_1000":3.19,"access_class":"ok","access_band":4,"is_desert":0,"nearest_gp_km":0,"nearest_gp_minutes":0,"nearest_gp_settlement":null,"nearest_gp_method":null,"vacant_count":1,"persistently_vacant_count":0,"longest_vacancy_days":303}},
{"type":"Feature","geometry":{"type":"Point","coordinates":[19.8455,48.0666]},"properties":{"name":"Kazár","county":"Nógrád","population":1576,"active_gp_count":0,"gps_per_1000":0,"access_class":"desert","access_band":0,"is_desert":1,"nearest_gp_km":4.2,"nearest_gp_minutes":6,"nearest_gp_settlement":"Vizslás","nearest_gp_method":"road","vacant_count":1,"persistently_vacant_count":0,"longest_vacancy_days":150}},
{"type":"Feature","geometry":{"type":"Point","coordinates":[20.9669,48.2703]},"properties":{"name":"Kázsmárk","county":"Borsod-Abaúj-Zemplén","population":947,"active_gp_count":0,"gps_per_1000":0,"access_class":"desert","access_band":0,"is_desert":1,"nearest_gp_km":3.7,"nearest_gp_minutes":5,"nearest_gp_settlement":"Halmaj","nearest_gp_method":"road","vacant_count":1,"persistently_vacant_count":1,"longest_vacancy_days":4109}},
{"type":"Feature","geometry":{"type":"Point","coordinates":[17.9804,46.4771]},"properties":{"name":"Kazsok","county":"Somogy","population":306,"active_gp_count":0,"gps_per_1000":0,"access_class":"desert","access_band":0,"is_desert":1,"nearest_gp_km":6.8,"nearest_gp_minutes":8,"nearest_gp_settlement":"Igal","nearest_gp_method":"road","vacant_count":1,"persistently_vacant_count":1,"longest_vacancy_days":456}},
{"type":"Feature","geometry":{"type":"Point","coordinates":[19.2615,46.5364]},"properties":{"name":"Kecel","county":"Bács-Kiskun","population":7826,"active_gp_count":5,"gps_per_1000":0.64,"access_class":"ok","access_band":4,"is_desert":0,"nearest_gp_km":0,"nearest_gp_minutes":0,"nearest_gp_settlement":null,"nearest_gp_method":null,"vacant_count":1,"persistently_vacant_count":1,"longest_vacancy_days":546}},
{"type":"Feature","geometry":{"type":"Point","coordinates":[18.3058,47.516]},"properties":{"name":"Kecskéd","county":"Komárom-Esztergom","population":2072,"active_gp_count":0,"gps_per_1000":0,"access_class":"desert","access_band":0,"is_desert":1,"nearest_gp_km":6.9,"nearest_gp_minutes":11,"nearest_gp_settlement":"Oroszlány","nearest_gp_method":"road","vacant_count":1,"persistently_vacant_count":1,"longest_vacancy_days":1004}},
{"type":"Feature","geometry":{"type":"Point","coordinates":[19.7077,46.8819]},"properties":{"name":"Kecskemét","county":"Bács-Kiskun","population":108651,"active_gp_count":64,"gps_per_1000":0.59,"access_class":"moderate","access_band":3,"is_desert":0,"nearest_gp_km":0,"nearest_gp_minutes":0,"nearest_gp_settlement":null,"nearest_gp_method":null,"vacant_count":6,"persistently_vacant_count":6,"longest_vacancy_days":1096}},
{"type":"Feature","geometry":{"type":"Point","coordinates":[17.1066,46.843]},"properties":{"name":"Kehidakustány","county":"Zala","population":1220,"active_gp_count":0,"gps_per_1000":0,"access_class":"desert","access_band":0,"is_desert":1,"nearest_gp_km":5.1,"nearest_gp_minutes":7,"nearest_gp_settlement":"Zalacsány","nearest_gp_method":"road","vacant_count":1,"persistently_vacant_count":1,"longest_vacancy_days":1034}},
{"type":"Feature","geometry":{"type":"Point","coordinates":[21.3546,48.5456]},"properties":{"name":"Kéked","county":"Borsod-Abaúj-Zemplén","population":253,"active_gp_count":0,"gps_per_1000":0,"access_class":"desert","access_band":0,"is_desert":1,"nearest_gp_km":12.7,"nearest_gp_minutes":17,"nearest_gp_settlement":"Füzérkomlós","nearest_gp_method":"road","vacant_count":1,"persistently_vacant_count":1,"longest_vacancy_days":4778}},
{"type":"Feature","geometry":{"type":"Point","coordinates":[18.9016,48.0033]},"properties":{"name":"Kemence","county":"Pest","population":880,"active_gp_count":0,"gps_per_1000":0,"access_class":"desert","access_band":0,"is_desert":1,"nearest_gp_km":13.5,"nearest_gp_minutes":20,"nearest_gp_settlement":"Vámosmikola","nearest_gp_method":"road","vacant_count":1,"persistently_vacant_count":1,"longest_vacancy_days":2738}},
{"type":"Feature","geometry":{"type":"Point","coordinates":[17.1069,47.2153]},"properties":{"name":"Kemeneskápolna","county":"Vas","population":98,"active_gp_count":0,"gps_per_1000":0,"access_class":"desert","access_band":0,"is_desert":1,"nearest_gp_km":7,"nearest_gp_minutes":10,"nearest_gp_settlement":"Celldömölk","nearest_gp_method":"road","vacant_count":1,"persistently_vacant_count":0,"longest_vacancy_days":4748}},
{"type":"Feature","geometry":{"type":"Point","coordinates":[17.1927,47.3481]},"properties":{"name":"Kemenesmagasi","county":"Vas","population":811,"active_gp_count":0,"gps_per_1000":0,"access_class":"desert","access_band":0,"is_desert":1,"nearest_gp_km":10.1,"nearest_gp_minutes":14,"nearest_gp_settlement":"Vönöck","nearest_gp_method":"road","vacant_count":1,"persistently_vacant_count":0,"longest_vacancy_days":395}},
{"type":"Feature","geometry":{"type":"Point","coordinates":[17.9107,45.8128]},"properties":{"name":"Kemse","county":"Baranya","population":52,"active_gp_count":0,"gps_per_1000":0,"access_class":"desert","access_band":0,"is_desert":1,"nearest_gp_km":5.9,"nearest_gp_minutes":7,"nearest_gp_settlement":"Drávasztára","nearest_gp_method":"road","vacant_count":1,"persistently_vacant_count":1,"longest_vacancy_days":1917}},
{"type":"Feature","geometry":{"type":"Point","coordinates":[20.6774,47.2721]},"properties":{"name":"Kenderes","county":"Jász-Nagykun-Szolnok","population":3977,"active_gp_count":2,"gps_per_1000":0.5,"access_class":"moderate","access_band":3,"is_desert":0,"nearest_gp_km":0,"nearest_gp_minutes":0,"nearest_gp_settlement":null,"nearest_gp_method":null,"vacant_count":1,"persistently_vacant_count":1,"longest_vacancy_days":2129}},
{"type":"Feature","geometry":{"type":"Point","coordinates":[21.5359,48.2045]},"properties":{"name":"Kenézlő","county":"Borsod-Abaúj-Zemplén","population":952,"active_gp_count":0,"gps_per_1000":0,"access_class":"desert","access_band":0,"is_desert":1,"nearest_gp_km":12.9,"nearest_gp_minutes":25,"nearest_gp_settlement":"Timár","nearest_gp_method":"road","vacant_count":1,"persistently_vacant_count":1,"longest_vacancy_days":1004}},
{"type":"Feature","geometry":{"type":"Point","coordinates":[20.3435,47.0786]},"properties":{"name":"Kengyel","county":"Jász-Nagykun-Szolnok","population":3186,"active_gp_count":1,"gps_per_1000":0.31,"access_class":"low","access_band":2,"is_desert":0,"nearest_gp_km":0,"nearest_gp_minutes":0,"nearest_gp_settlement":null,"nearest_gp_method":null,"vacant_count":2,"persistently_vacant_count":2,"longest_vacancy_days":2769}},
{"type":"Feature","geometry":{"type":"Point","coordinates":[17.0337,46.6217]},"properties":{"name":"Kerecseny","county":"Zala","population":241,"active_gp_count":0,"gps_per_1000":0,"access_class":"desert","access_band":0,"is_desert":1,"nearest_gp_km":9.5,"nearest_gp_minutes":12,"nearest_gp_settlement":"Felsőrajk","nearest_gp_method":"road","vacant_count":1,"persistently_vacant_count":1,"longest_vacancy_days":2191}},
{"type":"Feature","geometry":{"type":"Point","coordinates":[19.5136,46.9195]},"properties":{"name":"Kerekegyháza","county":"Bács-Kiskun","population":6396,"active_gp_count":3,"gps_per_1000":0.47,"access_class":"moderate","access_band":3,"is_desert":0,"nearest_gp_km":0,"nearest_gp_minutes":0,"nearest_gp_settlement":null,"nearest_gp_method":null,"vacant_count":1,"persistently_vacant_count":1,"longest_vacancy_days":546}},
{"type":"Feature","geometry":{"type":"Point","coordinates":[19.6202,47.6793]},"properties":{"name":"Kerekharaszt","county":"Heves","population":896,"active_gp_count":1,"gps_per_1000":1.12,"access_class":"ok","access_band":4,"is_desert":0,"nearest_gp_km":0,"nearest_gp_minutes":0,"nearest_gp_settlement":null,"nearest_gp_method":null,"vacant_count":1,"persistently_vacant_count":1,"longest_vacancy_days":881}},
{"type":"Feature","geometry":{"type":"Point","coordinates":[20.9552,48.5045]},"properties":{"name":"Keresztéte","county":"Borsod-Abaúj-Zemplén","population":21,"active_gp_count":0,"gps_per_1000":0,"access_class":"desert","access_band":0,"is_desert":1,"nearest_gp_km":20,"nearest_gp_minutes":24,"nearest_gp_settlement":"Baktakék","nearest_gp_method":"road","vacant_count":1,"persistently_vacant_count":1,"longest_vacancy_days":242}},
{"type":"Feature","geometry":{"type":"Point","coordinates":[16.5496,46.6794]},"properties":{"name":"Kerkabarabás","county":"Zala","population":270,"active_gp_count":0,"gps_per_1000":0,"access_class":"desert","access_band":0,"is_desert":1,"nearest_gp_km":8.7,"nearest_gp_minutes":9,"nearest_gp_settlement":"Csesztreg","nearest_gp_method":"road","vacant_count":1,"persistently_vacant_count":1,"longest_vacancy_days":2007}},
{"type":"Feature","geometry":{"type":"Point","coordinates":[17.2634,47.1609]},"properties":{"name":"Kerta","county":"Veszprém","population":496,"active_gp_count":0,"gps_per_1000":0,"access_class":"desert","access_band":0,"is_desert":1,"nearest_gp_km":9.4,"nearest_gp_minutes":11,"nearest_gp_settlement":"Tüskevár","nearest_gp_method":"road","vacant_count":1,"persistently_vacant_count":1,"longest_vacancy_days":3103}},
{"type":"Feature","geometry":{"type":"Point","coordinates":[19.2919,47.9259]},"properties":{"name":"Kétbodony","county":"Nógrád","population":434,"active_gp_count":1,"gps_per_1000":2.3,"access_class":"ok","access_band":4,"is_desert":0,"nearest_gp_km":0,"nearest_gp_minutes":0,"nearest_gp_settlement":null,"nearest_gp_method":null,"vacant_count":1,"persistently_vacant_count":1,"longest_vacancy_days":2587}},
{"type":"Feature","geometry":{"type":"Point","coordinates":[20.4602,47.0631]},"properties":{"name":"Kétpó","county":"Jász-Nagykun-Szolnok","population":566,"active_gp_count":0,"gps_per_1000":0,"access_class":"desert","access_band":0,"is_desert":1,"nearest_gp_km":16.2,"nearest_gp_minutes":19,"nearest_gp_settlement":"Mezőtúr","nearest_gp_method":"road","vacant_count":1,"persistently_vacant_count":1,"longest_vacancy_days":2342}},
{"type":"Feature","geometry":{"type":"Point","coordinates":[16.2196,46.8827]},"properties":{"name":"Kétvölgy","county":"Vas","population":90,"active_gp_count":0,"gps_per_1000":0,"access_class":"desert","access_band":0,"is_desert":1,"nearest_gp_km":10.9,"nearest_gp_minutes":21,"nearest_gp_settlement":"Alsószölnök","nearest_gp_method":"road","vacant_count":1,"persistently_vacant_count":0,"longest_vacancy_days":852}},
{"type":"Feature","geometry":{"type":"Point","coordinates":[18.5298,46.429]},"properties":{"name":"Kéty","county":"Tolna","population":629,"active_gp_count":1,"gps_per_1000":1.59,"access_class":"ok","access_band":4,"is_desert":0,"nearest_gp_km":0,"nearest_gp_minutes":0,"nearest_gp_settlement":null,"nearest_gp_method":null,"vacant_count":1,"persistently_vacant_count":1,"longest_vacancy_days":1461}},
{"type":"Feature","geometry":{"type":"Point","coordinates":[17.3857,47.8256]},"properties":{"name":"Kimle","county":"Győr-Moson-Sopron","population":2291,"active_gp_count":0,"gps_per_1000":0,"access_class":"desert","access_band":0,"is_desert":1,"nearest_gp_km":6,"nearest_gp_minutes":7,"nearest_gp_settlement":"Darnózseli","nearest_gp_method":"road","vacant_count":1,"persistently_vacant_count":0,"longest_vacancy_days":61}},
{"type":"Feature","geometry":{"type":"Point","coordinates":[20.3803,48.2411]},"properties":{"name":"Királd","county":"Borsod-Abaúj-Zemplén","population":606,"active_gp_count":0,"gps_per_1000":0,"access_class":"desert","access_band":0,"is_desert":1,"nearest_gp_km":6.9,"nearest_gp_minutes":8,"nearest_gp_settlement":"Borsodbóta","nearest_gp_method":"road","vacant_count":1,"persistently_vacant_count":1,"longest_vacancy_days":3499}},
{"type":"Feature","geometry":{"type":"Point","coordinates":[20.6426,46.288]},"properties":{"name":"Királyhegyes","county":"Csongrád-Csanád","population":592,"active_gp_count":0,"gps_per_1000":0,"access_class":"desert","access_band":0,"is_desert":1,"nearest_gp_km":8.6,"nearest_gp_minutes":10,"nearest_gp_settlement":"Makó","nearest_gp_method":"road","vacant_count":1,"persistently_vacant_count":1,"longest_vacancy_days":3287}},
{"type":"Feature","geometry":{"type":"Point","coordinates":[17.5062,46.3139]},"properties":{"name":"Kisbajom","county":"Somogy","population":300,"active_gp_count":0,"gps_per_1000":0,"access_class":"desert","access_band":0,"is_desert":1,"nearest_gp_km":10,"nearest_gp_minutes":16,"nearest_gp_settlement":"Kutas","nearest_gp_method":"road","vacant_count":1,"persistently_vacant_count":1,"longest_vacancy_days":3195}},
{"type":"Feature","geometry":{"type":"Point","coordinates":[16.931,46.8152]},"properties":{"name":"Kisbucsa","county":"Zala","population":416,"active_gp_count":0,"gps_per_1000":0,"access_class":"desert","access_band":0,"is_desert":1,"nearest_gp_km":3.3,"nearest_gp_minutes":4,"nearest_gp_settlement":"Búcsúszentlászló","nearest_gp_method":"road","vacant_count":1,"persistently_vacant_count":1,"longest_vacancy_days":881}},
{"type":"Feature","geometry":{"type":"Point","coordinates":[21.1181,46.3731]},"properties":{"name":"Kisdombegyház","county":"Békés","population":351,"active_gp_count":0,"gps_per_1000":0,"access_class":"desert","access_band":0,"is_desert":1,"nearest_gp_km":4.8,"nearest_gp_minutes":7,"nearest_gp_settlement":"Dombegyház","nearest_gp_method":"road","vacant_count":1,"persistently_vacant_count":1,"longest_vacancy_days":7547}},
{"type":"Feature","geometry":{"type":"Point","coordinates":[19.3179,47.9417]},"properties":{"name":"Kisecset","county":"Nógrád","population":211,"active_gp_count":1,"gps_per_1000":4.74,"access_class":"ok","access_band":4,"is_desert":0,"nearest_gp_km":0,"nearest_gp_minutes":0,"nearest_gp_settlement":null,"nearest_gp_method":null,"vacant_count":1,"persistently_vacant_count":1,"longest_vacancy_days":2587}},
{"type":"Feature","geometry":{"type":"Point","coordinates":[20.1322,47.9883]},"properties":{"name":"Kisfüzes","county":"Heves","population":112,"active_gp_count":1,"gps_per_1000":8.93,"access_class":"ok","access_band":4,"is_desert":0,"nearest_gp_km":0,"nearest_gp_minutes":0,"nearest_gp_settlement":null,"nearest_gp_method":null,"vacant_count":1,"persistently_vacant_count":1,"longest_vacancy_days":3437}},
{"type":"Feature","geometry":{"type":"Point","coordinates":[19.7241,48.0755]},"properties":{"name":"Kishartyán","county":"Nógrád","population":496,"active_gp_count":0,"gps_per_1000":0,"access_class":"desert","access_band":0,"is_desert":1,"nearest_gp_km":7.6,"nearest_gp_minutes":10,"nearest_gp_settlement":"Karancsság","nearest_gp_method":"road","vacant_count":1,"persistently_vacant_count":1,"longest_vacancy_days":6117}},
{"type":"Feature","geometry":{"type":"Point","coordinates":[18.3296,45.9636]},"properties":{"name":"Kisherend","county":"Baranya","population":181,"active_gp_count":0,"gps_per_1000":0,"access_class":"desert","access_band":0,"is_desert":1,"nearest_gp_km":7.4,"nearest_gp_minutes":9,"nearest_gp_settlement":"Újpetre","nearest_gp_method":"road","vacant_count":1,"persistently_vacant_count":0,"longest_vacancy_days":61}},
{"type":"Feature","geometry":{"type":"Point","coordinates":[22.8263,47.979]},"properties":{"name":"Kishódos","county":"Szabolcs-Szatmár-Bereg","population":48,"active_gp_count":0,"gps_per_1000":0,"access_class":"desert","access_band":0,"is_desert":1,"nearest_gp_km":10.3,"nearest_gp_minutes":12,"nearest_gp_settlement":"Botpalád","nearest_gp_method":"road","vacant_count":1,"persistently_vacant_count":0,"longest_vacancy_days":150}},
{"type":"Feature","geometry":{"type":"Point","coordinates":[20.4779,47.5174]},"properties":{"name":"Kisköre","county":"Heves","population":2602,"active_gp_count":1,"gps_per_1000":0.38,"access_class":"low","access_band":2,"is_desert":0,"nearest_gp_km":0,"nearest_gp_minutes":0,"nearest_gp_settlement":null,"nearest_gp_method":null,"vacant_count":1,"persistently_vacant_count":1,"longest_vacancy_days":1552}},
{"type":"Feature","geometry":{"type":"Point","coordinates":[19.8722,46.7186]},"properties":{"name":"Kiskunfélegyháza","county":"Bács-Kiskun","population":28382,"active_gp_count":18,"gps_per_1000":0.63,"access_class":"ok","access_band":4,"is_desert":0,"nearest_gp_km":0,"nearest_gp_minutes":0,"nearest_gp_settlement":null,"nearest_gp_method":null,"vacant_count":1,"persistently_vacant_count":1,"longest_vacancy_days":699}},
{"type":"Feature","geometry":{"type":"Point","coordinates":[19.0357,47.1909]},"properties":{"name":"Kiskunlacháza","county":"Pest","population":9441,"active_gp_count":3,"gps_per_1000":0.32,"access_class":"low","access_band":2,"is_desert":0,"nearest_gp_km":0,"nearest_gp_minutes":0,"nearest_gp_settlement":null,"nearest_gp_method":null,"vacant_count":2,"persistently_vacant_count":2,"longest_vacancy_days":1642}},
{"type":"Feature","geometry":{"type":"Point","coordinates":[19.7274,46.4606]},"properties":{"name":"Kiskunmajsa","county":"Bács-Kiskun","population":10853,"active_gp_count":7,"gps_per_1000":0.64,"access_class":"ok","access_band":4,"is_desert":0,"nearest_gp_km":0,"nearest_gp_minutes":0,"nearest_gp_settlement":null,"nearest_gp_method":null,"vacant_count":1,"persistently_vacant_count":1,"longest_vacancy_days":638}},
{"type":"Feature","geometry":{"type":"Point","coordinates":[22.7122,47.9551]},"properties":{"name":"Kisnamény","county":"Szabolcs-Szatmár-Bereg","population":269,"active_gp_count":1,"gps_per_1000":3.72,"access_class":"ok","access_band":4,"is_desert":0,"nearest_gp_km":0,"nearest_gp_minutes":0,"nearest_gp_settlement":null,"nearest_gp_method":null,"vacant_count":1,"persistently_vacant_count":1,"longest_vacancy_days":730}},
{"type":"Feature","geometry":{"type":"Point","coordinates":[20.1434,47.8564]},"properties":{"name":"Kisnána","county":"Heves","population":957,"active_gp_count":0,"gps_per_1000":0,"access_class":"desert","access_band":0,"is_desert":1,"nearest_gp_km":5.1,"nearest_gp_minutes":7,"nearest_gp_settlement":"Domoszló","nearest_gp_method":"road","vacant_count":1,"persistently_vacant_count":1,"longest_vacancy_days":3044}},
{"type":"Feature","geometry":{"type":"Point","coordinates":[16.4915,46.8616]},"properties":{"name":"Kisrákos","county":"Vas","population":159,"active_gp_count":0,"gps_per_1000":0,"access_class":"desert","access_band":0,"is_desert":1,"nearest_gp_km":6.7,"nearest_gp_minutes":9,"nearest_gp_settlement":"őrimagyarósd","nearest_gp_method":"road","vacant_count":1,"persistently_vacant_count":0,"longest_vacancy_days":1734}},
{"type":"Feature","geometry":{"type":"Point","coordinates":[17.0721,46.506]},"properties":{"name":"Kisrécse","county":"Zala","population":171,"active_gp_count":0,"gps_per_1000":0,"access_class":"desert","access_band":0,"is_desert":1,"nearest_gp_km":8.7,"nearest_gp_minutes":10,"nearest_gp_settlement":"Galambok","nearest_gp_method":"road","vacant_count":1,"persistently_vacant_count":1,"longest_vacancy_days":607}},
{"type":"Feature","geometry":{"type":"Point","coordinates":[20.1414,48.1825]},"properties":{"name":"Kissikátor","county":"Borsod-Abaúj-Zemplén","population":280,"active_gp_count":0,"gps_per_1000":0,"access_class":"desert","access_band":0,"is_desert":1,"nearest_gp_km":16,"nearest_gp_minutes":22,"nearest_gp_settlement":"Ózd","nearest_gp_method":"road","vacant_count":1,"persistently_vacant_count":1,"longest_vacancy_days":730}},
{"type":"Feature","geometry":{"type":"Point","coordinates":[18.5641,46.4936]},"properties":{"name":"Kistormás","county":"Tolna","population":250,"active_gp_count":1,"gps_per_1000":4,"access_class":"ok","access_band":4,"is_desert":0,"nearest_gp_km":0,"nearest_gp_minutes":0,"nearest_gp_settlement":null,"nearest_gp_method":null,"vacant_count":1,"persistently_vacant_count":1,"longest_vacancy_days":943}},
{"type":"Feature","geometry":{"type":"Point","coordinates":[20.7682,47.2011]},"properties":{"name":"Kisújszállás","county":"Jász-Nagykun-Szolnok","population":9635,"active_gp_count":5,"gps_per_1000":0.52,"access_class":"moderate","access_band":3,"is_desert":0,"nearest_gp_km":0,"nearest_gp_minutes":0,"nearest_gp_settlement":null,"nearest_gp_method":null,"vacant_count":2,"persistently_vacant_count":2,"longest_vacancy_days":912}},
{"type":"Feature","geometry":{"type":"Point","coordinates":[18.2235,46.2649]},"properties":{"name":"Kisvaszar","county":"Baranya","population":291,"active_gp_count":0,"gps_per_1000":0,"access_class":"desert","access_band":0,"is_desert":1,"nearest_gp_km":12.7,"nearest_gp_minutes":15,"nearest_gp_settlement":"Kaposszekcső","nearest_gp_method":"road","vacant_count":1,"persistently_vacant_count":1,"longest_vacancy_days":4079}},
{"type":"Feature","geometry":{"type":"Point","coordinates":[19.5153,46.2861]},"properties":{"name":"Kisszállás","county":"Bács-Kiskun","population":2141,"active_gp_count":1,"gps_per_1000":0.47,"access_class":"moderate","access_band":3,"is_desert":0,"nearest_gp_km":0,"nearest_gp_minutes":0,"nearest_gp_settlement":null,"nearest_gp_method":null,"vacant_count":1,"persistently_vacant_count":1,"longest_vacancy_days":2769}},
{"type":"Feature","geometry":{"type":"Point","coordinates":[18.5456,46.679]},"properties":{"name":"Kisszékely","county":"Tolna","population":283,"active_gp_count":0,"gps_per_1000":0,"access_class":"desert","access_band":0,"is_desert":1,"nearest_gp_km":13.2,"nearest_gp_minutes":15,"nearest_gp_settlement":"Simontornya","nearest_gp_method":"road","vacant_count":1,"persistently_vacant_count":1,"longest_vacancy_days":5082}},
{"type":"Feature","geometry":{"type":"Point","coordinates":[18.0336,45.8027]},"properties":{"name":"Kisszentmárton","county":"Baranya","population":201,"active_gp_count":0,"gps_per_1000":0,"access_class":"desert","access_band":0,"is_desert":1,"nearest_gp_km":9.7,"nearest_gp_minutes":13,"nearest_gp_settlement":"Kémes","nearest_gp_method":"road","vacant_count":1,"persistently_vacant_count":1,"longest_vacancy_days":1126}},
{"type":"Feature","geometry":{"type":"Point","coordinates":[16.6655,46.6277]},"properties":{"name":"Kissziget","county":"Zala","population":149,"active_gp_count":0,"gps_per_1000":0,"access_class":"desert","access_band":0,"is_desert":1,"nearest_gp_km":10.2,"nearest_gp_minutes":14,"nearest_gp_settlement":"Nova","nearest_gp_method":"road","vacant_count":1,"persistently_vacant_count":1,"longest_vacancy_days":1826}},
{"type":"Feature","geometry":{"type":"Point","coordinates":[17.3212,47.1986]},"properties":{"name":"Kisszőlős","county":"Veszprém","population":130,"active_gp_count":0,"gps_per_1000":0,"access_class":"desert","access_band":0,"is_desert":1,"nearest_gp_km":3,"nearest_gp_minutes":4,"nearest_gp_settlement":"Somlószőlős","nearest_gp_method":"road","vacant_count":1,"persistently_vacant_count":1,"longest_vacancy_days":3256}},
{"type":"Feature","geometry":{"type":"Point","coordinates":[18.206,47.5991]},"properties":{"name":"Kocs","county":"Komárom-Esztergom","population":2654,"active_gp_count":0,"gps_per_1000":0,"access_class":"desert","access_band":0,"is_desert":1,"nearest_gp_km":9.1,"nearest_gp_minutes":11,"nearest_gp_settlement":"Tata","nearest_gp_method":"road","vacant_count":2,"persistently_vacant_count":2,"longest_vacancy_days":7396}},
{"type":"Feature","geometry":{"type":"Point","coordinates":[21.9311,47.4105]},"properties":{"name":"Kokad","county":"Hajdú-Bihar","population":513,"active_gp_count":0,"gps_per_1000":0,"access_class":"desert","access_band":0,"is_desert":1,"nearest_gp_km":5.1,"nearest_gp_minutes":7,"nearest_gp_settlement":"Álmosd","nearest_gp_method":"road","vacant_count":1,"persistently_vacant_count":1,"longest_vacancy_days":3834}},
{"type":"Feature","geometry":{"type":"Point","coordinates":[17.5009,47.0634]},"properties":{"name":"Kolontár","county":"Veszprém","population":673,"active_gp_count":0,"gps_per_1000":0,"access_class":"desert","access_band":0,"is_desert":1,"nearest_gp_km":8.3,"nearest_gp_minutes":13,"nearest_gp_settlement":"Devecser","nearest_gp_method":"road","vacant_count":1,"persistently_vacant_count":1,"longest_vacancy_days":2282}},
{"type":"Feature","geometry":{"type":"Point","coordinates":[18.135,47.7219]},"properties":{"name":"Komárom","county":"Komárom-Esztergom","population":19862,"active_gp_count":5,"gps_per_1000":0.25,"access_class":"low","access_band":2,"is_desert":0,"nearest_gp_km":0,"nearest_gp_minutes":0,"nearest_gp_settlement":null,"nearest_gp_method":null,"vacant_count":7,"persistently_vacant_count":7,"longest_vacancy_days":1369}},
{"type":"Feature","geometry":{"type":"Point","coordinates":[20.7538,48.5488]},"properties":{"name":"Komjáti","county":"Borsod-Abaúj-Zemplén","population":195,"active_gp_count":0,"gps_per_1000":0,"access_class":"desert","access_band":0,"is_desert":1,"nearest_gp_km":3.6,"nearest_gp_minutes":6,"nearest_gp_settlement":"Bódvaszilas","nearest_gp_method":"road","vacant_count":1,"persistently_vacant_count":1,"longest_vacancy_days":2557}},
{"type":"Feature","geometry":{"type":"Point","coordinates":[18.262,46.199]},"properties":{"name":"Komló","county":"Baranya","population":21567,"active_gp_count":14,"gps_per_1000":0.65,"access_class":"ok","access_band":4,"is_desert":0,"nearest_gp_km":0,"nearest_gp_minutes":0,"nearest_gp_settlement":null,"nearest_gp_method":null,"vacant_count":1,"persistently_vacant_count":1,"longest_vacancy_days":668}},
{"type":"Feature","geometry":{"type":"Point","coordinates":[17.3923,46.0231]},"properties":{"name":"Komlósd","county":"Somogy","population":169,"active_gp_count":1,"gps_per_1000":5.92,"access_class":"ok","access_band":4,"is_desert":0,"nearest_gp_km":0,"nearest_gp_minutes":0,"nearest_gp_settlement":null,"nearest_gp_method":null,"vacant_count":1,"persistently_vacant_count":1,"longest_vacancy_days":2707}},
{"type":"Feature","geometry":{"type":"Point","coordinates":[20.227,47.7194]},"properties":{"name":"Kompolt","county":"Heves","population":1813,"active_gp_count":1,"gps_per_1000":0.55,"access_class":"moderate","access_band":3,"is_desert":0,"nearest_gp_km":0,"nearest_gp_minutes":0,"nearest_gp_settlement":null,"nearest_gp_method":null,"vacant_count":1,"persistently_vacant_count":1,"longest_vacancy_days":1491}},
{"type":"Feature","geometry":{"type":"Point","coordinates":[16.3939,46.8955]},"properties":{"name":"Kondorfa","county":"Vas","population":464,"active_gp_count":1,"gps_per_1000":2.16,"access_class":"ok","access_band":4,"is_desert":0,"nearest_gp_km":0,"nearest_gp_minutes":0,"nearest_gp_settlement":null,"nearest_gp_method":null,"vacant_count":1,"persistently_vacant_count":0,"longest_vacancy_days":3743}},
{"type":"Feature","geometry":{"type":"Point","coordinates":[20.814,46.7503]},"properties":{"name":"Kondoros","county":"Békés","population":4454,"active_gp_count":2,"gps_per_1000":0.45,"access_class":"moderate","access_band":3,"is_desert":0,"nearest_gp_km":0,"nearest_gp_minutes":0,"nearest_gp_settlement":null,"nearest_gp_method":null,"vacant_count":2,"persistently_vacant_count":2,"longest_vacancy_days":273}},
{"type":"Feature","geometry":{"type":"Point","coordinates":[18.0939,46.6116]},"properties":{"name":"Koppányszántó","county":"Tolna","population":293,"active_gp_count":0,"gps_per_1000":0,"access_class":"desert","access_band":0,"is_desert":1,"nearest_gp_km":11.8,"nearest_gp_minutes":14,"nearest_gp_settlement":"Nagykónyi","nearest_gp_method":"road","vacant_count":1,"persistently_vacant_count":1,"longest_vacancy_days":1034}},
{"type":"Feature","geometry":{"type":"Point","coordinates":[21.254,48.3784]},"properties":{"name":"Korlát","county":"Borsod-Abaúj-Zemplén","population":320,"active_gp_count":0,"gps_per_1000":0,"access_class":"desert","access_band":0,"is_desert":1,"nearest_gp_km":8.1,"nearest_gp_minutes":9,"nearest_gp_settlement":"Boldogkőváralja","nearest_gp_method":"road","vacant_count":1,"persistently_vacant_count":1,"longest_vacancy_days":1034}},
{"type":"Feature","geometry":{"type":"Point","coordinates":[18.0697,45.8707]},"properties":{"name":"Kórós","county":"Baranya","population":171,"active_gp_count":0,"gps_per_1000":0,"access_class":"desert","access_band":0,"is_desert":1,"nearest_gp_km":7,"nearest_gp_minutes":9,"nearest_gp_settlement":"Kémes","nearest_gp_method":"road","vacant_count":1,"persistently_vacant_count":1,"longest_vacancy_days":1126}},
{"type":"Feature","geometry":{"type":"Point","coordinates":[16.5905,46.775]},"properties":{"name":"Kozmadombja","county":"Zala","population":33,"active_gp_count":0,"gps_per_1000":0,"access_class":"desert","access_band":0,"is_desert":1,"nearest_gp_km":12.5,"nearest_gp_minutes":18,"nearest_gp_settlement":"Csesztreg","nearest_gp_method":"road","vacant_count":1,"persistently_vacant_count":1,"longest_vacancy_days":2007}},
{"type":"Feature","geometry":{"type":"Point","coordinates":[18.3113,46.2945]},"properties":{"name":"Köblény","county":"Baranya","population":190,"active_gp_count":1,"gps_per_1000":5.26,"access_class":"ok","access_band":4,"is_desert":0,"nearest_gp_km":0,"nearest_gp_minutes":0,"nearest_gp_settlement":null,"nearest_gp_method":null,"vacant_count":1,"persistently_vacant_count":1,"longest_vacancy_days":1611}},
{"type":"Feature","geometry":{"type":"Point","coordinates":[17.1116,47.1867]},"properties":{"name":"Köcsk","county":"Vas","population":238,"active_gp_count":0,"gps_per_1000":0,"access_class":"desert","access_band":0,"is_desert":1,"nearest_gp_km":8.7,"nearest_gp_minutes":11,"nearest_gp_settlement":"Celldömölk","nearest_gp_method":"road","vacant_count":1,"persistently_vacant_count":0,"longest_vacancy_days":4748}},
{"type":"Feature","geometry":{"type":"Point","coordinates":[18.5937,46.5243]},"properties":{"name":"Kölesd","county":"Tolna","population":1311,"active_gp_count":1,"gps_per_1000":0.76,"access_class":"ok","access_band":4,"is_desert":0,"nearest_gp_km":0,"nearest_gp_minutes":0,"nearest_gp_settlement":null,"nearest_gp_method":null,"vacant_count":1,"persistently_vacant_count":1,"longest_vacancy_days":943}},
{"type":"Feature","geometry":{"type":"Point","coordinates":[18.262,46.199]},"properties":{"name":"Kömlő","county":"Heves","population":1891,"active_gp_count":0,"gps_per_1000":0,"access_class":"desert","access_band":0,"is_desert":1,"nearest_gp_km":0,"nearest_gp_minutes":0,"nearest_gp_settlement":"Komló","nearest_gp_method":"road","vacant_count":1,"persistently_vacant_count":1,"longest_vacancy_days":2373}},
{"type":"Feature","geometry":{"type":"Point","coordinates":[18.2486,47.5503]},"properties":{"name":"Kömlőd","county":"Komárom-Esztergom","population":1105,"active_gp_count":0,"gps_per_1000":0,"access_class":"desert","access_band":0,"is_desert":1,"nearest_gp_km":6.1,"nearest_gp_minutes":9,"nearest_gp_settlement":"Dad","nearest_gp_method":"road","vacant_count":1,"persistently_vacant_count":1,"longest_vacancy_days":3834}},
{"type":"Feature","geometry":{"type":"Point","coordinates":[16.5936,47.0182]},"properties":{"name":"Körmend","county":"Vas","population":10062,"active_gp_count":5,"gps_per_1000":0.5,"access_class":"moderate","access_band":3,"is_desert":0,"nearest_gp_km":0,"nearest_gp_minutes":0,"nearest_gp_settlement":null,"nearest_gp_method":null,"vacant_count":3,"persistently_vacant_count":0,"longest_vacancy_days":3590}},
{"type":"Feature","geometry":{"type":"Point","coordinates":[21.0694,46.9521]},"properties":{"name":"Körösladány","county":"Békés","population":3970,"active_gp_count":2,"gps_per_1000":0.5,"access_class":"moderate","access_band":3,"is_desert":0,"nearest_gp_km":0,"nearest_gp_minutes":0,"nearest_gp_settlement":null,"nearest_gp_method":null,"vacant_count":1,"persistently_vacant_count":1,"longest_vacancy_days":1734}},
{"type":"Feature","geometry":{"type":"Point","coordinates":[21.6544,47.0017]},"properties":{"name":"Körösnagyharsány","county":"Békés","population":404,"active_gp_count":0,"gps_per_1000":0,"access_class":"desert","access_band":0,"is_desert":1,"nearest_gp_km":8.8,"nearest_gp_minutes":13,"nearest_gp_settlement":"Biharugra","nearest_gp_method":"road","vacant_count":1,"persistently_vacant_count":1,"longest_vacancy_days":7943}},
{"type":"Feature","geometry":{"type":"Point","coordinates":[21.018,46.8905]},"properties":{"name":"Köröstarcsa","county":"Békés","population":2144,"active_gp_count":0,"gps_per_1000":0,"access_class":"desert","access_band":0,"is_desert":1,"nearest_gp_km":11.3,"nearest_gp_minutes":14,"nearest_gp_settlement":"Mezőberény","nearest_gp_method":"road","vacant_count":2,"persistently_vacant_count":2,"longest_vacancy_days":3348}},
{"type":"Feature","geometry":{"type":"Point","coordinates":[21.3899,46.9561]},"properties":{"name":"Körösújfalu","county":"Békés","population":292,"active_gp_count":0,"gps_per_1000":0,"access_class":"desert","access_band":0,"is_desert":1,"nearest_gp_km":13.6,"nearest_gp_minutes":15,"nearest_gp_settlement":"Vésztő","nearest_gp_method":"road","vacant_count":2,"persistently_vacant_count":2,"longest_vacancy_days":5844}},
{"type":"Feature","geometry":{"type":"Point","coordinates":[21.5887,47.0224]},"properties":{"name":"Körösszakál","county":"Hajdú-Bihar","population":651,"active_gp_count":0,"gps_per_1000":0,"access_class":"desert","access_band":0,"is_desert":1,"nearest_gp_km":9.8,"nearest_gp_minutes":14,"nearest_gp_settlement":"Biharugra","nearest_gp_method":"road","vacant_count":1,"persistently_vacant_count":1,"longest_vacancy_days":4079}},
{"type":"Feature","geometry":{"type":"Point","coordinates":[16.5304,47.3827]},"properties":{"name":"Kőszeg","county":"Vas","population":11654,"active_gp_count":4,"gps_per_1000":0.34,"access_class":"low","access_band":2,"is_desert":0,"nearest_gp_km":0,"nearest_gp_minutes":0,"nearest_gp_settlement":null,"nearest_gp_method":null,"vacant_count":2,"persistently_vacant_count":0,"longest_vacancy_days":1642}},
{"type":"Feature","geometry":{"type":"Point","coordinates":[16.5475,47.349]},"properties":{"name":"Kőszegdoroszló","county":"Vas","population":313,"active_gp_count":1,"gps_per_1000":3.19,"access_class":"ok","access_band":4,"is_desert":0,"nearest_gp_km":0,"nearest_gp_minutes":0,"nearest_gp_settlement":null,"nearest_gp_method":null,"vacant_count":1,"persistently_vacant_count":0,"longest_vacancy_days":456}},
{"type":"Feature","geometry":{"type":"Point","coordinates":[16.6516,47.3446]},"properties":{"name":"Kőszegpaty","county":"Vas","population":214,"active_gp_count":1,"gps_per_1000":4.67,"access_class":"ok","access_band":4,"is_desert":0,"nearest_gp_km":0,"nearest_gp_minutes":0,"nearest_gp_settlement":null,"nearest_gp_method":null,"vacant_count":1,"persistently_vacant_count":0,"longest_vacancy_days":456}},
{"type":"Feature","geometry":{"type":"Point","coordinates":[16.5239,47.3267]},"properties":{"name":"Kőszegszerdahely","county":"Vas","population":542,"active_gp_count":1,"gps_per_1000":1.85,"access_class":"ok","access_band":4,"is_desert":0,"nearest_gp_km":0,"nearest_gp_minutes":0,"nearest_gp_settlement":null,"nearest_gp_method":null,"vacant_count":1,"persistently_vacant_count":0,"longest_vacancy_days":456}},
{"type":"Feature","geometry":{"type":"Point","coordinates":[21.4862,46.726]},"properties":{"name":"Kötegyán","county":"Békés","population":1149,"active_gp_count":0,"gps_per_1000":0,"access_class":"desert","access_band":0,"is_desert":1,"nearest_gp_km":7,"nearest_gp_minutes":10,"nearest_gp_settlement":"Méhkerék","nearest_gp_method":"road","vacant_count":1,"persistently_vacant_count":0,"longest_vacancy_days":91}},
{"type":"Feature","geometry":{"type":"Point","coordinates":[20.3903,47.3356]},"properties":{"name":"Kőtelek","county":"Jász-Nagykun-Szolnok","population":1510,"active_gp_count":0,"gps_per_1000":0,"access_class":"desert","access_band":0,"is_desert":1,"nearest_gp_km":8.9,"nearest_gp_minutes":11,"nearest_gp_settlement":"Nagykörű","nearest_gp_method":"road","vacant_count":1,"persistently_vacant_count":1,"longest_vacancy_days":456}},
{"type":"Feature","geometry":{"type":"Point","coordinates":[20.9698,48.4858]},"properties":{"name":"Krasznokvajda","county":"Borsod-Abaúj-Zemplén","population":442,"active_gp_count":0,"gps_per_1000":0,"access_class":"desert","access_band":0,"is_desert":1,"nearest_gp_km":14.3,"nearest_gp_minutes":15,"nearest_gp_settlement":"Baktakék","nearest_gp_method":"road","vacant_count":1,"persistently_vacant_count":1,"longest_vacancy_days":242}},
{"type":"Feature","geometry":{"type":"Point","coordinates":[21.0338,46.4293]},"properties":{"name":"Kunágota","county":"Békés","population":2267,"active_gp_count":0,"gps_per_1000":0,"access_class":"desert","access_band":0,"is_desert":1,"nearest_gp_km":7.3,"nearest_gp_minutes":10,"nearest_gp_settlement":"Almáskamarás","nearest_gp_method":"road","vacant_count":2,"persistently_vacant_count":2,"longest_vacancy_days":1218}},
{"type":"Feature","geometry":{"type":"Point","coordinates":[19.4213,46.3548]},"properties":{"name":"Kunfehértó","county":"Bács-Kiskun","population":2035,"active_gp_count":1,"gps_per_1000":0.49,"access_class":"moderate","access_band":3,"is_desert":0,"nearest_gp_km":0,"nearest_gp_minutes":0,"nearest_gp_settlement":null,"nearest_gp_method":null,"vacant_count":1,"persistently_vacant_count":1,"longest_vacancy_days":6025}},
{"type":"Feature","geometry":{"type":"Point","coordinates":[20.6638,47.3497]},"properties":{"name":"Kunhegyes","county":"Jász-Nagykun-Szolnok","population":6823,"active_gp_count":4,"gps_per_1000":0.59,"access_class":"moderate","access_band":3,"is_desert":0,"nearest_gp_km":0,"nearest_gp_minutes":0,"nearest_gp_settlement":null,"nearest_gp_method":null,"vacant_count":1,"persistently_vacant_count":1,"longest_vacancy_days":973}},
{"type":"Feature","geometry":{"type":"Point","coordinates":[20.85,47.4254]},"properties":{"name":"Kunmadaras","county":"Jász-Nagykun-Szolnok","population":4851,"active_gp_count":1,"gps_per_1000":0.21,"access_class":"low","access_band":2,"is_desert":0,"nearest_gp_km":0,"nearest_gp_minutes":0,"nearest_gp_settlement":null,"nearest_gp_method":null,"vacant_count":3,"persistently_vacant_count":3,"longest_vacancy_days":4018}},
{"type":"Feature","geometry":{"type":"Point","coordinates":[19.2744,47.0822]},"properties":{"name":"Kunpeszér","county":"Bács-Kiskun","population":796,"active_gp_count":0,"gps_per_1000":0,"access_class":"desert","access_band":0,"is_desert":1,"nearest_gp_km":11.8,"nearest_gp_minutes":18,"nearest_gp_settlement":"Kunszentmiklós","nearest_gp_method":"road","vacant_count":1,"persistently_vacant_count":1,"longest_vacancy_days":5966}},
{"type":"Feature","geometry":{"type":"Point","coordinates":[19.7388,46.77]},"properties":{"name":"Kunszállás","county":"Bács-Kiskun","population":1732,"active_gp_count":0,"gps_per_1000":0,"access_class":"desert","access_band":0,"is_desert":1,"nearest_gp_km":5.7,"nearest_gp_minutes":10,"nearest_gp_settlement":"Fülöpjakab","nearest_gp_method":"road","vacant_count":1,"persistently_vacant_count":1,"longest_vacancy_days":1522}},
{"type":"Feature","geometry":{"type":"Point","coordinates":[19.1821,47.0024]},"properties":{"name":"Kunszentmiklós","county":"Bács-Kiskun","population":7987,"active_gp_count":5,"gps_per_1000":0.63,"access_class":"ok","access_band":4,"is_desert":0,"nearest_gp_km":0,"nearest_gp_minutes":0,"nearest_gp_settlement":null,"nearest_gp_method":null,"vacant_count":2,"persistently_vacant_count":2,"longest_vacancy_days":456}},
{"type":"Feature","geometry":{"type":"Point","coordinates":[17.5309,47.7473]},"properties":{"name":"Kunsziget","county":"Győr-Moson-Sopron","population":1482,"active_gp_count":0,"gps_per_1000":0,"access_class":"desert","access_band":0,"is_desert":1,"nearest_gp_km":4.4,"nearest_gp_minutes":9,"nearest_gp_settlement":"Öttevény","nearest_gp_method":"road","vacant_count":1,"persistently_vacant_count":0,"longest_vacancy_days":91}},
{"type":"Feature","geometry":{"type":"Point","coordinates":[16.666,46.7847]},"properties":{"name":"Kustánszeg","county":"Zala","population":454,"active_gp_count":0,"gps_per_1000":0,"access_class":"desert","access_band":0,"is_desert":1,"nearest_gp_km":4.6,"nearest_gp_minutes":6,"nearest_gp_settlement":"Csonkahegyhát","nearest_gp_method":"road","vacant_count":1,"persistently_vacant_count":0,"longest_vacancy_days":181}},
{"type":"Feature","geometry":{"type":"Point","coordinates":[17.4408,46.3542]},"properties":{"name":"Kutas","county":"Somogy","population":1213,"active_gp_count":1,"gps_per_1000":0.82,"access_class":"ok","access_band":4,"is_desert":0,"nearest_gp_km":0,"nearest_gp_minutes":0,"nearest_gp_settlement":null,"nearest_gp_method":null,"vacant_count":1,"persistently_vacant_count":1,"longest_vacancy_days":3195}},
{"type":"Feature","geometry":{"type":"Point","coordinates":[18.1639,47.0697]},"properties":{"name":"Küngös","county":"Veszprém","population":502,"active_gp_count":0,"gps_per_1000":0,"access_class":"desert","access_band":0,"is_desert":1,"nearest_gp_km":7.4,"nearest_gp_minutes":10,"nearest_gp_settlement":"Berhida","nearest_gp_method":"road","vacant_count":1,"persistently_vacant_count":1,"longest_vacancy_days":4383}},
{"type":"Feature","geometry":{"type":"Point","coordinates":[18.5056,47.7295]},"properties":{"name":"Lábatlan","county":"Komárom-Esztergom","population":4851,"active_gp_count":3,"gps_per_1000":0.62,"access_class":"ok","access_band":4,"is_desert":0,"nearest_gp_km":0,"nearest_gp_minutes":0,"nearest_gp_settlement":null,"nearest_gp_method":null,"vacant_count":1,"persistently_vacant_count":0,"longest_vacancy_days":181}},
{"type":"Feature","geometry":{"type":"Point","coordinates":[20.7973,48.3503]},"properties":{"name":"Ládbesenyő","county":"Borsod-Abaúj-Zemplén","population":263,"active_gp_count":0,"gps_per_1000":0,"access_class":"desert","access_band":0,"is_desert":1,"nearest_gp_km":7.5,"nearest_gp_minutes":10,"nearest_gp_settlement":"Edelény","nearest_gp_method":"road","vacant_count":2,"persistently_vacant_count":2,"longest_vacancy_days":1856}},
{"type":"Feature","geometry":{"type":"Point","coordinates":[20.8545,48.3593]},"properties":{"name":"Lak","county":"Borsod-Abaúj-Zemplén","population":641,"active_gp_count":0,"gps_per_1000":0,"access_class":"desert","access_band":0,"is_desert":1,"nearest_gp_km":10.9,"nearest_gp_minutes":14,"nearest_gp_settlement":"Homrogd","nearest_gp_method":"road","vacant_count":1,"persistently_vacant_count":1,"longest_vacancy_days":2373}},
{"type":"Feature","geometry":{"type":"Point","coordinates":[19.9975,46.8856]},"properties":{"name":"Lakitelek","county":"Bács-Kiskun","population":4886,"active_gp_count":2,"gps_per_1000":0.41,"access_class":"moderate","access_band":3,"is_desert":0,"nearest_gp_km":0,"nearest_gp_minutes":0,"nearest_gp_settlement":null,"nearest_gp_method":null,"vacant_count":1,"persistently_vacant_count":1,"longest_vacancy_days":912}},
{"type":"Feature","geometry":{"type":"Point","coordinates":[17.6966,45.8911]},"properties":{"name":"Lakócsa","county":"Somogy","population":487,"active_gp_count":0,"gps_per_1000":0,"access_class":"desert","access_band":0,"is_desert":1,"nearest_gp_km":13.1,"nearest_gp_minutes":15,"nearest_gp_settlement":"Kétújfalu","nearest_gp_method":"road","vacant_count":1,"persistently_vacant_count":1,"longest_vacancy_days":6574}},
{"type":"Feature","geometry":{"type":"Point","coordinates":[18.0645,46.5305]},"properties":{"name":"Lápafő","county":"Tolna","population":145,"active_gp_count":0,"gps_per_1000":0,"access_class":"desert","access_band":0,"is_desert":1,"nearest_gp_km":10.2,"nearest_gp_minutes":13,"nearest_gp_settlement":"Igal","nearest_gp_method":"road","vacant_count":1,"persistently_vacant_count":1,"longest_vacancy_days":943}},
{"type":"Feature","geometry":{"type":"Point","coordinates":[17.7509,46.7452]},"properties":{"name":"Látrány","county":"Somogy","population":1295,"active_gp_count":0,"gps_per_1000":0,"access_class":"desert","access_band":0,"is_desert":1,"nearest_gp_km":10,"nearest_gp_minutes":14,"nearest_gp_settlement":"Balatonboglár","nearest_gp_method":"road","vacant_count":1,"persistently_vacant_count":1,"longest_vacancy_days":638}},
{"type":"Feature","geometry":{"type":"Point","coordinates":[21.1278,48.153]},"properties":{"name":"Legyesbénye","county":"Borsod-Abaúj-Zemplén","population":1366,"active_gp_count":0,"gps_per_1000":0,"access_class":"desert","access_band":0,"is_desert":1,"nearest_gp_km":7.1,"nearest_gp_minutes":12,"nearest_gp_settlement":"Szerencs","nearest_gp_method":"road","vacant_count":1,"persistently_vacant_count":1,"longest_vacancy_days":1703}},
{"type":"Feature","geometry":{"type":"Point","coordinates":[20.9821,48.2935]},"properties":{"name":"Léh","county":"Borsod-Abaúj-Zemplén","population":444,"active_gp_count":0,"gps_per_1000":0,"access_class":"desert","access_band":0,"is_desert":1,"nearest_gp_km":6.6,"nearest_gp_minutes":10,"nearest_gp_settlement":"Halmaj","nearest_gp_method":"road","vacant_count":1,"persistently_vacant_count":1,"longest_vacancy_days":4109}},
{"type":"Feature","geometry":{"type":"Point","coordinates":[16.5751,46.6359]},"properties":{"name":"Lenti","county":"Zala","population":6820,"active_gp_count":2,"gps_per_1000":0.29,"access_class":"low","access_band":2,"is_desert":0,"nearest_gp_km":0,"nearest_gp_minutes":0,"nearest_gp_settlement":null,"nearest_gp_method":null,"vacant_count":3,"persistently_vacant_count":3,"longest_vacancy_days":2648}},
{"type":"Feature","geometry":{"type":"Point","coordinates":[18.8036,47.8856]},"properties":{"name":"Letkés","county":"Pest","population":1034,"active_gp_count":0,"gps_per_1000":0,"access_class":"desert","access_band":0,"is_desert":1,"nearest_gp_km":6.4,"nearest_gp_minutes":7,"nearest_gp_settlement":"Ipolydamásd","nearest_gp_method":"road","vacant_count":1,"persistently_vacant_count":1,"longest_vacancy_days":2313}},
{"type":"Feature","geometry":{"type":"Point","coordinates":[17.5182,46.5297]},"properties":{"name":"Libickozma","county":"Somogy","population":28,"active_gp_count":0,"gps_per_1000":0,"access_class":"desert","access_band":0,"is_desert":1,"nearest_gp_km":13.3,"nearest_gp_minutes":16,"nearest_gp_settlement":"Osztopán","nearest_gp_method":"road","vacant_count":1,"persistently_vacant_count":1,"longest_vacancy_days":1948}},
{"type":"Feature","geometry":{"type":"Point","coordinates":[21.0575,48.4592]},"properties":{"name":"Litka","county":"Borsod-Abaúj-Zemplén","population":31,"active_gp_count":0,"gps_per_1000":0,"access_class":"desert","access_band":0,"is_desert":1,"nearest_gp_km":15.2,"nearest_gp_minutes":16,"nearest_gp_settlement":"Méra","nearest_gp_method":"road","vacant_count":1,"persistently_vacant_count":1,"longest_vacancy_days":4230}},
{"type":"Feature","geometry":{"type":"Point","coordinates":[19.5919,48.1978]},"properties":{"name":"Litke","county":"Nógrád","population":746,"active_gp_count":0,"gps_per_1000":0,"access_class":"desert","access_band":0,"is_desert":1,"nearest_gp_km":6.2,"nearest_gp_minutes":8,"nearest_gp_settlement":"Egyházasgerge","nearest_gp_method":"road","vacant_count":1,"persistently_vacant_count":1,"longest_vacancy_days":4474}},
{"type":"Feature","geometry":{"type":"Point","coordinates":[21.2558,46.4358]},"properties":{"name":"Lőkösháza","county":"Békés","population":1406,"active_gp_count":0,"gps_per_1000":0,"access_class":"desert","access_band":0,"is_desert":1,"nearest_gp_km":7,"nearest_gp_minutes":11,"nearest_gp_settlement":"Kevermes","nearest_gp_method":"road","vacant_count":1,"persistently_vacant_count":1,"longest_vacancy_days":2160}},
{"type":"Feature","geometry":{"type":"Point","coordinates":[19.668,47.7361]},"properties":{"name":"Lőrinci","county":"Heves","population":5365,"active_gp_count":2,"gps_per_1000":0.37,"access_class":"low","access_band":2,"is_desert":0,"nearest_gp_km":0,"nearest_gp_minutes":0,"nearest_gp_settlement":null,"nearest_gp_method":null,"vacant_count":2,"persistently_vacant_count":2,"longest_vacancy_days":760}},
{"type":"Feature","geometry":{"type":"Point","coordinates":[19.5225,48.1365]},"properties":{"name":"Ludányhalászi","county":"Nógrád","population":1410,"active_gp_count":0,"gps_per_1000":0,"access_class":"desert","access_band":0,"is_desert":1,"nearest_gp_km":6.6,"nearest_gp_minutes":9,"nearest_gp_settlement":"Szécsény","nearest_gp_method":"road","vacant_count":1,"persistently_vacant_count":1,"longest_vacancy_days":456}},
{"type":"Feature","geometry":{"type":"Point","coordinates":[16.5858,47.3418]},"properties":{"name":"Lukácsháza","county":"Vas","population":1067,"active_gp_count":1,"gps_per_1000":0.94,"access_class":"ok","access_band":4,"is_desert":0,"nearest_gp_km":0,"nearest_gp_minutes":0,"nearest_gp_settlement":null,"nearest_gp_method":null,"vacant_count":1,"persistently_vacant_count":0,"longest_vacancy_days":456}},
{"type":"Feature","geometry":{"type":"Point","coordinates":[18.0184,46.793]},"properties":{"name":"Lulla","county":"Somogy","population":206,"active_gp_count":1,"gps_per_1000":4.85,"access_class":"ok","access_band":4,"is_desert":0,"nearest_gp_km":0,"nearest_gp_minutes":0,"nearest_gp_settlement":null,"nearest_gp_method":null,"vacant_count":1,"persistently_vacant_count":1,"longest_vacancy_days":1004}},
{"type":"Feature","geometry":{"type":"Point","coordinates":[17.9569,45.8281]},"properties":{"name":"Lúzsok","county":"Baranya","population":198,"active_gp_count":0,"gps_per_1000":0,"access_class":"desert","access_band":0,"is_desert":1,"nearest_gp_km":5.6,"nearest_gp_minutes":6,"nearest_gp_settlement":"Vajszló","nearest_gp_method":"road","vacant_count":1,"persistently_vacant_count":1,"longest_vacancy_days":1917}},
{"type":"Feature","geometry":{"type":"Point","coordinates":[19.3073,46.0529]},"properties":{"name":"Madaras","county":"Bács-Kiskun","population":2509,"active_gp_count":1,"gps_per_1000":0.4,"access_class":"moderate","access_band":3,"is_desert":0,"nearest_gp_km":0,"nearest_gp_minutes":0,"nearest_gp_settlement":null,"nearest_gp_method":null,"vacant_count":1,"persistently_vacant_count":1,"longest_vacancy_days":2769}},
{"type":"Feature","geometry":{"type":"Point","coordinates":[18.9457,46.6789]},"properties":{"name":"Madocsa","county":"Tolna","population":1762,"active_gp_count":0,"gps_per_1000":0,"access_class":"desert","access_band":0,"is_desert":1,"nearest_gp_km":7.2,"nearest_gp_minutes":10,"nearest_gp_settlement":"Bölcske","nearest_gp_method":"road","vacant_count":2,"persistently_vacant_count":2,"longest_vacancy_days":2738}},
{"type":"Feature","geometry":{"type":"Point","coordinates":[21.0796,46.3784]},"properties":{"name":"Magyardombegyház","county":"Békés","population":161,"active_gp_count":0,"gps_per_1000":0,"access_class":"desert","access_band":0,"is_desert":1,"nearest_gp_km":6.5,"nearest_gp_minutes":8,"nearest_gp_settlement":"Dombegyház","nearest_gp_method":"road","vacant_count":1,"persistently_vacant_count":1,"longest_vacancy_days":7943}},
{"type":"Feature","geometry":{"type":"Point","coordinates":[18.2965,46.2434]},"properties":{"name":"Magyaregregy","county":"Baranya","population":656,"active_gp_count":1,"gps_per_1000":1.52,"access_class":"ok","access_band":4,"is_desert":0,"nearest_gp_km":0,"nearest_gp_minutes":0,"nearest_gp_settlement":null,"nearest_gp_method":null,"vacant_count":1,"persistently_vacant_count":1,"longest_vacancy_days":1611}},
{"type":"Feature","geometry":{"type":"Point","coordinates":[19.5949,48.0815]},"properties":{"name":"Magyargéc","county":"Nógrád","population":788,"active_gp_count":0,"gps_per_1000":0,"access_class":"desert","access_band":0,"is_desert":1,"nearest_gp_km":9.3,"nearest_gp_minutes":11,"nearest_gp_settlement":"Szécsény","nearest_gp_method":"road","vacant_count":1,"persistently_vacant_count":1,"longest_vacancy_days":1887}},
{"type":"Feature","geometry":{"type":"Point","coordinates":[18.2229,46.7527]},"properties":{"name":"Magyarkeszi","county":"Tolna","population":1022,"active_gp_count":0,"gps_per_1000":0,"access_class":"desert","access_band":0,"is_desert":1,"nearest_gp_km":8.4,"nearest_gp_minutes":11,"nearest_gp_settlement":"Iregszemcse","nearest_gp_method":"road","vacant_count":1,"persistently_vacant_count":1,"longest_vacancy_days":3895}},
{"type":"Feature","geometry":{"type":"Point","coordinates":[16.6424,47.0404]},"properties":{"name":"Magyarszecsőd","county":"Vas","population":405,"active_gp_count":0,"gps_per_1000":0,"access_class":"desert","access_band":0,"is_desert":1,"nearest_gp_km":6.6,"nearest_gp_minutes":9,"nearest_gp_settlement":"Körmend","nearest_gp_method":"road","vacant_count":1,"persistently_vacant_count":0,"longest_vacancy_days":4199}},
{"type":"Feature","geometry":{"type":"Point","coordinates":[19.0195,47.2645]},"properties":{"name":"Majosháza","county":"Pest","population":1697,"active_gp_count":0,"gps_per_1000":0,"access_class":"desert","access_band":0,"is_desert":1,"nearest_gp_km":5.4,"nearest_gp_minutes":8,"nearest_gp_settlement":"Áporka","nearest_gp_method":"road","vacant_count":1,"persistently_vacant_count":1,"longest_vacancy_days":426}},
{"type":"Feature","geometry":{"type":"Point","coordinates":[20.561,46.2901]},"properties":{"name":"Makó","county":"Csongrád-Csanád","population":21703,"active_gp_count":16,"gps_per_1000":0.74,"access_class":"ok","access_band":4,"is_desert":0,"nearest_gp_km":0,"nearest_gp_minutes":0,"nearest_gp_settlement":null,"nearest_gp_method":null,"vacant_count":2,"persistently_vacant_count":2,"longest_vacancy_days":3287}},
{"type":"Feature","geometry":{"type":"Point","coordinates":[18.2446,46.1575]},"properties":{"name":"Mánfa","county":"Baranya","population":736,"active_gp_count":1,"gps_per_1000":1.36,"access_class":"ok","access_band":4,"is_desert":0,"nearest_gp_km":0,"nearest_gp_minutes":0,"nearest_gp_settlement":null,"nearest_gp_method":null,"vacant_count":1,"persistently_vacant_count":1,"longest_vacancy_days":668}},
{"type":"Feature","geometry":{"type":"Point","coordinates":[17.4056,46.5676]},"properties":{"name":"Marcali","county":"Somogy","population":10373,"active_gp_count":3,"gps_per_1000":0.29,"access_class":"low","access_band":2,"is_desert":0,"nearest_gp_km":0,"nearest_gp_minutes":0,"nearest_gp_settlement":null,"nearest_gp_method":null,"vacant_count":4,"persistently_vacant_count":4,"longest_vacancy_days":4109}},
{"type":"Feature","geometry":{"type":"Point","coordinates":[17.7589,45.8527]},"properties":{"name":"Markóc","county":"Baranya","population":62,"active_gp_count":0,"gps_per_1000":0,"access_class":"desert","access_band":0,"is_desert":1,"nearest_gp_km":12,"nearest_gp_minutes":14,"nearest_gp_settlement":"Sellye","nearest_gp_method":"road","vacant_count":1,"persistently_vacant_count":1,"longest_vacancy_days":2282}},
{"type":"Feature","geometry":{"type":"Point","coordinates":[17.3034,47.6778]},"properties":{"name":"Markotabödöge","county":"Győr-Moson-Sopron","population":503,"active_gp_count":0,"gps_per_1000":0,"access_class":"desert","access_band":0,"is_desert":1,"nearest_gp_km":7.8,"nearest_gp_minutes":10,"nearest_gp_settlement":"Győrsövényház","nearest_gp_method":"road","vacant_count":1,"persistently_vacant_count":1,"longest_vacancy_days":699}},
{"type":"Feature","geometry":{"type":"Point","coordinates":[17.8322,45.9191]},"properties":{"name":"Marócsa","county":"Baranya","population":73,"active_gp_count":1,"gps_per_1000":13.7,"access_class":"ok","access_band":4,"is_desert":0,"nearest_gp_km":0,"nearest_gp_minutes":0,"nearest_gp_settlement":null,"nearest_gp_method":null,"vacant_count":1,"persistently_vacant_count":1,"longest_vacancy_days":1065}},
{"type":"Feature","geometry":{"type":"Point","coordinates":[20.774,48.4783]},"properties":{"name":"Martonyi","county":"Borsod-Abaúj-Zemplén","population":292,"active_gp_count":0,"gps_per_1000":0,"access_class":"desert","access_band":0,"is_desert":1,"nearest_gp_km":12,"nearest_gp_minutes":16,"nearest_gp_settlement":"Szendrő","nearest_gp_method":"road","vacant_count":1,"persistently_vacant_count":1,"longest_vacancy_days":3590}},
{"type":"Feature","geometry":{"type":"Point","coordinates":[22.3255,47.96]},"properties":{"name":"Mátészalka","county":"Szabolcs-Szatmár-Bereg","population":14848,"active_gp_count":12,"gps_per_1000":0.81,"access_class":"ok","access_band":4,"is_desert":0,"nearest_gp_km":0,"nearest_gp_minutes":0,"nearest_gp_settlement":null,"nearest_gp_method":null,"vacant_count":2,"persistently_vacant_count":1,"longest_vacancy_days":546}},
{"type":"Feature","geometry":{"type":"Point","coordinates":[19.2514,46.1662]},"properties":{"name":"Mátételke","county":"Bács-Kiskun","population":449,"active_gp_count":0,"gps_per_1000":0,"access_class":"desert","access_band":0,"is_desert":1,"nearest_gp_km":10.2,"nearest_gp_minutes":11,"nearest_gp_settlement":"Bácsbokod","nearest_gp_method":"road","vacant_count":1,"persistently_vacant_count":1,"longest_vacancy_days":3987}},
{"type":"Feature","geometry":{"type":"Point","coordinates":[19.848,47.9098]},"properties":{"name":"Mátraszentimre","county":"Heves","population":462,"active_gp_count":0,"gps_per_1000":0,"access_class":"desert","access_band":0,"is_desert":1,"nearest_gp_km":11.7,"nearest_gp_minutes":19,"nearest_gp_settlement":"Gyöngyösoroszi","nearest_gp_method":"road","vacant_count":1,"persistently_vacant_count":0,"longest_vacancy_days":61}},
{"type":"Feature","geometry":{"type":"Point","coordinates":[19.6792,47.9616]},"properties":{"name":"Mátraszőlős","county":"Nógrád","population":1425,"active_gp_count":0,"gps_per_1000":0,"access_class":"desert","access_band":0,"is_desert":1,"nearest_gp_km":8.5,"nearest_gp_minutes":11,"nearest_gp_settlement":"Tar","nearest_gp_method":"road","vacant_count":1,"persistently_vacant_count":1,"longest_vacancy_days":1673}},
{"type":"Feature","geometry":{"type":"Point","coordinates":[18.3361,46.9264]},"properties":{"name":"Mátyásdomb","county":"Fejér","population":727,"active_gp_count":0,"gps_per_1000":0,"access_class":"desert","access_band":0,"is_desert":1,"nearest_gp_km":6.4,"nearest_gp_minutes":8,"nearest_gp_settlement":"Kisláng","nearest_gp_method":"road","vacant_count":1,"persistently_vacant_count":1,"longest_vacancy_days":6665}},
{"type":"Feature","geometry":{"type":"Point","coordinates":[21.0696,48.1643]},"properties":{"name":"Megyaszó","county":"Borsod-Abaúj-Zemplén","population":2498,"active_gp_count":1,"gps_per_1000":0.4,"access_class":"moderate","access_band":3,"is_desert":0,"nearest_gp_km":0,"nearest_gp_minutes":0,"nearest_gp_settlement":null,"nearest_gp_method":null,"vacant_count":1,"persistently_vacant_count":1,"longest_vacancy_days":3044}},
{"type":"Feature","geometry":{"type":"Point","coordinates":[16.8621,47.1583]},"properties":{"name":"Meggyeskovácsi","county":"Vas","population":723,"active_gp_count":1,"gps_per_1000":1.38,"access_class":"ok","access_band":4,"is_desert":0,"nearest_gp_km":0,"nearest_gp_minutes":0,"nearest_gp_settlement":null,"nearest_gp_method":null,"vacant_count":1,"persistently_vacant_count":0,"longest_vacancy_days":2404}},
{"type":"Feature","geometry":{"type":"Point","coordinates":[22.8488,47.9291]},"properties":{"name":"Méhtelek","county":"Szabolcs-Szatmár-Bereg","population":640,"active_gp_count":0,"gps_per_1000":0,"access_class":"desert","access_band":0,"is_desert":1,"nearest_gp_km":3.9,"nearest_gp_minutes":5,"nearest_gp_settlement":"Rozsály","nearest_gp_method":"road","vacant_count":1,"persistently_vacant_count":0,"longest_vacancy_days":150}},
{"type":"Feature","geometry":{"type":"Point","coordinates":[22.3854,47.7927]},"properties":{"name":"Mérk","county":"Szabolcs-Szatmár-Bereg","population":1911,"active_gp_count":0,"gps_per_1000":0,"access_class":"desert","access_band":0,"is_desert":1,"nearest_gp_km":7,"nearest_gp_minutes":9,"nearest_gp_settlement":"Fábiánháza","nearest_gp_method":"road","vacant_count":1,"persistently_vacant_count":1,"longest_vacancy_days":2860}},
{"type":"Feature","geometry":{"type":"Point","coordinates":[20.4528,46.9391]},"properties":{"name":"Mesterszállás","county":"Jász-Nagykun-Szolnok","population":635,"active_gp_count":0,"gps_per_1000":0,"access_class":"desert","access_band":0,"is_desert":1,"nearest_gp_km":17.1,"nearest_gp_minutes":21,"nearest_gp_settlement":"Martfű","nearest_gp_method":"road","vacant_count":1,"persistently_vacant_count":1,"longest_vacancy_days":1887}},
{"type":"Feature","geometry":{"type":"Point","coordinates":[20.8098,48.4504]},"properties":{"name":"Meszes","county":"Borsod-Abaúj-Zemplén","population":151,"active_gp_count":0,"gps_per_1000":0,"access_class":"desert","access_band":0,"is_desert":1,"nearest_gp_km":12.1,"nearest_gp_minutes":13,"nearest_gp_settlement":"Szendrő","nearest_gp_method":"road","vacant_count":1,"persistently_vacant_count":1,"longest_vacancy_days":3590}},
{"type":"Feature","geometry":{"type":"Point","coordinates":[20.888,47.8247]},"properties":{"name":"Mezőcsát","county":"Borsod-Abaúj-Zemplén","population":5578,"active_gp_count":3,"gps_per_1000":0.54,"access_class":"moderate","access_band":3,"is_desert":0,"nearest_gp_km":0,"nearest_gp_minutes":0,"nearest_gp_settlement":null,"nearest_gp_method":null,"vacant_count":1,"persistently_vacant_count":1,"longest_vacancy_days":791}},
{"type":"Feature","geometry":{"type":"Point","coordinates":[21.4689,46.8554]},"properties":{"name":"Mezőgyán","county":"Békés","population":807,"active_gp_count":0,"gps_per_1000":0,"access_class":"desert","access_band":0,"is_desert":1,"nearest_gp_km":12,"nearest_gp_minutes":12,"nearest_gp_settlement":"Okány","nearest_gp_method":"road","vacant_count":1,"persistently_vacant_count":1,"longest_vacancy_days":5356}},
{"type":"Feature","geometry":{"type":"Point","coordinates":[20.4181,47.0049]},"properties":{"name":"Mezőhék","county":"Jász-Nagykun-Szolnok","population":302,"active_gp_count":0,"gps_per_1000":0,"access_class":"desert","access_band":0,"is_desert":1,"nearest_gp_km":9.9,"nearest_gp_minutes":11,"nearest_gp_settlement":"Martfű","nearest_gp_method":"road","vacant_count":1,"persistently_vacant_count":1,"longest_vacancy_days":7943}},
{"type":"Feature","geometry":{"type":"Point","coordinates":[20.6759,47.8175]},"properties":{"name":"Mezőkeresztes","county":"Borsod-Abaúj-Zemplén","population":3459,"active_gp_count":2,"gps_per_1000":0.58,"access_class":"moderate","access_band":3,"is_desert":0,"nearest_gp_km":0,"nearest_gp_minutes":0,"nearest_gp_settlement":null,"nearest_gp_method":null,"vacant_count":1,"persistently_vacant_count":1,"longest_vacancy_days":212}},
{"type":"Feature","geometry":{"type":"Point","coordinates":[18.2889,46.8387]},"properties":{"name":"Mezőkomárom","county":"Fejér","population":830,"active_gp_count":0,"gps_per_1000":0,"access_class":"desert","access_band":0,"is_desert":1,"nearest_gp_km":6.4,"nearest_gp_minutes":10,"nearest_gp_settlement":"Lajoskomárom","nearest_gp_method":"road","vacant_count":1,"persistently_vacant_count":1,"longest_vacancy_days":426}},
{"type":"Feature","geometry":{"type":"Point","coordinates":[20.572,47.8015]},"properties":{"name":"Mezőkövesd","county":"Borsod-Abaúj-Zemplén","population":15413,"active_gp_count":9,"gps_per_1000":0.58,"access_class":"moderate","access_band":3,"is_desert":0,"nearest_gp_km":0,"nearest_gp_minutes":0,"nearest_gp_settlement":null,"nearest_gp_method":null,"vacant_count":1,"persistently_vacant_count":1,"longest_vacancy_days":821}},
{"type":"Feature","geometry":{"type":"Point","coordinates":[17.3645,47.3477]},"properties":{"name":"Mezőlak","county":"Veszprém","population":901,"active_gp_count":0,"gps_per_1000":0,"access_class":"desert","access_band":0,"is_desert":1,"nearest_gp_km":8.9,"nearest_gp_minutes":13,"nearest_gp_settlement":"Nyárád","nearest_gp_method":"road","vacant_count":1,"persistently_vacant_count":1,"longest_vacancy_days":912}},
{"type":"Feature","geometry":{"type":"Point","coordinates":[17.8869,47.5718]},"properties":{"name":"Mezőörs","county":"Győr-Moson-Sopron","population":957,"active_gp_count":0,"gps_per_1000":0,"access_class":"desert","access_band":0,"is_desert":1,"nearest_gp_km":4.8,"nearest_gp_minutes":6,"nearest_gp_settlement":"Pér","nearest_gp_method":"road","vacant_count":1,"persistently_vacant_count":1,"longest_vacancy_days":668}},
{"type":"Feature","geometry":{"type":"Point","coordinates":[20.5338,47.751]},"properties":{"name":"Mezőszemere","county":"Heves","population":1026,"active_gp_count":0,"gps_per_1000":0,"access_class":"desert","access_band":0,"is_desert":1,"nearest_gp_km":6.1,"nearest_gp_minutes":11,"nearest_gp_settlement":"Szihalom","nearest_gp_method":"road","vacant_count":1,"persistently_vacant_count":1,"longest_vacancy_days":5601}},
{"type":"Feature","geometry":{"type":"Point","coordinates":[20.603,46.9904]},"properties":{"name":"Mezőtúr","county":"Jász-Nagykun-Szolnok","population":15257,"active_gp_count":7,"gps_per_1000":0.46,"access_class":"moderate","access_band":3,"is_desert":0,"nearest_gp_km":0,"nearest_gp_minutes":0,"nearest_gp_settlement":null,"nearest_gp_method":null,"vacant_count":4,"persistently_vacant_count":4,"longest_vacancy_days":4383}},
{"type":"Feature","geometry":{"type":"Point","coordinates":[17.3223,47.3123]},"properties":{"name":"Mihályháza","county":"Veszprém","population":671,"active_gp_count":0,"gps_per_1000":0,"access_class":"desert","access_band":0,"is_desert":1,"nearest_gp_km":4.7,"nearest_gp_minutes":10,"nearest_gp_settlement":"Nyárád","nearest_gp_method":"road","vacant_count":1,"persistently_vacant_count":1,"longest_vacancy_days":912}},
{"type":"Feature","geometry":{"type":"Point","coordinates":[17.5434,46.2339]},"properties":{"name":"Mike","county":"Somogy","population":561,"active_gp_count":0,"gps_per_1000":0,"access_class":"desert","access_band":0,"is_desert":1,"nearest_gp_km":7,"nearest_gp_minutes":8,"nearest_gp_settlement":"Kadarkút","nearest_gp_method":"road","vacant_count":1,"persistently_vacant_count":0,"longest_vacancy_days":61}},
{"type":"Feature","geometry":{"type":"Point","coordinates":[16.9866,46.8006]},"properties":{"name":"Misefa","county":"Zala","population":256,"active_gp_count":0,"gps_per_1000":0,"access_class":"desert","access_band":0,"is_desert":1,"nearest_gp_km":9.1,"nearest_gp_minutes":8,"nearest_gp_settlement":"Zalaszentmihály","nearest_gp_method":"road","vacant_count":1,"persistently_vacant_count":1,"longest_vacancy_days":1157}},
{"type":"Feature","geometry":{"type":"Point","coordinates":[20.671,48.0891]},"properties":{"name":"Miskolc","county":"Borsod-Abaúj-Zemplén","population":141440,"active_gp_count":105,"gps_per_1000":0.74,"access_class":"ok","access_band":4,"is_desert":0,"nearest_gp_km":0,"nearest_gp_minutes":0,"nearest_gp_settlement":null,"nearest_gp_method":null,"vacant_count":16,"persistently_vacant_count":16,"longest_vacancy_days":1522}},
{"type":"Feature","geometry":{"type":"Point","coordinates":[18.4769,46.6267]},"properties":{"name":"Miszla","county":"Tolna","population":252,"active_gp_count":0,"gps_per_1000":0,"access_class":"desert","access_band":0,"is_desert":1,"nearest_gp_km":8.4,"nearest_gp_minutes":13,"nearest_gp_settlement":"Gyönk","nearest_gp_method":"road","vacant_count":2,"persistently_vacant_count":2,"longest_vacancy_days":7396}},
{"type":"Feature","geometry":{"type":"Point","coordinates":[18.5995,47.7253]},"properties":{"name":"Mogyorósbánya","county":"Komárom-Esztergom","population":866,"active_gp_count":1,"gps_per_1000":1.15,"access_class":"ok","access_band":4,"is_desert":0,"nearest_gp_km":0,"nearest_gp_minutes":0,"nearest_gp_settlement":null,"nearest_gp_method":null,"vacant_count":1,"persistently_vacant_count":1,"longest_vacancy_days":395}},
{"type":"Feature","geometry":{"type":"Point","coordinates":[21.3444,48.3704]},"properties":{"name":"Mogyoróska","county":"Borsod-Abaúj-Zemplén","population":77,"active_gp_count":0,"gps_per_1000":0,"access_class":"desert","access_band":0,"is_desert":1,"nearest_gp_km":16.5,"nearest_gp_minutes":20,"nearest_gp_settlement":"Boldogkőváralja","nearest_gp_method":"road","vacant_count":1,"persistently_vacant_count":1,"longest_vacancy_days":2495}},
{"type":"Feature","geometry":{"type":"Point","coordinates":[18.6932,46.0082]},"properties":{"name":"Mohács","county":"Baranya","population":17054,"active_gp_count":10,"gps_per_1000":0.59,"access_class":"moderate","access_band":3,"is_desert":0,"nearest_gp_km":0,"nearest_gp_minutes":0,"nearest_gp_settlement":null,"nearest_gp_method":null,"vacant_count":2,"persistently_vacant_count":2,"longest_vacancy_days":7396}},
{"type":"Feature","geometry":{"type":"Point","coordinates":[19.3261,47.9927]},"properties":{"name":"Mohora","county":"Nógrád","population":889,"active_gp_count":0,"gps_per_1000":0,"access_class":"desert","access_band":0,"is_desert":1,"nearest_gp_km":5,"nearest_gp_minutes":7,"nearest_gp_settlement":"Magyarnándor","nearest_gp_method":"road","vacant_count":1,"persistently_vacant_count":1,"longest_vacancy_days":912}},
{"type":"Feature","geometry":{"type":"Point","coordinates":[16.6775,47.0432]},"properties":{"name":"Molnaszecsőd","county":"Vas","population":416,"active_gp_count":0,"gps_per_1000":0,"access_class":"desert","access_band":0,"is_desert":1,"nearest_gp_km":7.3,"nearest_gp_minutes":8,"nearest_gp_settlement":"Rábahídvég","nearest_gp_method":"road","vacant_count":1,"persistently_vacant_count":0,"longest_vacancy_days":4199}},
{"type":"Feature","geometry":{"type":"Point","coordinates":[19.4581,47.3412]},"properties":{"name":"Monor","county":"Pest","population":19355,"active_gp_count":8,"gps_per_1000":0.41,"access_class":"moderate","access_band":3,"is_desert":0,"nearest_gp_km":0,"nearest_gp_minutes":0,"nearest_gp_settlement":null,"nearest_gp_method":null,"vacant_count":1,"persistently_vacant_count":0,"longest_vacancy_days":181}},
{"type":"Feature","geometry":{"type":"Point","coordinates":[18.1809,47.3939]},"properties":{"name":"Mór","county":"Fejér","population":13256,"active_gp_count":7,"gps_per_1000":0.53,"access_class":"moderate","access_band":3,"is_desert":0,"nearest_gp_km":0,"nearest_gp_minutes":0,"nearest_gp_settlement":null,"nearest_gp_method":null,"vacant_count":3,"persistently_vacant_count":3,"longest_vacancy_days":1004}},
{"type":"Feature","geometry":{"type":"Point","coordinates":[17.2589,47.8693]},"properties":{"name":"Mosonmagyaróvár","county":"Győr-Moson-Sopron","population":33743,"active_gp_count":17,"gps_per_1000":0.5,"access_class":"moderate","access_band":3,"is_desert":0,"nearest_gp_km":0,"nearest_gp_minutes":0,"nearest_gp_settlement":null,"nearest_gp_method":null,"vacant_count":2,"persistently_vacant_count":2,"longest_vacancy_days":1552}},
{"type":"Feature","geometry":{"type":"Point","coordinates":[18.4213,46.3541]},"properties":{"name":"Mucsfa","county":"Tolna","population":284,"active_gp_count":1,"gps_per_1000":3.52,"access_class":"ok","access_band":4,"is_desert":0,"nearest_gp_km":0,"nearest_gp_minutes":0,"nearest_gp_settlement":null,"nearest_gp_method":null,"vacant_count":1,"persistently_vacant_count":1,"longest_vacancy_days":2830}},
{"type":"Feature","geometry":{"type":"Point","coordinates":[18.4817,46.4622]},"properties":{"name":"Murga","county":"Tolna","population":44,"active_gp_count":1,"gps_per_1000":22.73,"access_class":"ok","access_band":4,"is_desert":0,"nearest_gp_km":0,"nearest_gp_minutes":0,"nearest_gp_settlement":null,"nearest_gp_method":null,"vacant_count":1,"persistently_vacant_count":1,"longest_vacancy_days":1461}},
{"type":"Feature","geometry":{"type":"Point","coordinates":[21.0349,46.7587]},"properties":{"name":"Murony","county":"Békés","population":1079,"active_gp_count":0,"gps_per_1000":0,"access_class":"desert","access_band":0,"is_desert":1,"nearest_gp_km":8.5,"nearest_gp_minutes":10,"nearest_gp_settlement":"Békés","nearest_gp_method":"road","vacant_count":1,"persistently_vacant_count":1,"longest_vacancy_days":1187}},
{"type":"Feature","geometry":{"type":"Point","coordinates":[17.3572,47.2246]},"properties":{"name":"Nagyalásony","county":"Veszprém","population":482,"active_gp_count":0,"gps_per_1000":0,"access_class":"desert","access_band":0,"is_desert":1,"nearest_gp_km":8.1,"nearest_gp_minutes":10,"nearest_gp_settlement":"Somlószőlős","nearest_gp_method":"road","vacant_count":1,"persistently_vacant_count":1,"longest_vacancy_days":3256}},
{"type":"Feature","geometry":{"type":"Point","coordinates":[17.3666,46.2076]},"properties":{"name":"Nagyatád","county":"Somogy","population":9218,"active_gp_count":6,"gps_per_1000":0.65,"access_class":"ok","access_band":4,"is_desert":0,"nearest_gp_km":0,"nearest_gp_minutes":0,"nearest_gp_settlement":null,"nearest_gp_method":null,"vacant_count":2,"persistently_vacant_count":2,"longest_vacancy_days":1917}},
{"type":"Feature","geometry":{"type":"Point","coordinates":[17.5144,46.4241]},"properties":{"name":"Nagybajom","county":"Somogy","population":3140,"active_gp_count":1,"gps_per_1000":0.32,"access_class":"low","access_band":2,"is_desert":0,"nearest_gp_km":0,"nearest_gp_minutes":0,"nearest_gp_settlement":null,"nearest_gp_method":null,"vacant_count":2,"persistently_vacant_count":2,"longest_vacancy_days":3560}},
{"type":"Feature","geometry":{"type":"Point","coordinates":[17.0414,46.5504]},"properties":{"name":"Nagybakónak","county":"Zala","population":373,"active_gp_count":0,"gps_per_1000":0,"access_class":"desert","access_band":0,"is_desert":1,"nearest_gp_km":14.7,"nearest_gp_minutes":22,"nearest_gp_settlement":"Nagykanizsa","nearest_gp_method":"road","vacant_count":1,"persistently_vacant_count":1,"longest_vacancy_days":607}},
{"type":"Feature","geometry":{"type":"Point","coordinates":[20.9069,46.4694]},"properties":{"name":"Nagybánhegyes","county":"Békés","population":1014,"active_gp_count":0,"gps_per_1000":0,"access_class":"desert","access_band":0,"is_desert":1,"nearest_gp_km":7,"nearest_gp_minutes":10,"nearest_gp_settlement":"Magyarbánhegyes","nearest_gp_method":"road","vacant_count":1,"persistently_vacant_count":1,"longest_vacancy_days":4260}},
{"type":"Feature","geometry":{"type":"Point","coordinates":[18.8961,46.0505]},"properties":{"name":"Nagybaracska","county":"Bács-Kiskun","population":1954,"active_gp_count":1,"gps_per_1000":0.51,"access_class":"moderate","access_band":3,"is_desert":0,"nearest_gp_km":0,"nearest_gp_minutes":0,"nearest_gp_settlement":null,"nearest_gp_method":null,"vacant_count":1,"persistently_vacant_count":1,"longest_vacancy_days":3652}},
{"type":"Feature","geometry":{"type":"Point","coordinates":[18.0197,46.3496]},"properties":{"name":"Nagyberki","county":"Somogy","population":1282,"active_gp_count":1,"gps_per_1000":0.78,"access_class":"ok","access_band":4,"is_desert":0,"nearest_gp_km":0,"nearest_gp_minutes":0,"nearest_gp_settlement":null,"nearest_gp_method":null,"vacant_count":1,"persistently_vacant_count":1,"longest_vacancy_days":2495}},
{"type":"Feature","geometry":{"type":"Point","coordinates":[17.9457,45.8665]},"properties":{"name":"Nagycsány","county":"Baranya","population":124,"active_gp_count":0,"gps_per_1000":0,"access_class":"desert","access_band":0,"is_desert":1,"nearest_gp_km":4.3,"nearest_gp_minutes":6,"nearest_gp_settlement":"Vajszló","nearest_gp_method":"road","vacant_count":1,"persistently_vacant_count":0,"longest_vacancy_days":181}},
{"type":"Feature","geometry":{"type":"Point","coordinates":[18.6537,46.6128]},"properties":{"name":"Nagydorog","county":"Tolna","population":2414,"active_gp_count":1,"gps_per_1000":0.41,"access_class":"moderate","access_band":3,"is_desert":0,"nearest_gp_km":0,"nearest_gp_minutes":0,"nearest_gp_settlement":null,"nearest_gp_method":null,"vacant_count":1,"persistently_vacant_count":1,"longest_vacancy_days":638}},
{"type":"Feature","geometry":{"type":"Point","coordinates":[17.544,47.3502]},"properties":{"name":"Nagygyimót","county":"Veszprém","population":497,"active_gp_count":0,"gps_per_1000":0,"access_class":"desert","access_band":0,"is_desert":1,"nearest_gp_km":7,"nearest_gp_minutes":10,"nearest_gp_settlement":"Pápa","nearest_gp_method":"road","vacant_count":1,"persistently_vacant_count":1,"longest_vacancy_days":487}},
{"type":"Feature","geometry":{"type":"Point","coordinates":[22.8518,47.9657]},"properties":{"name":"Nagyhódos","county":"Szabolcs-Szatmár-Bereg","population":108,"active_gp_count":0,"gps_per_1000":0,"access_class":"desert","access_band":0,"is_desert":1,"nearest_gp_km":7.9,"nearest_gp_minutes":9,"nearest_gp_settlement":"Rozsály","nearest_gp_method":"road","vacant_count":1,"persistently_vacant_count":0,"longest_vacancy_days":150}},
{"type":"Feature","geometry":{"type":"Point","coordinates":[21.147,46.4616]},"properties":{"name":"Nagykamarás","county":"Békés","population":1051,"active_gp_count":0,"gps_per_1000":0,"access_class":"desert","access_band":0,"is_desert":1,"nearest_gp_km":5.5,"nearest_gp_minutes":9,"nearest_gp_settlement":"Almáskamarás","nearest_gp_method":"road","vacant_count":1,"persistently_vacant_count":0,"longest_vacancy_days":181}},
{"type":"Feature","geometry":{"type":"Point","coordinates":[16.9988,46.452]},"properties":{"name":"Nagykanizsa","county":"Zala","population":42042,"active_gp_count":28,"gps_per_1000":0.67,"access_class":"ok","access_band":4,"is_desert":0,"nearest_gp_km":0,"nearest_gp_minutes":0,"nearest_gp_settlement":null,"nearest_gp_method":null,"vacant_count":2,"persistently_vacant_count":2,"longest_vacancy_days":2738}},
{"type":"Feature","geometry":{"type":"Point","coordinates":[17.0016,46.8175]},"properties":{"name":"Nagykapornak","county":"Zala","population":863,"active_gp_count":0,"gps_per_1000":0,"access_class":"desert","access_band":0,"is_desert":1,"nearest_gp_km":10.6,"nearest_gp_minutes":10,"nearest_gp_settlement":"Zalacsány","nearest_gp_method":"road","vacant_count":1,"persistently_vacant_count":1,"longest_vacancy_days":1157}},
{"type":"Feature","geometry":{"type":"Point","coordinates":[18.7698,46.8722]},"properties":{"name":"Nagykarácsony","county":"Fejér","population":1266,"active_gp_count":0,"gps_per_1000":0,"access_class":"desert","access_band":0,"is_desert":1,"nearest_gp_km":10.3,"nearest_gp_minutes":12,"nearest_gp_settlement":"Mezőfalva","nearest_gp_method":"road","vacant_count":1,"persistently_vacant_count":1,"longest_vacancy_days":2952}},
{"type":"Feature","geometry":{"type":"Point","coordinates":[19.7808,47.4182]},"properties":{"name":"Nagykáta","county":"Pest","population":11874,"active_gp_count":6,"gps_per_1000":0.51,"access_class":"moderate","access_band":3,"is_desert":0,"nearest_gp_km":0,"nearest_gp_minutes":0,"nearest_gp_settlement":null,"nearest_gp_method":null,"vacant_count":2,"persistently_vacant_count":1,"longest_vacancy_days":2007}},
{"type":"Feature","geometry":{"type":"Point","coordinates":[18.8822,47.5687]},"properties":{"name":"Nagykovácsi","county":"Pest","population":8757,"active_gp_count":5,"gps_per_1000":0.57,"access_class":"moderate","access_band":3,"is_desert":0,"nearest_gp_km":0,"nearest_gp_minutes":0,"nearest_gp_settlement":null,"nearest_gp_method":null,"vacant_count":1,"persistently_vacant_count":0,"longest_vacancy_days":122}},
{"type":"Feature","geometry":{"type":"Point","coordinates":[19.7737,47.0191]},"properties":{"name":"Nagykőrös","county":"Pest","population":22940,"active_gp_count":13,"gps_per_1000":0.57,"access_class":"moderate","access_band":3,"is_desert":0,"nearest_gp_km":0,"nearest_gp_minutes":0,"nearest_gp_settlement":null,"nearest_gp_method":null,"vacant_count":3,"persistently_vacant_count":3,"longest_vacancy_days":3621}},
{"type":"Feature","geometry":{"type":"Point","coordinates":[20.7148,46.1823]},"properties":{"name":"Nagylak","county":"Csongrád-Csanád","population":354,"active_gp_count":0,"gps_per_1000":0,"access_class":"desert","access_band":0,"is_desert":1,"nearest_gp_km":10.8,"nearest_gp_minutes":12,"nearest_gp_settlement":"Csanádpalota","nearest_gp_method":"road","vacant_count":1,"persistently_vacant_count":1,"longest_vacancy_days":7943}},
{"type":"Feature","geometry":{"type":"Point","coordinates":[19.6043,48.0278]},"properties":{"name":"Nagylóc","county":"Nógrád","population":1398,"active_gp_count":0,"gps_per_1000":0,"access_class":"desert","access_band":0,"is_desert":1,"nearest_gp_km":3.1,"nearest_gp_minutes":5,"nearest_gp_settlement":"Rimóc","nearest_gp_method":"road","vacant_count":1,"persistently_vacant_count":1,"longest_vacancy_days":730}},
{"type":"Feature","geometry":{"type":"Point","coordinates":[18.6519,46.9681]},"properties":{"name":"Nagylók","county":"Fejér","population":984,"active_gp_count":0,"gps_per_1000":0,"access_class":"desert","access_band":0,"is_desert":1,"nearest_gp_km":10.7,"nearest_gp_minutes":12,"nearest_gp_settlement":"Sárosd","nearest_gp_method":"road","vacant_count":1,"persistently_vacant_count":1,"longest_vacancy_days":4898}},
{"type":"Feature","geometry":{"type":"Point","coordinates":[21.3234,47.2059]},"properties":{"name":"Nagyrábé","county":"Hajdú-Bihar","population":1857,"active_gp_count":1,"gps_per_1000":0.54,"access_class":"moderate","access_band":3,"is_desert":0,"nearest_gp_km":0,"nearest_gp_minutes":0,"nearest_gp_settlement":null,"nearest_gp_method":null,"vacant_count":1,"persistently_vacant_count":1,"longest_vacancy_days":852}},
{"type":"Feature","geometry":{"type":"Point","coordinates":[16.4656,46.8304]},"properties":{"name":"Nagyrákos","county":"Vas","population":254,"active_gp_count":0,"gps_per_1000":0,"access_class":"desert","access_band":0,"is_desert":1,"nearest_gp_km":5.3,"nearest_gp_minutes":7,"nearest_gp_settlement":"Őriszentpéter","nearest_gp_method":"road","vacant_count":1,"persistently_vacant_count":0,"longest_vacancy_days":1734}},
{"type":"Feature","geometry":{"type":"Point","coordinates":[17.0743,46.4847]},"properties":{"name":"Nagyrécse","county":"Zala","population":1105,"active_gp_count":0,"gps_per_1000":0,"access_class":"desert","access_band":0,"is_desert":1,"nearest_gp_km":7.5,"nearest_gp_minutes":9,"nearest_gp_settlement":"Nagykanizsa","nearest_gp_method":"road","vacant_count":1,"persistently_vacant_count":1,"longest_vacancy_days":607}},
{"type":"Feature","geometry":{"type":"Point","coordinates":[20.1481,46.9429]},"properties":{"name":"Nagyrév","county":"Jász-Nagykun-Szolnok","population":590,"active_gp_count":0,"gps_per_1000":0,"access_class":"desert","access_band":0,"is_desert":1,"nearest_gp_km":9.7,"nearest_gp_minutes":14,"nearest_gp_settlement":"Tiszakécske","nearest_gp_method":"road","vacant_count":1,"persistently_vacant_count":1,"longest_vacancy_days":1246}},
{"type":"Feature","geometry":{"type":"Point","coordinates":[20.6672,46.6988]},"properties":{"name":"Nagyszénás","county":"Békés","population":4242,"active_gp_count":3,"gps_per_1000":0.71,"access_class":"ok","access_band":4,"is_desert":0,"nearest_gp_km":0,"nearest_gp_minutes":0,"nearest_gp_settlement":null,"nearest_gp_method":null,"vacant_count":1,"persistently_vacant_count":1,"longest_vacancy_days":5721}},
{"type":"Feature","geometry":{"type":"Point","coordinates":[18.2304,46.7162]},"properties":{"name":"Nagyszokoly","county":"Tolna","population":871,"active_gp_count":0,"gps_per_1000":0,"access_class":"desert","access_band":0,"is_desert":1,"nearest_gp_km":6.4,"nearest_gp_minutes":8,"nearest_gp_settlement":"Iregszemcse","nearest_gp_method":"road","vacant_count":1,"persistently_vacant_count":1,"longest_vacancy_days":3895}},
{"type":"Feature","geometry":{"type":"Point","coordinates":[18.4541,46.3742]},"properties":{"name":"Nagyvejke","county":"Tolna","population":149,"active_gp_count":0,"gps_per_1000":0,"access_class":"desert","access_band":0,"is_desert":1,"nearest_gp_km":13.5,"nearest_gp_minutes":17,"nearest_gp_settlement":"Lengyel","nearest_gp_method":"road","vacant_count":1,"persistently_vacant_count":1,"longest_vacancy_days":2830}},
{"type":"Feature","geometry":{"type":"Point","coordinates":[18.085,46.4738]},"properties":{"name":"Nak","county":"Tolna","population":469,"active_gp_count":0,"gps_per_1000":0,"access_class":"desert","access_band":0,"is_desert":1,"nearest_gp_km":7.1,"nearest_gp_minutes":11,"nearest_gp_settlement":"Gölle","nearest_gp_method":"road","vacant_count":1,"persistently_vacant_count":1,"longest_vacancy_days":943}},
{"type":"Feature","geometry":{"type":"Point","coordinates":[18.2507,47.6877]},"properties":{"name":"Naszály","county":"Komárom-Esztergom","population":2344,"active_gp_count":0,"gps_per_1000":0,"access_class":"desert","access_band":0,"is_desert":1,"nearest_gp_km":6.9,"nearest_gp_minutes":9,"nearest_gp_settlement":"Mocsa","nearest_gp_method":"road","vacant_count":1,"persistently_vacant_count":1,"longest_vacancy_days":546}},
{"type":"Feature","geometry":{"type":"Point","coordinates":[20.7203,47.7169]},"properties":{"name":"Négyes","county":"Borsod-Abaúj-Zemplén","population":249,"active_gp_count":0,"gps_per_1000":0,"access_class":"desert","access_band":0,"is_desert":1,"nearest_gp_km":10.7,"nearest_gp_minutes":26,"nearest_gp_settlement":"Szentistván","nearest_gp_method":"road","vacant_count":1,"persistently_vacant_count":1,"longest_vacancy_days":1157}},
{"type":"Feature","geometry":{"type":"Point","coordinates":[16.9659,46.8538]},"properties":{"name":"Nemesapáti","county":"Zala","population":477,"active_gp_count":0,"gps_per_1000":0,"access_class":"desert","access_band":0,"is_desert":1,"nearest_gp_km":11.7,"nearest_gp_minutes":13,"nearest_gp_settlement":"Pókaszepetk","nearest_gp_method":"road","vacant_count":1,"persistently_vacant_count":1,"longest_vacancy_days":881}},
{"type":"Feature","geometry":{"type":"Point","coordinates":[20.9735,47.8859]},"properties":{"name":"Nemesbikk","county":"Borsod-Abaúj-Zemplén","population":918,"active_gp_count":0,"gps_per_1000":0,"access_class":"desert","access_band":0,"is_desert":1,"nearest_gp_km":8.1,"nearest_gp_minutes":10,"nearest_gp_settlement":"Tiszapalkonya","nearest_gp_method":"road","vacant_count":1,"persistently_vacant_count":1,"longest_vacancy_days":2557}},
{"type":"Feature","geometry":{"type":"Point","coordinates":[16.6135,47.3541]},"properties":{"name":"Nemescsó","county":"Vas","population":311,"active_gp_count":1,"gps_per_1000":3.22,"access_class":"ok","access_band":4,"is_desert":0,"nearest_gp_km":0,"nearest_gp_minutes":0,"nearest_gp_settlement":null,"nearest_gp_method":null,"vacant_count":1,"persistently_vacant_count":0,"longest_vacancy_days":456}},
{"type":"Feature","geometry":{"type":"Point","coordinates":[17.3655,46.437]},"properties":{"name":"Nemeskisfalud","county":"Somogy","population":147,"active_gp_count":0,"gps_per_1000":0,"access_class":"desert","access_band":0,"is_desert":1,"nearest_gp_km":5.6,"nearest_gp_minutes":8,"nearest_gp_settlement":"Tapsony","nearest_gp_method":"road","vacant_count":1,"persistently_vacant_count":1,"longest_vacancy_days":912}},
{"type":"Feature","geometry":{"type":"Point","coordinates":[16.7767,47.1437]},"properties":{"name":"Nemeskolta","county":"Vas","population":363,"active_gp_count":0,"gps_per_1000":0,"access_class":"desert","access_band":0,"is_desert":1,"nearest_gp_km":8.3,"nearest_gp_minutes":10,"nearest_gp_settlement":"Rum","nearest_gp_method":"road","vacant_count":1,"persistently_vacant_count":0,"longest_vacancy_days":852}},
{"type":"Feature","geometry":{"type":"Point","coordinates":[16.4049,46.9949]},"properties":{"name":"Nemesmedves","county":"Vas","population":18,"active_gp_count":0,"gps_per_1000":0,"access_class":"desert","access_band":0,"is_desert":1,"nearest_gp_km":8,"nearest_gp_minutes":12,"nearest_gp_settlement":"Rábagyarmat","nearest_gp_method":"road","vacant_count":1,"persistently_vacant_count":0,"longest_vacancy_days":1461}},
{"type":"Feature","geometry":{"type":"Point","coordinates":[17.0181,47.3911]},"properties":{"name":"Nick","county":"Vas","population":559,"active_gp_count":1,"gps_per_1000":1.79,"access_class":"ok","access_band":4,"is_desert":0,"nearest_gp_km":0,"nearest_gp_minutes":0,"nearest_gp_settlement":null,"nearest_gp_method":null,"vacant_count":1,"persistently_vacant_count":0,"longest_vacancy_days":2373}},
{"type":"Feature","geometry":{"type":"Point","coordinates":[19.0347,47.9008]},"properties":{"name":"Nógrád","county":"Nógrád","population":1661,"active_gp_count":1,"gps_per_1000":0.6,"access_class":"ok","access_band":4,"is_desert":0,"nearest_gp_km":0,"nearest_gp_minutes":0,"nearest_gp_settlement":null,"nearest_gp_method":null,"vacant_count":1,"persistently_vacant_count":1,"longest_vacancy_days":365}},
{"type":"Feature","geometry":{"type":"Point","coordinates":[19.6241,48.0616]},"properties":{"name":"Nógrádmegyer","county":"Nógrád","population":1549,"active_gp_count":0,"gps_per_1000":0,"access_class":"desert","access_band":0,"is_desert":1,"nearest_gp_km":12.8,"nearest_gp_minutes":16,"nearest_gp_settlement":"Szécsény","nearest_gp_method":"road","vacant_count":1,"persistently_vacant_count":1,"longest_vacancy_days":1887}},
{"type":"Feature","geometry":{"type":"Point","coordinates":[19.5486,48.1828]},"properties":{"name":"Nógrádszakál","county":"Nógrád","population":550,"active_gp_count":0,"gps_per_1000":0,"access_class":"desert","access_band":0,"is_desert":1,"nearest_gp_km":12.9,"nearest_gp_minutes":17,"nearest_gp_settlement":"Szécsény","nearest_gp_method":"road","vacant_count":1,"persistently_vacant_count":1,"longest_vacancy_days":456}},
{"type":"Feature","geometry":{"type":"Point","coordinates":[17.4566,47.2778]},"properties":{"name":"Nóráp","county":"Veszprém","population":181,"active_gp_count":0,"gps_per_1000":0,"access_class":"desert","access_band":0,"is_desert":1,"nearest_gp_km":3.7,"nearest_gp_minutes":7,"nearest_gp_settlement":"Pápakovácsi","nearest_gp_method":"road","vacant_count":1,"persistently_vacant_count":1,"longest_vacancy_days":1461}},
{"type":"Feature","geometry":{"type":"Point","coordinates":[17.4725,47.1708]},"properties":{"name":"Noszlop","county":"Veszprém","population":947,"active_gp_count":0,"gps_per_1000":0,"access_class":"desert","access_band":0,"is_desert":1,"nearest_gp_km":10.4,"nearest_gp_minutes":12,"nearest_gp_settlement":"Devecser","nearest_gp_method":"road","vacant_count":1,"persistently_vacant_count":1,"longest_vacancy_days":1948}},
{"type":"Feature","geometry":{"type":"Point","coordinates":[17.8055,47.5349]},"properties":{"name":"Nyalka","county":"Győr-Moson-Sopron","population":508,"active_gp_count":0,"gps_per_1000":0,"access_class":"desert","access_band":0,"is_desert":1,"nearest_gp_km":6.4,"nearest_gp_minutes":8,"nearest_gp_settlement":"Pannonhalma","nearest_gp_method":"road","vacant_count":1,"persistently_vacant_count":1,"longest_vacancy_days":1187}},
{"type":"Feature","geometry":{"type":"Point","coordinates":[19.8229,47.1]},"properties":{"name":"Nyársapát","county":"Pest","population":2051,"active_gp_count":0,"gps_per_1000":0,"access_class":"desert","access_band":0,"is_desert":1,"nearest_gp_km":12.8,"nearest_gp_minutes":16,"nearest_gp_settlement":"Nagykőrös","nearest_gp_method":"road","vacant_count":1,"persistently_vacant_count":1,"longest_vacancy_days":1948}},
{"type":"Feature","geometry":{"type":"Point","coordinates":[18.5334,47.7104]},"properties":{"name":"Nyergesújfalu","county":"Komárom-Esztergom","population":7206,"active_gp_count":3,"gps_per_1000":0.42,"access_class":"moderate","access_band":3,"is_desert":0,"nearest_gp_km":0,"nearest_gp_minutes":0,"nearest_gp_settlement":null,"nearest_gp_method":null,"vacant_count":2,"persistently_vacant_count":1,"longest_vacancy_days":273}},
{"type":"Feature","geometry":{"type":"Point","coordinates":[18.0935,46.7995]},"properties":{"name":"Nyim","county":"Somogy","population":316,"active_gp_count":0,"gps_per_1000":0,"access_class":"desert","access_band":0,"is_desert":1,"nearest_gp_km":11.4,"nearest_gp_minutes":16,"nearest_gp_settlement":"Nagyberény","nearest_gp_method":"road","vacant_count":2,"persistently_vacant_count":2,"longest_vacancy_days":5905}},
{"type":"Feature","geometry":{"type":"Point","coordinates":[22.0203,47.5577]},"properties":{"name":"Nyírábrány","county":"Hajdú-Bihar","population":3559,"active_gp_count":1,"gps_per_1000":0.28,"access_class":"low","access_band":2,"is_desert":0,"nearest_gp_km":0,"nearest_gp_minutes":0,"nearest_gp_settlement":null,"nearest_gp_method":null,"vacant_count":1,"persistently_vacant_count":0,"longest_vacancy_days":181}},
{"type":"Feature","geometry":{"type":"Point","coordinates":[17.4307,46.9893]},"properties":{"name":"Nyirád","county":"Veszprém","population":1732,"active_gp_count":0,"gps_per_1000":0,"access_class":"desert","access_band":0,"is_desert":1,"nearest_gp_km":9.6,"nearest_gp_minutes":11,"nearest_gp_settlement":"Sümeg","nearest_gp_method":"road","vacant_count":1,"persistently_vacant_count":1,"longest_vacancy_days":1004}},
{"type":"Feature","geometry":{"type":"Point","coordinates":[22.1758,47.8699]},"properties":{"name":"Nyírcsászári","county":"Szabolcs-Szatmár-Bereg","population":1024,"active_gp_count":0,"gps_per_1000":0,"access_class":"desert","access_band":0,"is_desert":1,"nearest_gp_km":7.1,"nearest_gp_minutes":11,"nearest_gp_settlement":"Nyírbátor","nearest_gp_method":"road","vacant_count":1,"persistently_vacant_count":1,"longest_vacancy_days":2587}},
{"type":"Feature","geometry":{"type":"Point","coordinates":[22.1583,47.8985]},"properties":{"name":"Nyírderzs","county":"Szabolcs-Szatmár-Bereg","population":499,"active_gp_count":0,"gps_per_1000":0,"access_class":"desert","access_band":0,"is_desert":1,"nearest_gp_km":5.5,"nearest_gp_minutes":13,"nearest_gp_settlement":"Hodász","nearest_gp_method":"road","vacant_count":1,"persistently_vacant_count":1,"longest_vacancy_days":2587}},
{"type":"Feature","geometry":{"type":"Point","coordinates":[21.9859,47.7676]},"properties":{"name":"Nyírgelse","county":"Szabolcs-Szatmár-Bereg","population":979,"active_gp_count":0,"gps_per_1000":0,"access_class":"desert","access_band":0,"is_desert":1,"nearest_gp_km":5.7,"nearest_gp_minutes":9,"nearest_gp_settlement":"Nyírmihálydi","nearest_gp_method":"road","vacant_count":1,"persistently_vacant_count":0,"longest_vacancy_days":122}},
{"type":"Feature","geometry":{"type":"Point","coordinates":[22.2534,47.8623]},"properties":{"name":"Nyírkáta","county":"Szabolcs-Szatmár-Bereg","population":1868,"active_gp_count":0,"gps_per_1000":0,"access_class":"desert","access_band":0,"is_desert":1,"nearest_gp_km":9.2,"nearest_gp_minutes":13,"nearest_gp_settlement":"Hodász","nearest_gp_method":"road","vacant_count":1,"persistently_vacant_count":1,"longest_vacancy_days":2129}},
{"type":"Feature","geometry":{"type":"Point","coordinates":[22.0288,47.6801]},"properties":{"name":"Nyírlugos","county":"Szabolcs-Szatmár-Bereg","population":2425,"active_gp_count":2,"gps_per_1000":0.82,"access_class":"ok","access_band":4,"is_desert":0,"nearest_gp_km":0,"nearest_gp_minutes":0,"nearest_gp_settlement":null,"nearest_gp_method":null,"vacant_count":1,"persistently_vacant_count":1,"longest_vacancy_days":607}},
{"type":"Feature","geometry":{"type":"Point","coordinates":[22.2059,48.0787]},"properties":{"name":"Nyírmada","county":"Szabolcs-Szatmár-Bereg","population":4631,"active_gp_count":1,"gps_per_1000":0.22,"access_class":"low","access_band":2,"is_desert":0,"nearest_gp_km":0,"nearest_gp_minutes":0,"nearest_gp_settlement":null,"nearest_gp_method":null,"vacant_count":1,"persistently_vacant_count":1,"longest_vacancy_days":1734}},
{"type":"Feature","geometry":{"type":"Point","coordinates":[22.0217,48.1082]},"properties":{"name":"Nyírtass","county":"Szabolcs-Szatmár-Bereg","population":1777,"active_gp_count":0,"gps_per_1000":0,"access_class":"desert","access_band":0,"is_desert":1,"nearest_gp_km":7.2,"nearest_gp_minutes":9,"nearest_gp_settlement":"Pátroha","nearest_gp_method":"road","vacant_count":1,"persistently_vacant_count":0,"longest_vacancy_days":122}},
{"type":"Feature","geometry":{"type":"Point","coordinates":[22.2018,47.8069]},"properties":{"name":"Nyírvasvári","county":"Szabolcs-Szatmár-Bereg","population":1877,"active_gp_count":0,"gps_per_1000":0,"access_class":"desert","access_band":0,"is_desert":1,"nearest_gp_km":7.8,"nearest_gp_minutes":11,"nearest_gp_settlement":"Nyírbátor","nearest_gp_method":"road","vacant_count":1,"persistently_vacant_count":1,"longest_vacancy_days":456}},
{"type":"Feature","geometry":{"type":"Point","coordinates":[20.8201,48.2799]},"properties":{"name":"Nyomár","county":"Borsod-Abaúj-Zemplén","population":256,"active_gp_count":0,"gps_per_1000":0,"access_class":"desert","access_band":0,"is_desert":1,"nearest_gp_km":9.1,"nearest_gp_minutes":15,"nearest_gp_settlement":"Borsodszirák","nearest_gp_method":"road","vacant_count":1,"persistently_vacant_count":1,"longest_vacancy_days":273}},
{"type":"Feature","geometry":{"type":"Point","coordinates":[16.9464,47.1743]},"properties":{"name":"Nyőgér","county":"Vas","population":335,"active_gp_count":0,"gps_per_1000":0,"access_class":"desert","access_band":0,"is_desert":1,"nearest_gp_km":9.7,"nearest_gp_minutes":14,"nearest_gp_settlement":"Ikervár","nearest_gp_method":"road","vacant_count":1,"persistently_vacant_count":0,"longest_vacancy_days":912}},
{"type":"Feature","geometry":{"type":"Point","coordinates":[19.2596,47.2869]},"properties":{"name":"Ócsa","county":"Pest","population":9950,"active_gp_count":3,"gps_per_1000":0.3,"access_class":"low","access_band":2,"is_desert":0,"nearest_gp_km":0,"nearest_gp_minutes":0,"nearest_gp_settlement":null,"nearest_gp_method":null,"vacant_count":1,"persistently_vacant_count":1,"longest_vacancy_days":2618}},
{"type":"Feature","geometry":{"type":"Point","coordinates":[21.3544,46.8946]},"properties":{"name":"Okány","county":"Békés","population":2106,"active_gp_count":1,"gps_per_1000":0.47,"access_class":"moderate","access_band":3,"is_desert":0,"nearest_gp_km":0,"nearest_gp_minutes":0,"nearest_gp_settlement":null,"nearest_gp_method":null,"vacant_count":1,"persistently_vacant_count":1,"longest_vacancy_days":426}},
{"type":"Feature","geometry":{"type":"Point","coordinates":[17.8802,45.9357]},"properties":{"name":"Okorág","county":"Baranya","population":139,"active_gp_count":1,"gps_per_1000":7.19,"access_class":"ok","access_band":4,"is_desert":0,"nearest_gp_km":0,"nearest_gp_minutes":0,"nearest_gp_settlement":null,"nearest_gp_method":null,"vacant_count":1,"persistently_vacant_count":1,"longest_vacancy_days":1065}},
{"type":"Feature","geometry":{"type":"Point","coordinates":[18.0492,46.1539]},"properties":{"name":"Okorvölgy","county":"Baranya","population":85,"active_gp_count":0,"gps_per_1000":0,"access_class":"desert","access_band":0,"is_desert":1,"nearest_gp_km":6.2,"nearest_gp_minutes":7,"nearest_gp_settlement":"Abaliget","nearest_gp_method":"road","vacant_count":1,"persistently_vacant_count":1,"longest_vacancy_days":2952}},
{"type":"Feature","geometry":{"type":"Point","coordinates":[16.8956,47.0062]},"properties":{"name":"Olaszfa","county":"Vas","population":408,"active_gp_count":0,"gps_per_1000":0,"access_class":"desert","access_band":0,"is_desert":1,"nearest_gp_km":12.2,"nearest_gp_minutes":15,"nearest_gp_settlement":"Vasvár","nearest_gp_method":"road","vacant_count":1,"persistently_vacant_count":0,"longest_vacancy_days":1157}},
{"type":"Feature","geometry":{"type":"Point","coordinates":[22.3302,48.0831]},"properties":{"name":"Olcsva","county":"Szabolcs-Szatmár-Bereg","population":681,"active_gp_count":0,"gps_per_1000":0,"access_class":"desert","access_band":0,"is_desert":1,"nearest_gp_km":7,"nearest_gp_minutes":11,"nearest_gp_settlement":"Vásárosnamény","nearest_gp_method":"road","vacant_count":1,"persistently_vacant_count":1,"longest_vacancy_days":2252}},
{"type":"Feature","geometry":{"type":"Point","coordinates":[20.9317,48.1337]},"properties":{"name":"Onga","county":"Borsod-Abaúj-Zemplén","population":4689,"active_gp_count":2,"gps_per_1000":0.43,"access_class":"moderate","access_band":3,"is_desert":0,"nearest_gp_km":0,"nearest_gp_minutes":0,"nearest_gp_settlement":null,"nearest_gp_method":null,"vacant_count":1,"persistently_vacant_count":1,"longest_vacancy_days":2282}},
{"type":"Feature","geometry":{"type":"Point","coordinates":[22.3163,47.9979]},"properties":{"name":"Ópályi","county":"Szabolcs-Szatmár-Bereg","population":2955,"active_gp_count":1,"gps_per_1000":0.34,"access_class":"low","access_band":2,"is_desert":0,"nearest_gp_km":0,"nearest_gp_minutes":0,"nearest_gp_settlement":null,"nearest_gp_method":null,"vacant_count":1,"persistently_vacant_count":1,"longest_vacancy_days":2891}},
{"type":"Feature","geometry":{"type":"Point","coordinates":[16.9863,46.859]},"properties":{"name":"Orbányosfa","county":"Zala","population":99,"active_gp_count":0,"gps_per_1000":0,"access_class":"desert","access_band":0,"is_desert":1,"nearest_gp_km":10,"nearest_gp_minutes":10,"nearest_gp_settlement":"Pókaszepetk","nearest_gp_method":"road","vacant_count":1,"persistently_vacant_count":1,"longest_vacancy_days":1157}},
{"type":"Feature","geometry":{"type":"Point","coordinates":[17.6329,46.7385]},"properties":{"name":"Ordacsehi","county":"Somogy","population":773,"active_gp_count":0,"gps_per_1000":0,"access_class":"desert","access_band":0,"is_desert":1,"nearest_gp_km":6.5,"nearest_gp_minutes":8,"nearest_gp_settlement":"Balatonboglár","nearest_gp_method":"road","vacant_count":1,"persistently_vacant_count":1,"longest_vacancy_days":3256}},
{"type":"Feature","geometry":{"type":"Point","coordinates":[18.9233,46.6327]},"properties":{"name":"Ordas","county":"Bács-Kiskun","population":437,"active_gp_count":0,"gps_per_1000":0,"access_class":"desert","access_band":0,"is_desert":1,"nearest_gp_km":7.1,"nearest_gp_minutes":10,"nearest_gp_settlement":"Dunapataj","nearest_gp_method":"road","vacant_count":1,"persistently_vacant_count":1,"longest_vacancy_days":1126}},
{"type":"Feature","geometry":{"type":"Point","coordinates":[16.2756,46.8842]},"properties":{"name":"Orfalu","county":"Vas","population":70,"active_gp_count":0,"gps_per_1000":0,"access_class":"desert","access_band":0,"is_desert":1,"nearest_gp_km":10,"nearest_gp_minutes":13,"nearest_gp_settlement":"Szentgotthárd","nearest_gp_method":"road","vacant_count":1,"persistently_vacant_count":0,"longest_vacancy_days":852}},
{"type":"Feature","geometry":{"type":"Point","coordinates":[19.4814,46.7409]},"properties":{"name":"Orgovány","county":"Bács-Kiskun","population":3261,"active_gp_count":1,"gps_per_1000":0.31,"access_class":"low","access_band":2,"is_desert":0,"nearest_gp_km":0,"nearest_gp_minutes":0,"nearest_gp_settlement":null,"nearest_gp_method":null,"vacant_count":1,"persistently_vacant_count":1,"longest_vacancy_days":2860}},
{"type":"Feature","geometry":{"type":"Point","coordinates":[20.6504,48.3391]},"properties":{"name":"Ormosbánya","county":"Borsod-Abaúj-Zemplén","population":1463,"active_gp_count":0,"gps_per_1000":0,"access_class":"desert","access_band":0,"is_desert":1,"nearest_gp_km":2.6,"nearest_gp_minutes":4,"nearest_gp_settlement":"Izsófalva","nearest_gp_method":"road","vacant_count":1,"persistently_vacant_count":1,"longest_vacancy_days":2922}},
{"type":"Feature","geometry":{"type":"Point","coordinates":[20.6872,46.5771]},"properties":{"name":"Orosháza","county":"Békés","population":24859,"active_gp_count":18,"gps_per_1000":0.72,"access_class":"ok","access_band":4,"is_desert":0,"nearest_gp_km":0,"nearest_gp_minutes":0,"nearest_gp_settlement":null,"nearest_gp_method":null,"vacant_count":1,"persistently_vacant_count":1,"longest_vacancy_days":5721}},
{"type":"Feature","geometry":{"type":"Point","coordinates":[17.419,47.1611]},"properties":{"name":"Oroszi","county":"Veszprém","population":138,"active_gp_count":0,"gps_per_1000":0,"access_class":"desert","access_band":0,"is_desert":1,"nearest_gp_km":7.9,"nearest_gp_minutes":14,"nearest_gp_settlement":"Somlószőlős","nearest_gp_method":"road","vacant_count":1,"persistently_vacant_count":1,"longest_vacancy_days":1948}},
{"type":"Feature","geometry":{"type":"Point","coordinates":[18.3357,47.461]},"properties":{"name":"Oroszlány","county":"Komárom-Esztergom","population":17510,"active_gp_count":7,"gps_per_1000":0.4,"access_class":"moderate","access_band":3,"is_desert":0,"nearest_gp_km":0,"nearest_gp_minutes":0,"nearest_gp_settlement":null,"nearest_gp_method":null,"vacant_count":5,"persistently_vacant_count":5,"longest_vacancy_days":1277}},
{"type":"Feature","geometry":{"type":"Point","coordinates":[17.0731,46.6195]},"properties":{"name":"Orosztony","county":"Zala","population":349,"active_gp_count":0,"gps_per_1000":0,"access_class":"desert","access_band":0,"is_desert":1,"nearest_gp_km":10.7,"nearest_gp_minutes":14,"nearest_gp_settlement":"Felsőrajk","nearest_gp_method":"road","vacant_count":1,"persistently_vacant_count":1,"longest_vacancy_days":2191}},
{"type":"Feature","geometry":{"type":"Point","coordinates":[16.696,46.6253]},"properties":{"name":"Ortaháza","county":"Zala","population":74,"active_gp_count":0,"gps_per_1000":0,"access_class":"desert","access_band":0,"is_desert":1,"nearest_gp_km":11.4,"nearest_gp_minutes":15,"nearest_gp_settlement":"Nova","nearest_gp_method":"road","vacant_count":1,"persistently_vacant_count":1,"longest_vacancy_days":1491}},
{"type":"Feature","geometry":{"type":"Point","coordinates":[17.0384,47.3211]},"properties":{"name":"Ostffyasszonyfa","county":"Vas","population":732,"active_gp_count":0,"gps_per_1000":0,"access_class":"desert","access_band":0,"is_desert":1,"nearest_gp_km":6.3,"nearest_gp_minutes":8,"nearest_gp_settlement":"Uraiújfalu","nearest_gp_method":"road","vacant_count":1,"persistently_vacant_count":0,"longest_vacancy_days":4383}},
{"type":"Feature","geometry":{"type":"Point","coordinates":[16.8716,47.0408]},"properties":{"name":"Oszkó","county":"Vas","population":605,"active_gp_count":0,"gps_per_1000":0,"access_class":"desert","access_band":0,"is_desert":1,"nearest_gp_km":8.6,"nearest_gp_minutes":11,"nearest_gp_settlement":"Vasvár","nearest_gp_method":"road","vacant_count":1,"persistently_vacant_count":0,"longest_vacancy_days":1157}},
{"type":"Feature","geometry":{"type":"Point","coordinates":[20.2874,48.2245]},"properties":{"name":"Ózd","county":"Borsod-Abaúj-Zemplén","population":30056,"active_gp_count":16,"gps_per_1000":0.53,"access_class":"moderate","access_band":3,"is_desert":0,"nearest_gp_km":0,"nearest_gp_minutes":0,"nearest_gp_settlement":null,"nearest_gp_method":null,"vacant_count":6,"persistently_vacant_count":6,"longest_vacancy_days":4383}},
{"type":"Feature","geometry":{"type":"Point","coordinates":[18.3843,46.7506]},"properties":{"name":"Ozora","county":"Tolna","population":1496,"active_gp_count":0,"gps_per_1000":0,"access_class":"desert","access_band":0,"is_desert":1,"nearest_gp_km":8,"nearest_gp_minutes":11,"nearest_gp_settlement":"Igar","nearest_gp_method":"road","vacant_count":1,"persistently_vacant_count":1,"longest_vacancy_days":1096}},
{"type":"Feature","geometry":{"type":"Point","coordinates":[17.6052,47.0095]},"properties":{"name":"Öcs","county":"Veszprém","population":210,"active_gp_count":0,"gps_per_1000":0,"access_class":"desert","access_band":0,"is_desert":1,"nearest_gp_km":9.7,"nearest_gp_minutes":13,"nearest_gp_settlement":"Halimba","nearest_gp_method":"road","vacant_count":1,"persistently_vacant_count":1,"longest_vacancy_days":912}},
{"type":"Feature","geometry":{"type":"Point","coordinates":[18.7562,46.3158]},"properties":{"name":"Őcsény","county":"Tolna","population":2149,"active_gp_count":1,"gps_per_1000":0.47,"access_class":"moderate","access_band":3,"is_desert":0,"nearest_gp_km":0,"nearest_gp_minutes":0,"nearest_gp_settlement":null,"nearest_gp_method":null,"vacant_count":1,"persistently_vacant_count":1,"longest_vacancy_days":4505}},
{"type":"Feature","geometry":{"type":"Point","coordinates":[20.3781,46.8804]},"properties":{"name":"Öcsöd","county":"Jász-Nagykun-Szolnok","population":3019,"active_gp_count":0,"gps_per_1000":0,"access_class":"desert","access_band":0,"is_desert":1,"nearest_gp_km":12,"nearest_gp_minutes":13,"nearest_gp_settlement":"Kunszentmárton","nearest_gp_method":"road","vacant_count":2,"persistently_vacant_count":2,"longest_vacancy_days":2495}},
{"type":"Feature","geometry":{"type":"Point","coordinates":[22.4932,47.9146]},"properties":{"name":"Ököritófülpös","county":"Szabolcs-Szatmár-Bereg","population":1698,"active_gp_count":0,"gps_per_1000":0,"access_class":"desert","access_band":0,"is_desert":1,"nearest_gp_km":5.5,"nearest_gp_minutes":7,"nearest_gp_settlement":"Porcsalma","nearest_gp_method":"road","vacant_count":1,"persistently_vacant_count":1,"longest_vacancy_days":2129}},
{"type":"Feature","geometry":{"type":"Point","coordinates":[16.8557,47.291]},"properties":{"name":"Ölbő","county":"Vas","population":676,"active_gp_count":0,"gps_per_1000":0,"access_class":"desert","access_band":0,"is_desert":1,"nearest_gp_km":5,"nearest_gp_minutes":9,"nearest_gp_settlement":"Szeleste","nearest_gp_method":"road","vacant_count":1,"persistently_vacant_count":0,"longest_vacancy_days":5295}},
{"type":"Feature","geometry":{"type":"Point","coordinates":[19.2745,47.6848]},"properties":{"name":"Őrbottyán","county":"Pest","population":8341,"active_gp_count":3,"gps_per_1000":0.36,"access_class":"low","access_band":2,"is_desert":0,"nearest_gp_km":0,"nearest_gp_minutes":0,"nearest_gp_settlement":null,"nearest_gp_method":null,"vacant_count":1,"persistently_vacant_count":1,"longest_vacancy_days":426}},
{"type":"Feature","geometry":{"type":"Point","coordinates":[19.1523,46.532]},"properties":{"name":"Öregcsertő","county":"Bács-Kiskun","population":690,"active_gp_count":0,"gps_per_1000":0,"access_class":"desert","access_band":0,"is_desert":1,"nearest_gp_km":11.7,"nearest_gp_minutes":12,"nearest_gp_settlement":"Kalocsa","nearest_gp_method":"road","vacant_count":1,"persistently_vacant_count":1,"longest_vacancy_days":912}},
{"type":"Feature","geometry":{"type":"Point","coordinates":[16.408,46.8438]},"properties":{"name":"Őriszentpéter","county":"Vas","population":1007,"active_gp_count":2,"gps_per_1000":1.99,"access_class":"ok","access_band":4,"is_desert":0,"nearest_gp_km":0,"nearest_gp_minutes":0,"nearest_gp_settlement":null,"nearest_gp_method":null,"vacant_count":1,"persistently_vacant_count":0,"longest_vacancy_days":3743}},
{"type":"Feature","geometry":{"type":"Point","coordinates":[19.427,47.127]},"properties":{"name":"Örkény","county":"Pest","population":4896,"active_gp_count":2,"gps_per_1000":0.41,"access_class":"moderate","access_band":3,"is_desert":0,"nearest_gp_km":0,"nearest_gp_minutes":0,"nearest_gp_settlement":null,"nearest_gp_method":null,"vacant_count":1,"persistently_vacant_count":1,"longest_vacancy_days":2007}},
{"type":"Feature","geometry":{"type":"Point","coordinates":[20.7533,46.8336]},"properties":{"name":"Örménykút","county":"Békés","population":256,"active_gp_count":0,"gps_per_1000":0,"access_class":"desert","access_band":0,"is_desert":1,"nearest_gp_km":14.3,"nearest_gp_minutes":15,"nearest_gp_settlement":"Csabacsűd","nearest_gp_method":"road","vacant_count":1,"persistently_vacant_count":1,"longest_vacancy_days":973}},
{"type":"Feature","geometry":{"type":"Point","coordinates":[18.1941,47.1261]},"properties":{"name":"Ősi","county":"Veszprém","population":1994,"active_gp_count":0,"gps_per_1000":0,"access_class":"desert","access_band":0,"is_desert":1,"nearest_gp_km":5.5,"nearest_gp_minutes":8,"nearest_gp_settlement":"Berhida","nearest_gp_method":"road","vacant_count":1,"persistently_vacant_count":1,"longest_vacancy_days":1096}},
{"type":"Feature","geometry":{"type":"Point","coordinates":[17.4839,47.7404]},"properties":{"name":"Öttevény","county":"Győr-Moson-Sopron","population":2908,"active_gp_count":1,"gps_per_1000":0.34,"access_class":"low","access_band":2,"is_desert":0,"nearest_gp_km":0,"nearest_gp_minutes":0,"nearest_gp_settlement":null,"nearest_gp_method":null,"vacant_count":1,"persistently_vacant_count":1,"longest_vacancy_days":577}},
{"type":"Feature","geometry":{"type":"Point","coordinates":[17.3589,46.2863]},"properties":{"name":"Ötvöskónyi","county":"Somogy","population":796,"active_gp_count":1,"gps_per_1000":1.26,"access_class":"ok","access_band":4,"is_desert":0,"nearest_gp_km":0,"nearest_gp_minutes":0,"nearest_gp_settlement":null,"nearest_gp_method":null,"vacant_count":1,"persistently_vacant_count":1,"longest_vacancy_days":638}},
{"type":"Feature","geometry":{"type":"Point","coordinates":[16.8509,47.0185]},"properties":{"name":"Pácsony","county":"Vas","population":283,"active_gp_count":0,"gps_per_1000":0,"access_class":"desert","access_band":0,"is_desert":1,"nearest_gp_km":9,"nearest_gp_minutes":11,"nearest_gp_settlement":"Vasvár","nearest_gp_method":"road","vacant_count":1,"persistently_vacant_count":0,"longest_vacancy_days":1157}},
{"type":"Feature","geometry":{"type":"Point","coordinates":[17.0226,46.8539]},"properties":{"name":"Padár","county":"Zala","population":113,"active_gp_count":0,"gps_per_1000":0,"access_class":"desert","access_band":0,"is_desert":1,"nearest_gp_km":9.9,"nearest_gp_minutes":10,"nearest_gp_settlement":"Zalacsány","nearest_gp_method":"road","vacant_count":1,"persistently_vacant_count":1,"longest_vacancy_days":1157}},
{"type":"Feature","geometry":{"type":"Point","coordinates":[16.6585,46.5865]},"properties":{"name":"Páka","county":"Zala","population":941,"active_gp_count":0,"gps_per_1000":0,"access_class":"desert","access_band":0,"is_desert":1,"nearest_gp_km":12.9,"nearest_gp_minutes":15,"nearest_gp_settlement":"Lenti","nearest_gp_method":"road","vacant_count":1,"persistently_vacant_count":1,"longest_vacancy_days":1491}},
{"type":"Feature","geometry":{"type":"Point","coordinates":[18.822,46.6192]},"properties":{"name":"Paks","county":"Tolna","population":17873,"active_gp_count":11,"gps_per_1000":0.62,"access_class":"ok","access_band":4,"is_desert":0,"nearest_gp_km":0,"nearest_gp_minutes":0,"nearest_gp_settlement":null,"nearest_gp_method":null,"vacant_count":2,"persistently_vacant_count":2,"longest_vacancy_days":1126}},
{"type":"Feature","geometry":{"type":"Point","coordinates":[17.1689,47.4714]},"properties":{"name":"Páli","county":"Győr-Moson-Sopron","population":407,"active_gp_count":0,"gps_per_1000":0,"access_class":"desert","access_band":0,"is_desert":1,"nearest_gp_km":7.4,"nearest_gp_minutes":9,"nearest_gp_settlement":"Beled","nearest_gp_method":"road","vacant_count":1,"persistently_vacant_count":1,"longest_vacancy_days":2648}},
{"type":"Feature","geometry":{"type":"Point","coordinates":[17.5789,46.3859]},"properties":{"name":"Pálmajor","county":"Somogy","population":360,"active_gp_count":0,"gps_per_1000":0,"access_class":"desert","access_band":0,"is_desert":1,"nearest_gp_km":5.6,"nearest_gp_minutes":9,"nearest_gp_settlement":"Kiskorpád","nearest_gp_method":"road","vacant_count":2,"persistently_vacant_count":2,"longest_vacancy_days":3560}},
{"type":"Feature","geometry":{"type":"Point","coordinates":[19.9963,47.8286]},"properties":{"name":"Pálosvörösmart","county":"Heves","population":590,"active_gp_count":0,"gps_per_1000":0,"access_class":"desert","access_band":0,"is_desert":1,"nearest_gp_km":3.7,"nearest_gp_minutes":5,"nearest_gp_settlement":"Abasár","nearest_gp_method":"road","vacant_count":1,"persistently_vacant_count":1,"longest_vacancy_days":5448}},
{"type":"Feature","geometry":{"type":"Point","coordinates":[20.9267,48.4992]},"properties":{"name":"Pamlény","county":"Borsod-Abaúj-Zemplén","population":58,"active_gp_count":0,"gps_per_1000":0,"access_class":"desert","access_band":0,"is_desert":1,"nearest_gp_km":19.9,"nearest_gp_minutes":24,"nearest_gp_settlement":"Baktakék","nearest_gp_method":"road","vacant_count":1,"persistently_vacant_count":1,"longest_vacancy_days":242}},
{"type":"Feature","geometry":{"type":"Point","coordinates":[17.6377,46.5438]},"properties":{"name":"Pamuk","county":"Somogy","population":249,"active_gp_count":0,"gps_per_1000":0,"access_class":"desert","access_band":0,"is_desert":1,"nearest_gp_km":6.1,"nearest_gp_minutes":8,"nearest_gp_settlement":"Osztopán","nearest_gp_method":"road","vacant_count":1,"persistently_vacant_count":1,"longest_vacancy_days":821}},
{"type":"Feature","geometry":{"type":"Point","coordinates":[19.6321,47.334]},"properties":{"name":"Pánd","county":"Pest","population":1853,"active_gp_count":0,"gps_per_1000":0,"access_class":"desert","access_band":0,"is_desert":1,"nearest_gp_km":6.2,"nearest_gp_minutes":10,"nearest_gp_settlement":"Káva","nearest_gp_method":"road","vacant_count":1,"persistently_vacant_count":1,"longest_vacancy_days":1277}},
{"type":"Feature","geometry":{"type":"Point","coordinates":[16.4946,46.8322]},"properties":{"name":"Pankasz","county":"Vas","population":370,"active_gp_count":0,"gps_per_1000":0,"access_class":"desert","access_band":0,"is_desert":1,"nearest_gp_km":7.5,"nearest_gp_minutes":10,"nearest_gp_settlement":"Őriszentpéter","nearest_gp_method":"road","vacant_count":1,"persistently_vacant_count":0,"longest_vacancy_days":1734}},
{"type":"Feature","geometry":{"type":"Point","coordinates":[21.3619,48.5257]},"properties":{"name":"Pányok","county":"Borsod-Abaúj-Zemplén","population":90,"active_gp_count":0,"gps_per_1000":0,"access_class":"desert","access_band":0,"is_desert":1,"nearest_gp_km":13.3,"nearest_gp_minutes":17,"nearest_gp_settlement":"Gönc","nearest_gp_method":"road","vacant_count":1,"persistently_vacant_count":1,"longest_vacancy_days":4778}},
{"type":"Feature","geometry":{"type":"Point","coordinates":[17.4745,47.3201]},"properties":{"name":"Pápa","county":"Veszprém","population":28240,"active_gp_count":14,"gps_per_1000":0.5,"access_class":"moderate","access_band":3,"is_desert":0,"nearest_gp_km":0,"nearest_gp_minutes":0,"nearest_gp_settlement":null,"nearest_gp_method":null,"vacant_count":4,"persistently_vacant_count":4,"longest_vacancy_days":5691}},
{"type":"Feature","geometry":{"type":"Point","coordinates":[17.4004,47.294]},"properties":{"name":"Pápadereske","county":"Veszprém","population":293,"active_gp_count":0,"gps_per_1000":0,"access_class":"desert","access_band":0,"is_desert":1,"nearest_gp_km":4.9,"nearest_gp_minutes":6,"nearest_gp_settlement":"Nyárád","nearest_gp_method":"road","vacant_count":1,"persistently_vacant_count":1,"longest_vacancy_days":1461}},
{"type":"Feature","geometry":{"type":"Point","coordinates":[17.4166,47.2226]},"properties":{"name":"Pápasalamon","county":"Veszprém","population":345,"active_gp_count":0,"gps_per_1000":0,"access_class":"desert","access_band":0,"is_desert":1,"nearest_gp_km":10.5,"nearest_gp_minutes":16,"nearest_gp_settlement":"Nyárád","nearest_gp_method":"road","vacant_count":1,"persistently_vacant_count":1,"longest_vacancy_days":1461}},
{"type":"Feature","geometry":{"type":"Point","coordinates":[19.9724,47.911]},"properties":{"name":"Parádsasvár","county":"Heves","population":322,"active_gp_count":0,"gps_per_1000":0,"access_class":"desert","access_band":0,"is_desert":1,"nearest_gp_km":7.7,"nearest_gp_minutes":11,"nearest_gp_settlement":"Parád","nearest_gp_method":"road","vacant_count":1,"persistently_vacant_count":1,"longest_vacancy_days":546}},
{"type":"Feature","geometry":{"type":"Point","coordinates":[19.7304,47.9066]},"properties":{"name":"Pásztó","county":"Nógrád","population":8379,"active_gp_count":5,"gps_per_1000":0.6,"access_class":"ok","access_band":4,"is_desert":0,"nearest_gp_km":0,"nearest_gp_minutes":0,"nearest_gp_settlement":null,"nearest_gp_method":null,"vacant_count":1,"persistently_vacant_count":1,"longest_vacancy_days":515}},
{"type":"Feature","geometry":{"type":"Point","coordinates":[22.6132,47.8693]},"properties":{"name":"Pátyod","county":"Szabolcs-Szatmár-Bereg","population":564,"active_gp_count":0,"gps_per_1000":0,"access_class":"desert","access_band":0,"is_desert":1,"nearest_gp_km":5.5,"nearest_gp_minutes":7,"nearest_gp_settlement":"Szamossályi","nearest_gp_method":"road","vacant_count":1,"persistently_vacant_count":1,"longest_vacancy_days":2830}},
{"type":"Feature","geometry":{"type":"Point","coordinates":[17.7869,47.5755]},"properties":{"name":"Pázmándfalu","county":"Győr-Moson-Sopron","population":1156,"active_gp_count":0,"gps_per_1000":0,"access_class":"desert","access_band":0,"is_desert":1,"nearest_gp_km":5.2,"nearest_gp_minutes":8,"nearest_gp_settlement":"Győrság","nearest_gp_method":"road","vacant_count":1,"persistently_vacant_count":1,"longest_vacancy_days":1187}},
{"type":"Feature","geometry":{"type":"Point","coordinates":[19.3858,47.488]},"properties":{"name":"Pécel","county":"Pest","population":17368,"active_gp_count":5,"gps_per_1000":0.29,"access_class":"low","access_band":2,"is_desert":0,"nearest_gp_km":0,"nearest_gp_minutes":0,"nearest_gp_settlement":null,"nearest_gp_method":null,"vacant_count":2,"persistently_vacant_count":2,"longest_vacancy_days":395}},
{"type":"Feature","geometry":{"type":"Point","coordinates":[18.2266,46.0784]},"properties":{"name":"Pécs","county":"Baranya","population":139412,"active_gp_count":113,"gps_per_1000":0.81,"access_class":"ok","access_band":4,"is_desert":0,"nearest_gp_km":0,"nearest_gp_minutes":0,"nearest_gp_settlement":null,"nearest_gp_method":null,"vacant_count":5,"persistently_vacant_count":5,"longest_vacancy_days":1703}},
{"type":"Feature","geometry":{"type":"Point","coordinates":[20.3636,47.4817]},"properties":{"name":"Pély","county":"Heves","population":1280,"active_gp_count":0,"gps_per_1000":0,"access_class":"desert","access_band":0,"is_desert":1,"nearest_gp_km":7.7,"nearest_gp_minutes":13,"nearest_gp_settlement":"Tarnaszentmiklós","nearest_gp_method":"road","vacant_count":1,"persistently_vacant_count":1,"longest_vacancy_days":2191}},
{"type":"Feature","geometry":{"type":"Point","coordinates":[22.151,47.6252]},"properties":{"name":"Penészlek","county":"Szabolcs-Szatmár-Bereg","population":942,"active_gp_count":0,"gps_per_1000":0,"access_class":"desert","access_band":0,"is_desert":1,"nearest_gp_km":9.6,"nearest_gp_minutes":14,"nearest_gp_settlement":"Nyírbéltek","nearest_gp_method":"road","vacant_count":1,"persistently_vacant_count":1,"longest_vacancy_days":4625}},
{"type":"Feature","geometry":{"type":"Point","coordinates":[17.8483,47.5983]},"properties":{"name":"Pér","county":"Győr-Moson-Sopron","population":2834,"active_gp_count":1,"gps_per_1000":0.35,"access_class":"low","access_band":2,"is_desert":0,"nearest_gp_km":0,"nearest_gp_minutes":0,"nearest_gp_settlement":null,"nearest_gp_method":null,"vacant_count":1,"persistently_vacant_count":1,"longest_vacancy_days":668}},
{"type":"Feature","geometry":{"type":"Point","coordinates":[20.9884,48.5121]},"properties":{"name":"Perecse","county":"Borsod-Abaúj-Zemplén","population":16,"active_gp_count":0,"gps_per_1000":0,"access_class":"desert","access_band":0,"is_desert":1,"nearest_gp_km":16.7,"nearest_gp_minutes":19,"nearest_gp_settlement":"Baktakék","nearest_gp_method":"road","vacant_count":1,"persistently_vacant_count":1,"longest_vacancy_days":242}},
{"type":"Feature","geometry":{"type":"Point","coordinates":[18.7765,47.0518]},"properties":{"name":"Perkáta","county":"Fejér","population":3865,"active_gp_count":1,"gps_per_1000":0.26,"access_class":"low","access_band":2,"is_desert":0,"nearest_gp_km":0,"nearest_gp_minutes":0,"nearest_gp_settlement":null,"nearest_gp_method":null,"vacant_count":1,"persistently_vacant_count":1,"longest_vacancy_days":3803}},
{"type":"Feature","geometry":{"type":"Point","coordinates":[20.6836,48.4745]},"properties":{"name":"Perkupa","county":"Borsod-Abaúj-Zemplén","population":786,"active_gp_count":0,"gps_per_1000":0,"access_class":"desert","access_band":0,"is_desert":1,"nearest_gp_km":10.3,"nearest_gp_minutes":12,"nearest_gp_settlement":"Bódvaszilas","nearest_gp_method":"road","vacant_count":1,"persistently_vacant_count":1,"longest_vacancy_days":1246}},
{"type":"Feature","geometry":{"type":"Point","coordinates":[18.8646,47.9799]},"properties":{"name":"Perőcsény","county":"Pest","population":362,"active_gp_count":0,"gps_per_1000":0,"access_class":"desert","access_band":0,"is_desert":1,"nearest_gp_km":10.2,"nearest_gp_minutes":16,"nearest_gp_settlement":"Vámosmikola","nearest_gp_method":"road","vacant_count":1,"persistently_vacant_count":1,"longest_vacancy_days":2738}},
{"type":"Feature","geometry":{"type":"Point","coordinates":[17.3584,46.0023]},"properties":{"name":"Péterhida","county":"Somogy","population":131,"active_gp_count":1,"gps_per_1000":7.63,"access_class":"ok","access_band":4,"is_desert":0,"nearest_gp_km":0,"nearest_gp_minutes":0,"nearest_gp_settlement":null,"nearest_gp_method":null,"vacant_count":1,"persistently_vacant_count":1,"longest_vacancy_days":2707}},
{"type":"Feature","geometry":{"type":"Point","coordinates":[20.0608,48.0314]},"properties":{"name":"Pétervására","county":"Heves","population":2064,"active_gp_count":2,"gps_per_1000":0.97,"access_class":"ok","access_band":4,"is_desert":0,"nearest_gp_km":0,"nearest_gp_minutes":0,"nearest_gp_settlement":null,"nearest_gp_method":null,"vacant_count":1,"persistently_vacant_count":1,"longest_vacancy_days":3437}},
{"type":"Feature","geometry":{"type":"Point","coordinates":[18.1358,47.1709]},"properties":{"name":"Pétfürdő","county":"Veszprém","population":4206,"active_gp_count":1,"gps_per_1000":0.24,"access_class":"low","access_band":2,"is_desert":0,"nearest_gp_km":0,"nearest_gp_minutes":0,"nearest_gp_settlement":null,"nearest_gp_method":null,"vacant_count":2,"persistently_vacant_count":1,"longest_vacancy_days":2738}},
{"type":"Feature","geometry":{"type":"Point","coordinates":[19.7041,47.7552]},"properties":{"name":"Petőfibánya","county":"Heves","population":2374,"active_gp_count":1,"gps_per_1000":0.42,"access_class":"moderate","access_band":3,"is_desert":0,"nearest_gp_km":0,"nearest_gp_minutes":0,"nearest_gp_settlement":null,"nearest_gp_method":null,"vacant_count":1,"persistently_vacant_count":1,"longest_vacancy_days":2313}},
{"type":"Feature","geometry":{"type":"Point","coordinates":[16.7828,46.9835]},"properties":{"name":"Petőmihályfa","county":"Vas","population":201,"active_gp_count":0,"gps_per_1000":0,"access_class":"desert","access_band":0,"is_desert":1,"nearest_gp_km":6.9,"nearest_gp_minutes":8,"nearest_gp_settlement":"Gersekarát","nearest_gp_method":"road","vacant_count":1,"persistently_vacant_count":0,"longest_vacancy_days":1338}},
{"type":"Feature","geometry":{"type":"Point","coordinates":[16.8441,46.4321]},"properties":{"name":"Petrivente","county":"Zala","population":302,"active_gp_count":1,"gps_per_1000":3.31,"access_class":"ok","access_band":4,"is_desert":0,"nearest_gp_km":0,"nearest_gp_minutes":0,"nearest_gp_settlement":null,"nearest_gp_method":null,"vacant_count":1,"persistently_vacant_count":1,"longest_vacancy_days":2221}},
{"type":"Feature","geometry":{"type":"Point","coordinates":[19.6059,48.1546]},"properties":{"name":"Piliny","county":"Nógrád","population":589,"active_gp_count":0,"gps_per_1000":0,"access_class":"desert","access_band":0,"is_desert":1,"nearest_gp_km":7.1,"nearest_gp_minutes":10,"nearest_gp_settlement":"Karancsság","nearest_gp_method":"road","vacant_count":1,"persistently_vacant_count":1,"longest_vacancy_days":3437}},
{"type":"Feature","geometry":{"type":"Point","coordinates":[19.5594,47.2865]},"properties":{"name":"Pilis","county":"Pest","population":11904,"active_gp_count":4,"gps_per_1000":0.34,"access_class":"low","access_band":2,"is_desert":0,"nearest_gp_km":0,"nearest_gp_minutes":0,"nearest_gp_settlement":null,"nearest_gp_method":null,"vacant_count":2,"persistently_vacant_count":2,"longest_vacancy_days":2495}},
{"type":"Feature","geometry":{"type":"Point","coordinates":[18.4092,46.6931]},"properties":{"name":"Pincehely","county":"Tolna","population":1973,"active_gp_count":2,"gps_per_1000":1.01,"access_class":"ok","access_band":4,"is_desert":0,"nearest_gp_km":0,"nearest_gp_minutes":0,"nearest_gp_settlement":null,"nearest_gp_method":null,"vacant_count":1,"persistently_vacant_count":1,"longest_vacancy_days":5601}},
{"type":"Feature","geometry":{"type":"Point","coordinates":[19.4323,46.5087]},"properties":{"name":"Pirtó","county":"Bács-Kiskun","population":786,"active_gp_count":0,"gps_per_1000":0,"access_class":"desert","access_band":0,"is_desert":1,"nearest_gp_km":9.8,"nearest_gp_minutes":11,"nearest_gp_settlement":"Tázlár","nearest_gp_method":"road","vacant_count":1,"persistently_vacant_count":1,"longest_vacancy_days":487}},
{"type":"Feature","geometry":{"type":"Point","coordinates":[17.9324,45.8155]},"properties":{"name":"Piskó","county":"Baranya","population":214,"active_gp_count":0,"gps_per_1000":0,"access_class":"desert","access_band":0,"is_desert":1,"nearest_gp_km":6.9,"nearest_gp_minutes":8,"nearest_gp_settlement":"Vajszló","nearest_gp_method":"road","vacant_count":1,"persistently_vacant_count":1,"longest_vacancy_days":1917}},
{"type":"Feature","geometry":{"type":"Point","coordinates":[20.7406,46.3197]},"properties":{"name":"Pitvaros","county":"Csongrád-Csanád","population":1173,"active_gp_count":0,"gps_per_1000":0,"access_class":"desert","access_band":0,"is_desert":1,"nearest_gp_km":6.4,"nearest_gp_minutes":8,"nearest_gp_settlement":"Nagyér","nearest_gp_method":"road","vacant_count":1,"persistently_vacant_count":1,"longest_vacancy_days":577}},
{"type":"Feature","geometry":{"type":"Point","coordinates":[21.8366,47.2968]},"properties":{"name":"Pocsaj","county":"Hajdú-Bihar","population":2507,"active_gp_count":0,"gps_per_1000":0,"access_class":"desert","access_band":0,"is_desert":1,"nearest_gp_km":8.5,"nearest_gp_minutes":12,"nearest_gp_settlement":"Esztár","nearest_gp_method":"road","vacant_count":1,"persistently_vacant_count":0,"longest_vacancy_days":122}},
{"type":"Feature","geometry":{"type":"Point","coordinates":[17.0501,46.3925]},"properties":{"name":"Pogányszentpéter","county":"Somogy","population":470,"active_gp_count":1,"gps_per_1000":2.13,"access_class":"ok","access_band":4,"is_desert":0,"nearest_gp_km":0,"nearest_gp_minutes":0,"nearest_gp_settlement":null,"nearest_gp_method":null,"vacant_count":1,"persistently_vacant_count":1,"longest_vacancy_days":1734}},
{"type":"Feature","geometry":{"type":"Point","coordinates":[18.3155,47.0579]},"properties":{"name":"Polgárdi","county":"Fejér","population":6621,"active_gp_count":3,"gps_per_1000":0.45,"access_class":"moderate","access_band":3,"is_desert":0,"nearest_gp_km":0,"nearest_gp_minutes":0,"nearest_gp_settlement":null,"nearest_gp_method":null,"vacant_count":1,"persistently_vacant_count":1,"longest_vacancy_days":943}},
{"type":"Feature","geometry":{"type":"Point","coordinates":[18.9939,47.6648]},"properties":{"name":"Pomáz","county":"Pest","population":18243,"active_gp_count":8,"gps_per_1000":0.44,"access_class":"moderate","access_band":3,"is_desert":0,"nearest_gp_km":0,"nearest_gp_minutes":0,"nearest_gp_settlement":null,"nearest_gp_method":null,"vacant_count":1,"persistently_vacant_count":1,"longest_vacancy_days":1096}},
{"type":"Feature","geometry":{"type":"Point","coordinates":[16.5772,46.7296]},"properties":{"name":"Pórszombat","county":"Zala","population":238,"active_gp_count":0,"gps_per_1000":0,"access_class":"desert","access_band":0,"is_desert":1,"nearest_gp_km":6.2,"nearest_gp_minutes":8,"nearest_gp_settlement":"Csesztreg","nearest_gp_method":"road","vacant_count":1,"persistently_vacant_count":1,"longest_vacancy_days":2007}},
{"type":"Feature","geometry":{"type":"Point","coordinates":[17.6462,45.9316]},"properties":{"name":"Potony","county":"Somogy","population":197,"active_gp_count":0,"gps_per_1000":0,"access_class":"desert","access_band":0,"is_desert":1,"nearest_gp_km":11.5,"nearest_gp_minutes":13,"nearest_gp_settlement":"Kétújfalu","nearest_gp_method":"road","vacant_count":1,"persistently_vacant_count":1,"longest_vacancy_days":6574}},
{"type":"Feature","geometry":{"type":"Point","coordinates":[16.7192,46.5945]},"properties":{"name":"Pördefölde","county":"Zala","population":60,"active_gp_count":0,"gps_per_1000":0,"access_class":"desert","access_band":0,"is_desert":1,"nearest_gp_km":13.4,"nearest_gp_minutes":16,"nearest_gp_settlement":"Bázakerettye","nearest_gp_method":"road","vacant_count":1,"persistently_vacant_count":1,"longest_vacancy_days":1491}},
{"type":"Feature","geometry":{"type":"Point","coordinates":[21.2496,48.0814]},"properties":{"name":"Prügy","county":"Borsod-Abaúj-Zemplén","population":2384,"active_gp_count":0,"gps_per_1000":0,"access_class":"desert","access_band":0,"is_desert":1,"nearest_gp_km":8.1,"nearest_gp_minutes":9,"nearest_gp_settlement":"Tarcal","nearest_gp_method":"road","vacant_count":2,"persistently_vacant_count":2,"longest_vacancy_days":7912}},
{"type":"Feature","geometry":{"type":"Point","coordinates":[16.6153,46.77]},"properties":{"name":"Pusztaapáti","county":"Zala","population":21,"active_gp_count":0,"gps_per_1000":0,"access_class":"desert","access_band":0,"is_desert":1,"nearest_gp_km":12.3,"nearest_gp_minutes":17,"nearest_gp_settlement":"Csesztreg","nearest_gp_method":"road","vacant_count":1,"persistently_vacant_count":1,"longest_vacancy_days":2007}},
{"type":"Feature","geometry":{"type":"Point","coordinates":[16.6204,47.3352]},"properties":{"name":"Pusztacsó","county":"Vas","population":164,"active_gp_count":1,"gps_per_1000":6.1,"access_class":"ok","access_band":4,"is_desert":0,"nearest_gp_km":0,"nearest_gp_minutes":0,"nearest_gp_settlement":null,"nearest_gp_method":null,"vacant_count":1,"persistently_vacant_count":0,"longest_vacancy_days":456}},
{"type":"Feature","geometry":{"type":"Point","coordinates":[16.799,46.6369]},"properties":{"name":"Pusztaederics","county":"Zala","population":160,"active_gp_count":0,"gps_per_1000":0,"access_class":"desert","access_band":0,"is_desert":1,"nearest_gp_km":9.1,"nearest_gp_minutes":12,"nearest_gp_settlement":"Söjtör","nearest_gp_method":"road","vacant_count":1,"persistently_vacant_count":1,"longest_vacancy_days":1642}},
{"type":"Feature","geometry":{"type":"Point","coordinates":[17.5665,46.5482]},"properties":{"name":"Pusztakovácsi","county":"Somogy","population":797,"active_gp_count":1,"gps_per_1000":1.25,"access_class":"ok","access_band":4,"is_desert":0,"nearest_gp_km":0,"nearest_gp_minutes":0,"nearest_gp_settlement":null,"nearest_gp_method":null,"vacant_count":1,"persistently_vacant_count":1,"longest_vacancy_days":1948}},
{"type":"Feature","geometry":{"type":"Point","coordinates":[17.4438,47.051]},"properties":{"name":"Pusztamiske","county":"Veszprém","population":379,"active_gp_count":0,"gps_per_1000":0,"access_class":"desert","access_band":0,"is_desert":1,"nearest_gp_km":7.4,"nearest_gp_minutes":10,"nearest_gp_settlement":"Devecser","nearest_gp_method":"road","vacant_count":1,"persistently_vacant_count":1,"longest_vacancy_days":1917}},
{"type":"Feature","geometry":{"type":"Point","coordinates":[21.1319,48.4727]},"properties":{"name":"Pusztaradvány","county":"Borsod-Abaúj-Zemplén","population":216,"active_gp_count":0,"gps_per_1000":0,"access_class":"desert","access_band":0,"is_desert":1,"nearest_gp_km":10.6,"nearest_gp_minutes":15,"nearest_gp_settlement":"Novajidrány","nearest_gp_method":"road","vacant_count":1,"persistently_vacant_count":1,"longest_vacancy_days":7943}},
{"type":"Feature","geometry":{"type":"Point","coordinates":[18.7464,47.1351]},"properties":{"name":"Pusztaszabolcs","county":"Fejér","population":5802,"active_gp_count":3,"gps_per_1000":0.52,"access_class":"moderate","access_band":3,"is_desert":0,"nearest_gp_km":0,"nearest_gp_minutes":0,"nearest_gp_settlement":null,"nearest_gp_method":null,"vacant_count":1,"persistently_vacant_count":1,"longest_vacancy_days":1552}},
{"type":"Feature","geometry":{"type":"Point","coordinates":[19.5229,47.1588]},"properties":{"name":"Pusztavacs","county":"Pest","population":1277,"active_gp_count":1,"gps_per_1000":0.78,"access_class":"ok","access_band":4,"is_desert":0,"nearest_gp_km":0,"nearest_gp_minutes":0,"nearest_gp_settlement":null,"nearest_gp_method":null,"vacant_count":1,"persistently_vacant_count":1,"longest_vacancy_days":2007}},
{"type":"Feature","geometry":{"type":"Point","coordinates":[18.7848,47.3949]},"properties":{"name":"Pusztazámor","county":"Pest","population":1231,"active_gp_count":2,"gps_per_1000":1.62,"access_class":"ok","access_band":4,"is_desert":0,"nearest_gp_km":0,"nearest_gp_minutes":0,"nearest_gp_settlement":null,"nearest_gp_method":null,"vacant_count":1,"persistently_vacant_count":0,"longest_vacancy_days":181}},
{"type":"Feature","geometry":{"type":"Point","coordinates":[20.4503,48.3109]},"properties":{"name":"Putnok","county":"Borsod-Abaúj-Zemplén","population":6213,"active_gp_count":3,"gps_per_1000":0.48,"access_class":"moderate","access_band":3,"is_desert":0,"nearest_gp_km":0,"nearest_gp_minutes":0,"nearest_gp_settlement":null,"nearest_gp_method":null,"vacant_count":2,"persistently_vacant_count":2,"longest_vacancy_days":3499}},
{"type":"Feature","geometry":{"type":"Point","coordinates":[19.3492,47.7709]},"properties":{"name":"Püspökhatvan","county":"Pest","population":1349,"active_gp_count":1,"gps_per_1000":0.74,"access_class":"ok","access_band":4,"is_desert":0,"nearest_gp_km":0,"nearest_gp_minutes":0,"nearest_gp_settlement":null,"nearest_gp_method":null,"vacant_count":1,"persistently_vacant_count":1,"longest_vacancy_days":2129}},
{"type":"Feature","geometry":{"type":"Point","coordinates":[21.1096,47.3078]},"properties":{"name":"Püspökladány","county":"Hajdú-Bihar","population":12999,"active_gp_count":8,"gps_per_1000":0.62,"access_class":"ok","access_band":4,"is_desert":0,"nearest_gp_km":0,"nearest_gp_minutes":0,"nearest_gp_settlement":null,"nearest_gp_method":null,"vacant_count":2,"persistently_vacant_count":1,"longest_vacancy_days":881}},
{"type":"Feature","geometry":{"type":"Point","coordinates":[17.0948,47.4253]},"properties":{"name":"Rábakecöl","county":"Győr-Moson-Sopron","population":677,"active_gp_count":0,"gps_per_1000":0,"access_class":"desert","access_band":0,"is_desert":1,"nearest_gp_km":6,"nearest_gp_minutes":6,"nearest_gp_settlement":"Kenyeri","nearest_gp_method":"road","vacant_count":2,"persistently_vacant_count":1,"longest_vacancy_days":6451}},
{"type":"Feature","geometry":{"type":"Point","coordinates":[17.2542,47.4452]},"properties":{"name":"Rábasebes","county":"Győr-Moson-Sopron","population":82,"active_gp_count":0,"gps_per_1000":0,"access_class":"desert","access_band":0,"is_desert":1,"nearest_gp_km":7.2,"nearest_gp_minutes":9,"nearest_gp_settlement":"Szany","nearest_gp_method":"road","vacant_count":1,"persistently_vacant_count":1,"longest_vacancy_days":2648}},
{"type":"Feature","geometry":{"type":"Point","coordinates":[17.155,47.615]},"properties":{"name":"Rábatamási","county":"Győr-Moson-Sopron","population":976,"active_gp_count":0,"gps_per_1000":0,"access_class":"desert","access_band":0,"is_desert":1,"nearest_gp_km":3.7,"nearest_gp_minutes":6,"nearest_gp_settlement":"Szárföld","nearest_gp_method":"road","vacant_count":1,"persistently_vacant_count":1,"longest_vacancy_days":6725}},
{"type":"Feature","geometry":{"type":"Point","coordinates":[17.2716,47.7064]},"properties":{"name":"Rábcakapi","county":"Győr-Moson-Sopron","population":174,"active_gp_count":0,"gps_per_1000":0,"access_class":"desert","access_band":0,"is_desert":1,"nearest_gp_km":4.6,"nearest_gp_minutes":6,"nearest_gp_settlement":"Bősárkány","nearest_gp_method":"road","vacant_count":1,"persistently_vacant_count":1,"longest_vacancy_days":699}},
{"type":"Feature","geometry":{"type":"Point","coordinates":[18.8218,47.2854]},"properties":{"name":"Ráckeresztúr","county":"Fejér","population":3552,"active_gp_count":1,"gps_per_1000":0.28,"access_class":"low","access_band":2,"is_desert":0,"nearest_gp_km":0,"nearest_gp_minutes":0,"nearest_gp_settlement":null,"nearest_gp_method":null,"vacant_count":1,"persistently_vacant_count":1,"longest_vacancy_days":303}},
{"type":"Feature","geometry":{"type":"Point","coordinates":[18.9155,47.1659]},"properties":{"name":"Ráckeve","county":"Pest","population":11086,"active_gp_count":5,"gps_per_1000":0.45,"access_class":"moderate","access_band":3,"is_desert":0,"nearest_gp_km":0,"nearest_gp_minutes":0,"nearest_gp_settlement":null,"nearest_gp_method":null,"vacant_count":1,"persistently_vacant_count":1,"longest_vacancy_days":1856}},
{"type":"Feature","geometry":{"type":"Point","coordinates":[19.2311,47.7813]},"properties":{"name":"Rád","county":"Pest","population":2008,"active_gp_count":0,"gps_per_1000":0,"access_class":"desert","access_band":0,"is_desert":1,"nearest_gp_km":6,"nearest_gp_minutes":10,"nearest_gp_settlement":"Penc","nearest_gp_method":"road","vacant_count":1,"persistently_vacant_count":1,"longest_vacancy_days":760}},
{"type":"Feature","geometry":{"type":"Point","coordinates":[17.1848,47.9849]},"properties":{"name":"Rajka","county":"Győr-Moson-Sopron","population":5459,"active_gp_count":0,"gps_per_1000":0,"access_class":"desert","access_band":0,"is_desert":1,"nearest_gp_km":12.7,"nearest_gp_minutes":10,"nearest_gp_settlement":"Hegyeshalom","nearest_gp_method":"road","vacant_count":1,"persistently_vacant_count":1,"longest_vacancy_days":456}},
{"type":"Feature","geometry":{"type":"Point","coordinates":[20.8856,48.4553]},"properties":{"name":"Rakaca","county":"Borsod-Abaúj-Zemplén","population":844,"active_gp_count":0,"gps_per_1000":0,"access_class":"desert","access_band":0,"is_desert":1,"nearest_gp_km":14.5,"nearest_gp_minutes":18,"nearest_gp_settlement":"Hidvégardó","nearest_gp_method":"road","vacant_count":1,"persistently_vacant_count":1,"longest_vacancy_days":3560}},
{"type":"Feature","geometry":{"type":"Point","coordinates":[20.8381,48.4557]},"properties":{"name":"Rakacaszend","county":"Borsod-Abaúj-Zemplén","population":224,"active_gp_count":0,"gps_per_1000":0,"access_class":"desert","access_band":0,"is_desert":1,"nearest_gp_km":18.9,"nearest_gp_minutes":20,"nearest_gp_settlement":"Szendrő","nearest_gp_method":"road","vacant_count":1,"persistently_vacant_count":1,"longest_vacancy_days":3560}},
{"type":"Feature","geometry":{"type":"Point","coordinates":[21.4758,48.1131]},"properties":{"name":"Rakamaz","county":"Szabolcs-Szatmár-Bereg","population":4222,"active_gp_count":2,"gps_per_1000":0.47,"access_class":"moderate","access_band":3,"is_desert":0,"nearest_gp_km":0,"nearest_gp_minutes":0,"nearest_gp_settlement":null,"nearest_gp_method":null,"vacant_count":1,"persistently_vacant_count":1,"longest_vacancy_days":515}},
{"type":"Feature","geometry":{"type":"Point","coordinates":[19.8642,48.0238]},"properties":{"name":"Rákóczibánya","county":"Nógrád","population":472,"active_gp_count":1,"gps_per_1000":2.12,"access_class":"ok","access_band":4,"is_desert":0,"nearest_gp_km":0,"nearest_gp_minutes":0,"nearest_gp_settlement":null,"nearest_gp_method":null,"vacant_count":1,"persistently_vacant_count":1,"longest_vacancy_days":791}},
{"type":"Feature","geometry":{"type":"Point","coordinates":[20.2504,47.0478]},"properties":{"name":"Rákócziújfalu","county":"Jász-Nagykun-Szolnok","population":1779,"active_gp_count":0,"gps_per_1000":0,"access_class":"desert","access_band":0,"is_desert":1,"nearest_gp_km":5.2,"nearest_gp_minutes":10,"nearest_gp_settlement":"Rákóczifalva","nearest_gp_method":"road","vacant_count":1,"persistently_vacant_count":1,"longest_vacancy_days":1948}},
{"type":"Feature","geometry":{"type":"Point","coordinates":[22.5516,47.9183]},"properties":{"name":"Rápolt","county":"Szabolcs-Szatmár-Bereg","population":143,"active_gp_count":0,"gps_per_1000":0,"access_class":"desert","access_band":0,"is_desert":1,"nearest_gp_km":6.1,"nearest_gp_minutes":8,"nearest_gp_settlement":"Porcsalma","nearest_gp_method":"road","vacant_count":1,"persistently_vacant_count":1,"longest_vacancy_days":2129}},
{"type":"Feature","geometry":{"type":"Point","coordinates":[20.9939,48.3118]},"properties":{"name":"Rásonysápberencs","county":"Borsod-Abaúj-Zemplén","population":518,"active_gp_count":0,"gps_per_1000":0,"access_class":"desert","access_band":0,"is_desert":1,"nearest_gp_km":8.5,"nearest_gp_minutes":12,"nearest_gp_settlement":"Baktakék","nearest_gp_method":"road","vacant_count":1,"persistently_vacant_count":1,"longest_vacancy_days":4109}},
{"type":"Feature","geometry":{"type":"Point","coordinates":[16.4254,46.9661]},"properties":{"name":"Rátót","county":"Vas","population":236,"active_gp_count":0,"gps_per_1000":0,"access_class":"desert","access_band":0,"is_desert":1,"nearest_gp_km":3.3,"nearest_gp_minutes":5,"nearest_gp_settlement":"Rábagyarmat","nearest_gp_method":"road","vacant_count":1,"persistently_vacant_count":0,"longest_vacancy_days":1461}},
{"type":"Feature","geometry":{"type":"Point","coordinates":[17.9388,47.4171]},"properties":{"name":"Réde","county":"Komárom-Esztergom","population":1177,"active_gp_count":0,"gps_per_1000":0,"access_class":"desert","access_band":0,"is_desert":1,"nearest_gp_km":12.5,"nearest_gp_minutes":18,"nearest_gp_settlement":"Bakonyszentkirály","nearest_gp_method":"road","vacant_count":1,"persistently_vacant_count":1,"longest_vacancy_days":1126}},
{"type":"Feature","geometry":{"type":"Point","coordinates":[21.4205,48.4151]},"properties":{"name":"Regéc","county":"Borsod-Abaúj-Zemplén","population":61,"active_gp_count":0,"gps_per_1000":0,"access_class":"desert","access_band":0,"is_desert":1,"nearest_gp_km":8.7,"nearest_gp_minutes":19,"nearest_gp_settlement":"Pálháza","nearest_gp_method":"road","vacant_count":1,"persistently_vacant_count":1,"longest_vacancy_days":2495}},
{"type":"Feature","geometry":{"type":"Point","coordinates":[18.9208,47.5623]},"properties":{"name":"Remeteszőlős","county":"Pest","population":1067,"active_gp_count":1,"gps_per_1000":0.94,"access_class":"ok","access_band":4,"is_desert":0,"nearest_gp_km":0,"nearest_gp_minutes":0,"nearest_gp_settlement":null,"nearest_gp_method":null,"vacant_count":1,"persistently_vacant_count":0,"longest_vacancy_days":122}},
{"type":"Feature","geometry":{"type":"Point","coordinates":[17.0204,47.42]},"properties":{"name":"Répcelak","county":"Vas","population":2371,"active_gp_count":2,"gps_per_1000":0.84,"access_class":"ok","access_band":4,"is_desert":0,"nearest_gp_km":0,"nearest_gp_minutes":0,"nearest_gp_settlement":null,"nearest_gp_method":null,"vacant_count":1,"persistently_vacant_count":0,"longest_vacancy_days":2373}},
{"type":"Feature","geometry":{"type":"Point","coordinates":[16.8475,47.3468]},"properties":{"name":"Répceszentgyörgy","county":"Vas","population":128,"active_gp_count":0,"gps_per_1000":0,"access_class":"desert","access_band":0,"is_desert":1,"nearest_gp_km":7,"nearest_gp_minutes":8,"nearest_gp_settlement":"Bő","nearest_gp_method":"road","vacant_count":1,"persistently_vacant_count":0,"longest_vacancy_days":912}},
{"type":"Feature","geometry":{"type":"Point","coordinates":[17.8991,47.6076]},"properties":{"name":"Rétalap","county":"Győr-Moson-Sopron","population":505,"active_gp_count":0,"gps_per_1000":0,"access_class":"desert","access_band":0,"is_desert":1,"nearest_gp_km":10.6,"nearest_gp_minutes":15,"nearest_gp_settlement":"Bana","nearest_gp_method":"road","vacant_count":1,"persistently_vacant_count":1,"longest_vacancy_days":1096}},
{"type":"Feature","geometry":{"type":"Point","coordinates":[19.1429,47.9307]},"properties":{"name":"Rétság","county":"Nógrád","population":2645,"active_gp_count":2,"gps_per_1000":0.76,"access_class":"ok","access_band":4,"is_desert":0,"nearest_gp_km":0,"nearest_gp_minutes":0,"nearest_gp_settlement":null,"nearest_gp_method":null,"vacant_count":1,"persistently_vacant_count":1,"longest_vacancy_days":1734}},
{"type":"Feature","geometry":{"type":"Point","coordinates":[21.9697,48.3134]},"properties":{"name":"Ricse","county":"Borsod-Abaúj-Zemplén","population":1604,"active_gp_count":0,"gps_per_1000":0,"access_class":"desert","access_band":0,"is_desert":1,"nearest_gp_km":8.8,"nearest_gp_minutes":14,"nearest_gp_settlement":"Lácacséke","nearest_gp_method":"road","vacant_count":1,"persistently_vacant_count":1,"longest_vacancy_days":2038}},
{"type":"Feature","geometry":{"type":"Point","coordinates":[17.3646,46.0689]},"properties":{"name":"Rinyaújnép","county":"Somogy","population":49,"active_gp_count":0,"gps_per_1000":0,"access_class":"desert","access_band":0,"is_desert":1,"nearest_gp_km":14.5,"nearest_gp_minutes":28,"nearest_gp_settlement":"Tarany","nearest_gp_method":"road","vacant_count":1,"persistently_vacant_count":1,"longest_vacancy_days":2342}},
{"type":"Feature","geometry":{"type":"Point","coordinates":[22.1345,48.0414]},"properties":{"name":"Rohod","county":"Szabolcs-Szatmár-Bereg","population":1140,"active_gp_count":0,"gps_per_1000":0,"access_class":"desert","access_band":0,"is_desert":1,"nearest_gp_km":6.2,"nearest_gp_minutes":9,"nearest_gp_settlement":"Vaja","nearest_gp_method":"road","vacant_count":1,"persistently_vacant_count":1,"longest_vacancy_days":1461}},
{"type":"Feature","geometry":{"type":"Point","coordinates":[17.7834,47.4381]},"properties":{"name":"Románd","county":"Győr-Moson-Sopron","population":296,"active_gp_count":1,"gps_per_1000":3.38,"access_class":"ok","access_band":4,"is_desert":0,"nearest_gp_km":0,"nearest_gp_minutes":0,"nearest_gp_settlement":null,"nearest_gp_method":null,"vacant_count":1,"persistently_vacant_count":1,"longest_vacancy_days":821}},
{"type":"Feature","geometry":{"type":"Point","coordinates":[19.2389,47.9172]},"properties":{"name":"Romhány","county":"Nógrád","population":2119,"active_gp_count":1,"gps_per_1000":0.47,"access_class":"moderate","access_band":3,"is_desert":0,"nearest_gp_km":0,"nearest_gp_minutes":0,"nearest_gp_settlement":null,"nearest_gp_method":null,"vacant_count":2,"persistently_vacant_count":2,"longest_vacancy_days":2587}},
{"type":"Feature","geometry":{"type":"Point","coordinates":[16.3626,46.9863]},"properties":{"name":"Rönök","county":"Vas","population":326,"active_gp_count":0,"gps_per_1000":0,"access_class":"desert","access_band":0,"is_desert":1,"nearest_gp_km":9.1,"nearest_gp_minutes":11,"nearest_gp_settlement":"Csörötnek","nearest_gp_method":"road","vacant_count":1,"persistently_vacant_count":0,"longest_vacancy_days":1461}},
{"type":"Feature","geometry":{"type":"Point","coordinates":[20.6301,48.3728]},"properties":{"name":"Rudabánya","county":"Borsod-Abaúj-Zemplén","population":2256,"active_gp_count":0,"gps_per_1000":0,"access_class":"desert","access_band":0,"is_desert":1,"nearest_gp_km":5.3,"nearest_gp_minutes":6,"nearest_gp_settlement":"Szuhogy","nearest_gp_method":"road","vacant_count":2,"persistently_vacant_count":2,"longest_vacancy_days":1157}},
{"type":"Feature","geometry":{"type":"Point","coordinates":[20.6726,48.3138]},"properties":{"name":"Rudolftelep","county":"Borsod-Abaúj-Zemplén","population":672,"active_gp_count":0,"gps_per_1000":0,"access_class":"desert","access_band":0,"is_desert":1,"nearest_gp_km":5.3,"nearest_gp_minutes":9,"nearest_gp_settlement":"Szuhakálló","nearest_gp_method":"road","vacant_count":1,"persistently_vacant_count":1,"longest_vacancy_days":6390}},
{"type":"Feature","geometry":{"type":"Point","coordinates":[18.0759,46.823]},"properties":{"name":"Ságvár","county":"Somogy","population":1966,"active_gp_count":0,"gps_per_1000":0,"access_class":"desert","access_band":0,"is_desert":1,"nearest_gp_km":8.5,"nearest_gp_minutes":13,"nearest_gp_settlement":"Ádánd","nearest_gp_method":"road","vacant_count":2,"persistently_vacant_count":2,"longest_vacancy_days":5905}},
{"type":"Feature","geometry":{"type":"Point","coordinates":[20.9658,48.0056]},"properties":{"name":"Sajóhídvég","county":"Borsod-Abaúj-Zemplén","population":1026,"active_gp_count":0,"gps_per_1000":0,"access_class":"desert","access_band":0,"is_desert":1,"nearest_gp_km":6,"nearest_gp_minutes":8,"nearest_gp_settlement":"Girincs","nearest_gp_method":"road","vacant_count":1,"persistently_vacant_count":1,"longest_vacancy_days":4383}},
{"type":"Feature","geometry":{"type":"Point","coordinates":[20.9102,48.0365]},"properties":{"name":"Sajólád","county":"Borsod-Abaúj-Zemplén","population":2850,"active_gp_count":1,"gps_per_1000":0.35,"access_class":"low","access_band":2,"is_desert":0,"nearest_gp_km":0,"nearest_gp_minutes":0,"nearest_gp_settlement":null,"nearest_gp_method":null,"vacant_count":1,"persistently_vacant_count":1,"longest_vacancy_days":2038}},
{"type":"Feature","geometry":{"type":"Point","coordinates":[20.4187,48.2453]},"properties":{"name":"Sajómercse","county":"Borsod-Abaúj-Zemplén","population":181,"active_gp_count":0,"gps_per_1000":0,"access_class":"desert","access_band":0,"is_desert":1,"nearest_gp_km":8.8,"nearest_gp_minutes":12,"nearest_gp_settlement":"Putnok","nearest_gp_method":"road","vacant_count":1,"persistently_vacant_count":1,"longest_vacancy_days":3499}},
{"type":"Feature","geometry":{"type":"Point","coordinates":[20.3861,48.2718]},"properties":{"name":"Sajónémeti","county":"Borsod-Abaúj-Zemplén","population":416,"active_gp_count":0,"gps_per_1000":0,"access_class":"desert","access_band":0,"is_desert":1,"nearest_gp_km":10.7,"nearest_gp_minutes":15,"nearest_gp_settlement":"Ózd","nearest_gp_method":"road","vacant_count":1,"persistently_vacant_count":1,"longest_vacancy_days":2007}},
{"type":"Feature","geometry":{"type":"Point","coordinates":[20.3324,48.2719]},"properties":{"name":"Sajópüspöki","county":"Borsod-Abaúj-Zemplén","population":448,"active_gp_count":0,"gps_per_1000":0,"access_class":"desert","access_band":0,"is_desert":1,"nearest_gp_km":10.7,"nearest_gp_minutes":15,"nearest_gp_settlement":"Ózd","nearest_gp_method":"road","vacant_count":1,"persistently_vacant_count":1,"longest_vacancy_days":2007}},
{"type":"Feature","geometry":{"type":"Point","coordinates":[20.7178,48.2227]},"properties":{"name":"Sajószentpéter","county":"Borsod-Abaúj-Zemplén","population":11185,"active_gp_count":7,"gps_per_1000":0.63,"access_class":"ok","access_band":4,"is_desert":0,"nearest_gp_km":0,"nearest_gp_minutes":0,"nearest_gp_settlement":null,"nearest_gp_method":null,"vacant_count":1,"persistently_vacant_count":1,"longest_vacancy_days":546}},
{"type":"Feature","geometry":{"type":"Point","coordinates":[20.4785,48.262]},"properties":{"name":"Sajóvelezd","county":"Borsod-Abaúj-Zemplén","population":671,"active_gp_count":0,"gps_per_1000":0,"access_class":"desert","access_band":0,"is_desert":1,"nearest_gp_km":8.1,"nearest_gp_minutes":11,"nearest_gp_settlement":"Putnok","nearest_gp_method":"road","vacant_count":1,"persistently_vacant_count":1,"longest_vacancy_days":3499}},
{"type":"Feature","geometry":{"type":"Point","coordinates":[19.8312,48.1098]},"properties":{"name":"Salgótarján","county":"Nógrád","population":30416,"active_gp_count":21,"gps_per_1000":0.69,"access_class":"ok","access_band":4,"is_desert":0,"nearest_gp_km":0,"nearest_gp_minutes":0,"nearest_gp_settlement":null,"nearest_gp_method":null,"vacant_count":10,"persistently_vacant_count":10,"longest_vacancy_days":6270}},
{"type":"Feature","geometry":{"type":"Point","coordinates":[20.6602,47.9506]},"properties":{"name":"Sály","county":"Borsod-Abaúj-Zemplén","population":1496,"active_gp_count":0,"gps_per_1000":0,"access_class":"desert","access_band":0,"is_desert":1,"nearest_gp_km":8.1,"nearest_gp_minutes":13,"nearest_gp_settlement":"Bükkábrány","nearest_gp_method":"road","vacant_count":1,"persistently_vacant_count":1,"longest_vacancy_days":2007}},
{"type":"Feature","geometry":{"type":"Point","coordinates":[18.0424,45.846]},"properties":{"name":"Sámod","county":"Baranya","population":192,"active_gp_count":0,"gps_per_1000":0,"access_class":"desert","access_band":0,"is_desert":1,"nearest_gp_km":5.3,"nearest_gp_minutes":6,"nearest_gp_settlement":"Kémes","nearest_gp_method":"road","vacant_count":1,"persistently_vacant_count":1,"longest_vacancy_days":1126}},
{"type":"Feature","geometry":{"type":"Point","coordinates":[21.3648,47.2536]},"properties":{"name":"Sáp","county":"Hajdú-Bihar","population":796,"active_gp_count":0,"gps_per_1000":0,"access_class":"desert","access_band":0,"is_desert":1,"nearest_gp_km":6.7,"nearest_gp_minutes":9,"nearest_gp_settlement":"Bihartorda","nearest_gp_method":"road","vacant_count":1,"persistently_vacant_count":1,"longest_vacancy_days":5601}},
{"type":"Feature","geometry":{"type":"Point","coordinates":[18.6011,46.872]},"properties":{"name":"Sárbogárd","county":"Fejér","population":11396,"active_gp_count":4,"gps_per_1000":0.35,"access_class":"low","access_band":2,"is_desert":0,"nearest_gp_km":0,"nearest_gp_minutes":0,"nearest_gp_settlement":null,"nearest_gp_method":null,"vacant_count":4,"persistently_vacant_count":4,"longest_vacancy_days":546}},
{"type":"Feature","geometry":{"type":"Point","coordinates":[18.5831,46.7853]},"properties":{"name":"Sáregres","county":"Fejér","population":665,"active_gp_count":0,"gps_per_1000":0,"access_class":"desert","access_band":0,"is_desert":1,"nearest_gp_km":7.6,"nearest_gp_minutes":10,"nearest_gp_settlement":"Cece","nearest_gp_method":"road","vacant_count":2,"persistently_vacant_count":2,"longest_vacancy_days":1917}},
{"type":"Feature","geometry":{"type":"Point","coordinates":[21.3629,46.7709]},"properties":{"name":"Sarkad","county":"Békés","population":8988,"active_gp_count":6,"gps_per_1000":0.67,"access_class":"ok","access_band":4,"is_desert":0,"nearest_gp_km":0,"nearest_gp_minutes":0,"nearest_gp_settlement":null,"nearest_gp_method":null,"vacant_count":3,"persistently_vacant_count":3,"longest_vacancy_days":3834}},
{"type":"Feature","geometry":{"type":"Point","coordinates":[21.4091,46.8289]},"properties":{"name":"Sarkadkeresztúr","county":"Békés","population":1310,"active_gp_count":0,"gps_per_1000":0,"access_class":"desert","access_band":0,"is_desert":1,"nearest_gp_km":8.9,"nearest_gp_minutes":11,"nearest_gp_settlement":"Sarkad","nearest_gp_method":"road","vacant_count":1,"persistently_vacant_count":1,"longest_vacancy_days":943}},
{"type":"Feature","geometry":{"type":"Point","coordinates":[18.6506,47.0368]},"properties":{"name":"Sárosd","county":"Fejér","population":3084,"active_gp_count":2,"gps_per_1000":0.65,"access_class":"ok","access_band":4,"is_desert":0,"nearest_gp_km":0,"nearest_gp_minutes":0,"nearest_gp_settlement":null,"nearest_gp_method":null,"vacant_count":1,"persistently_vacant_count":1,"longest_vacancy_days":5782}},
{"type":"Feature","geometry":{"type":"Point","coordinates":[21.5875,48.3181]},"properties":{"name":"Sárospatak","county":"Borsod-Abaúj-Zemplén","population":10423,"active_gp_count":8,"gps_per_1000":0.77,"access_class":"ok","access_band":4,"is_desert":0,"nearest_gp_km":0,"nearest_gp_minutes":0,"nearest_gp_settlement":null,"nearest_gp_method":null,"vacant_count":2,"persistently_vacant_count":2,"longest_vacancy_days":2191}},
{"type":"Feature","geometry":{"type":"Point","coordinates":[18.75,46.2464]},"properties":{"name":"Sárpilis","county":"Tolna","population":560,"active_gp_count":1,"gps_per_1000":1.79,"access_class":"ok","access_band":4,"is_desert":0,"nearest_gp_km":0,"nearest_gp_minutes":0,"nearest_gp_settlement":null,"nearest_gp_method":null,"vacant_count":1,"persistently_vacant_count":1,"longest_vacancy_days":1004}},
{"type":"Feature","geometry":{"type":"Point","coordinates":[21.1859,47.2327]},"properties":{"name":"Sárrétudvari","county":"Hajdú-Bihar","population":2621,"active_gp_count":1,"gps_per_1000":0.38,"access_class":"low","access_band":2,"is_desert":0,"nearest_gp_km":0,"nearest_gp_minutes":0,"nearest_gp_settlement":null,"nearest_gp_method":null,"vacant_count":1,"persistently_vacant_count":1,"longest_vacancy_days":1461}},
{"type":"Feature","geometry":{"type":"Point","coordinates":[18.574,46.9512]},"properties":{"name":"Sárszentágota","county":"Fejér","population":1291,"active_gp_count":0,"gps_per_1000":0,"access_class":"desert","access_band":0,"is_desert":1,"nearest_gp_km":4.9,"nearest_gp_minutes":4,"nearest_gp_settlement":"Sárkeresztúr","nearest_gp_method":"road","vacant_count":1,"persistently_vacant_count":1,"longest_vacancy_days":2465}},
{"type":"Feature","geometry":{"type":"Point","coordinates":[20.5734,47.5884]},"properties":{"name":"Sarud","county":"Heves","population":949,"active_gp_count":0,"gps_per_1000":0,"access_class":"desert","access_band":0,"is_desert":1,"nearest_gp_km":5.6,"nearest_gp_minutes":7,"nearest_gp_settlement":"Tiszanána","nearest_gp_method":"road","vacant_count":1,"persistently_vacant_count":1,"longest_vacancy_days":1976}},
{"type":"Feature","geometry":{"type":"Point","coordinates":[17.3472,46.3482]},"properties":{"name":"Segesd","county":"Somogy","population":2181,"active_gp_count":0,"gps_per_1000":0,"access_class":"desert","access_band":0,"is_desert":1,"nearest_gp_km":9.8,"nearest_gp_minutes":22,"nearest_gp_settlement":"Kutas","nearest_gp_method":"road","vacant_count":1,"persistently_vacant_count":1,"longest_vacancy_days":395}},
{"type":"Feature","geometry":{"type":"Point","coordinates":[17.8526,45.8693]},"properties":{"name":"Sellye","county":"Baranya","population":2288,"active_gp_count":2,"gps_per_1000":0.87,"access_class":"ok","access_band":4,"is_desert":0,"nearest_gp_km":0,"nearest_gp_minutes":0,"nearest_gp_settlement":null,"nearest_gp_method":null,"vacant_count":1,"persistently_vacant_count":1,"longest_vacancy_days":1065}},
{"type":"Feature","geometry":{"type":"Point","coordinates":[18.0154,46.7644]},"properties":{"name":"Sérsekszőlős","county":"Somogy","population":132,"active_gp_count":1,"gps_per_1000":7.58,"access_class":"ok","access_band":4,"is_desert":0,"nearest_gp_km":0,"nearest_gp_minutes":0,"nearest_gp_settlement":null,"nearest_gp_method":null,"vacant_count":1,"persistently_vacant_count":1,"longest_vacancy_days":1004}},
{"type":"Feature","geometry":{"type":"Point","coordinates":[19.0521,46.8055]},"properties":{"name":"Solt","county":"Bács-Kiskun","population":5817,"active_gp_count":3,"gps_per_1000":0.52,"access_class":"moderate","access_band":3,"is_desert":0,"nearest_gp_km":0,"nearest_gp_minutes":0,"nearest_gp_settlement":null,"nearest_gp_method":null,"vacant_count":1,"persistently_vacant_count":1,"longest_vacancy_days":4199}},
{"type":"Feature","geometry":{"type":"Point","coordinates":[19.2353,46.7502]},"properties":{"name":"Soltszentimre","county":"Bács-Kiskun","population":1298,"active_gp_count":0,"gps_per_1000":0,"access_class":"desert","access_band":0,"is_desert":1,"nearest_gp_km":11.4,"nearest_gp_minutes":17,"nearest_gp_settlement":"Csengőd","nearest_gp_method":"road","vacant_count":1,"persistently_vacant_count":1,"longest_vacancy_days":395}},
{"type":"Feature","geometry":{"type":"Point","coordinates":[19.3606,46.5642]},"properties":{"name":"Soltvadkert","county":"Bács-Kiskun","population":6865,"active_gp_count":3,"gps_per_1000":0.44,"access_class":"moderate","access_band":3,"is_desert":0,"nearest_gp_km":0,"nearest_gp_minutes":0,"nearest_gp_settlement":null,"nearest_gp_method":null,"vacant_count":2,"persistently_vacant_count":2,"longest_vacancy_days":1065}},
{"type":"Feature","geometry":{"type":"Point","coordinates":[18.1294,46.7794]},"properties":{"name":"Som","county":"Somogy","population":662,"active_gp_count":1,"gps_per_1000":1.51,"access_class":"ok","access_band":4,"is_desert":0,"nearest_gp_km":0,"nearest_gp_minutes":0,"nearest_gp_settlement":null,"nearest_gp_method":null,"vacant_count":1,"persistently_vacant_count":1,"longest_vacancy_days":5905}},
{"type":"Feature","geometry":{"type":"Point","coordinates":[17.3545,47.1209]},"properties":{"name":"Somlójenő","county":"Veszprém","population":283,"active_gp_count":0,"gps_per_1000":0,"access_class":"desert","access_band":0,"is_desert":1,"nearest_gp_km":3.8,"nearest_gp_minutes":5,"nearest_gp_settlement":"Tüskevár","nearest_gp_method":"road","vacant_count":1,"persistently_vacant_count":1,"longest_vacancy_days":4625}},
{"type":"Feature","geometry":{"type":"Point","coordinates":[17.3843,47.1122]},"properties":{"name":"Somlóvásárhely","county":"Veszprém","population":984,"active_gp_count":0,"gps_per_1000":0,"access_class":"desert","access_band":0,"is_desert":1,"nearest_gp_km":6,"nearest_gp_minutes":7,"nearest_gp_settlement":"Tüskevár","nearest_gp_method":"road","vacant_count":1,"persistently_vacant_count":1,"longest_vacancy_days":4625}},
{"type":"Feature","geometry":{"type":"Point","coordinates":[17.9647,46.5912]},"properties":{"name":"Somogyacsa","county":"Somogy","population":148,"active_gp_count":0,"gps_per_1000":0,"access_class":"desert","access_band":0,"is_desert":1,"nearest_gp_km":11.5,"nearest_gp_minutes":17,"nearest_gp_settlement":"Kisbárapáti","nearest_gp_method":"road","vacant_count":1,"persistently_vacant_count":1,"longest_vacancy_days":4109}},
{"type":"Feature","geometry":{"type":"Point","coordinates":[17.3922,46.0638]},"properties":{"name":"Somogyaracs","county":"Somogy","population":178,"active_gp_count":0,"gps_per_1000":0,"access_class":"desert","access_band":0,"is_desert":1,"nearest_gp_km":7.9,"nearest_gp_minutes":13,"nearest_gp_settlement":"Csokonyavisonta","nearest_gp_method":"road","vacant_count":1,"persistently_vacant_count":1,"longest_vacancy_days":2342}},
{"type":"Feature","geometry":{"type":"Point","coordinates":[17.1427,46.3192]},"properties":{"name":"Somogycsicsó","county":"Somogy","population":116,"active_gp_count":1,"gps_per_1000":8.62,"access_class":"ok","access_band":4,"is_desert":0,"nearest_gp_km":0,"nearest_gp_minutes":0,"nearest_gp_settlement":null,"nearest_gp_method":null,"vacant_count":1,"persistently_vacant_count":1,"longest_vacancy_days":791}},
{"type":"Feature","geometry":{"type":"Point","coordinates":[18.0063,46.5912]},"properties":{"name":"Somogydöröcske","county":"Somogy","population":134,"active_gp_count":0,"gps_per_1000":0,"access_class":"desert","access_band":0,"is_desert":1,"nearest_gp_km":15.5,"nearest_gp_minutes":22,"nearest_gp_settlement":"Kisbárapáti","nearest_gp_method":"road","vacant_count":1,"persistently_vacant_count":1,"longest_vacancy_days":4109}},
{"type":"Feature","geometry":{"type":"Point","coordinates":[17.5689,46.4989]},"properties":{"name":"Somogyfajsz","county":"Somogy","population":492,"active_gp_count":0,"gps_per_1000":0,"access_class":"desert","access_band":0,"is_desert":1,"nearest_gp_km":9.1,"nearest_gp_minutes":11,"nearest_gp_settlement":"Osztopán","nearest_gp_method":"road","vacant_count":1,"persistently_vacant_count":1,"longest_vacancy_days":4898}},
{"type":"Feature","geometry":{"type":"Point","coordinates":[17.7176,46.4817]},"properties":{"name":"Somogyjád","county":"Somogy","population":1430,"active_gp_count":0,"gps_per_1000":0,"access_class":"desert","access_band":0,"is_desert":1,"nearest_gp_km":6.2,"nearest_gp_minutes":7,"nearest_gp_settlement":"Osztopán","nearest_gp_method":"road","vacant_count":1,"persistently_vacant_count":1,"longest_vacancy_days":546}},
{"type":"Feature","geometry":{"type":"Point","coordinates":[17.4733,46.6274]},"properties":{"name":"Somogyszentpál","county":"Somogy","population":774,"active_gp_count":0,"gps_per_1000":0,"access_class":"desert","access_band":0,"is_desert":1,"nearest_gp_km":9.1,"nearest_gp_minutes":10,"nearest_gp_settlement":"Nikla","nearest_gp_method":"road","vacant_count":1,"persistently_vacant_count":1,"longest_vacancy_days":2830}},
{"type":"Feature","geometry":{"type":"Point","coordinates":[18.0068,46.5268]},"properties":{"name":"Somogyszil","county":"Somogy","population":656,"active_gp_count":0,"gps_per_1000":0,"access_class":"desert","access_band":0,"is_desert":1,"nearest_gp_km":5.5,"nearest_gp_minutes":6,"nearest_gp_settlement":"Igal","nearest_gp_method":"road","vacant_count":1,"persistently_vacant_count":1,"longest_vacancy_days":456}},
{"type":"Feature","geometry":{"type":"Point","coordinates":[17.2896,46.2993]},"properties":{"name":"Somogyszob","county":"Somogy","population":1372,"active_gp_count":0,"gps_per_1000":0,"access_class":"desert","access_band":0,"is_desert":1,"nearest_gp_km":12.7,"nearest_gp_minutes":14,"nearest_gp_settlement":"Nagyatád","nearest_gp_method":"road","vacant_count":1,"persistently_vacant_count":1,"longest_vacancy_days":1157}},
{"type":"Feature","geometry":{"type":"Point","coordinates":[17.1915,46.1769]},"properties":{"name":"Somogyudvarhely","county":"Somogy","population":914,"active_gp_count":0,"gps_per_1000":0,"access_class":"desert","access_band":0,"is_desert":1,"nearest_gp_km":5.9,"nearest_gp_minutes":8,"nearest_gp_settlement":"Berzence","nearest_gp_method":"road","vacant_count":1,"persistently_vacant_count":1,"longest_vacancy_days":3926}},
{"type":"Feature","geometry":{"type":"Point","coordinates":[17.6989,46.5616]},"properties":{"name":"Somogyvámos","county":"Somogy","population":706,"active_gp_count":0,"gps_per_1000":0,"access_class":"desert","access_band":0,"is_desert":1,"nearest_gp_km":3.8,"nearest_gp_minutes":10,"nearest_gp_settlement":"Somogyvár","nearest_gp_method":"road","vacant_count":1,"persistently_vacant_count":1,"longest_vacancy_days":821}},
{"type":"Feature","geometry":{"type":"Point","coordinates":[19.8285,48.1586]},"properties":{"name":"Somoskőújfalu","county":"Nógrád","population":2040,"active_gp_count":0,"gps_per_1000":0,"access_class":"desert","access_band":0,"is_desert":1,"nearest_gp_km":9.3,"nearest_gp_minutes":15,"nearest_gp_settlement":"Salgótarján","nearest_gp_method":"road","vacant_count":1,"persistently_vacant_count":1,"longest_vacancy_days":1277}},
{"type":"Feature","geometry":{"type":"Point","coordinates":[16.5897,47.6931]},"properties":{"name":"Sopron","county":"Győr-Moson-Sopron","population":60820,"active_gp_count":33,"gps_per_1000":0.54,"access_class":"moderate","access_band":3,"is_desert":0,"nearest_gp_km":0,"nearest_gp_minutes":0,"nearest_gp_settlement":null,"nearest_gp_method":null,"vacant_count":3,"persistently_vacant_count":3,"longest_vacancy_days":607}},
{"type":"Feature","geometry":{"type":"Point","coordinates":[16.7376,47.1322]},"properties":{"name":"Sorkifalud","county":"Vas","population":628,"active_gp_count":0,"gps_per_1000":0,"access_class":"desert","access_band":0,"is_desert":1,"nearest_gp_km":9.3,"nearest_gp_minutes":12,"nearest_gp_settlement":"Kisunyom","nearest_gp_method":"road","vacant_count":1,"persistently_vacant_count":0,"longest_vacancy_days":852}},
{"type":"Feature","geometry":{"type":"Point","coordinates":[19.6884,48.0649]},"properties":{"name":"Sóshartyán","county":"Nógrád","population":896,"active_gp_count":0,"gps_per_1000":0,"access_class":"desert","access_band":0,"is_desert":1,"nearest_gp_km":8.5,"nearest_gp_minutes":12,"nearest_gp_settlement":"Karancsság","nearest_gp_method":"road","vacant_count":1,"persistently_vacant_count":1,"longest_vacancy_days":6117}},
{"type":"Feature","geometry":{"type":"Point","coordinates":[18.8279,47.4062]},"properties":{"name":"Sóskút","county":"Pest","population":3760,"active_gp_count":2,"gps_per_1000":0.53,"access_class":"moderate","access_band":3,"is_desert":0,"nearest_gp_km":0,"nearest_gp_minutes":0,"nearest_gp_settlement":null,"nearest_gp_method":null,"vacant_count":1,"persistently_vacant_count":0,"longest_vacancy_days":181}},
{"type":"Feature","geometry":{"type":"Point","coordinates":[20.9835,48.1577]},"properties":{"name":"Sóstófalva","county":"Borsod-Abaúj-Zemplén","population":233,"active_gp_count":0,"gps_per_1000":0,"access_class":"desert","access_band":0,"is_desert":1,"nearest_gp_km":10,"nearest_gp_minutes":13,"nearest_gp_settlement":"Hernádkak","nearest_gp_method":"road","vacant_count":1,"persistently_vacant_count":1,"longest_vacancy_days":273}},
{"type":"Feature","geometry":{"type":"Point","coordinates":[16.9565,47.2018]},"properties":{"name":"Sótony","county":"Vas","population":588,"active_gp_count":0,"gps_per_1000":0,"access_class":"desert","access_band":0,"is_desert":1,"nearest_gp_km":7.4,"nearest_gp_minutes":10,"nearest_gp_settlement":"Ikervár","nearest_gp_method":"road","vacant_count":1,"persistently_vacant_count":0,"longest_vacancy_days":912}},
{"type":"Feature","geometry":{"type":"Point","coordinates":[19.5006,47.4613]},"properties":{"name":"Sülysáp","county":"Pest","population":8525,"active_gp_count":4,"gps_per_1000":0.47,"access_class":"moderate","access_band":3,"is_desert":0,"nearest_gp_km":0,"nearest_gp_minutes":0,"nearest_gp_settlement":null,"nearest_gp_method":null,"vacant_count":1,"persistently_vacant_count":1,"longest_vacancy_days":1642}},
{"type":"Feature","geometry":{"type":"Point","coordinates":[17.3093,46.9615]},"properties":{"name":"Sümeg","county":"Veszprém","population":5669,"active_gp_count":4,"gps_per_1000":0.71,"access_class":"ok","access_band":4,"is_desert":0,"nearest_gp_km":0,"nearest_gp_minutes":0,"nearest_gp_settlement":null,"nearest_gp_method":null,"vacant_count":1,"persistently_vacant_count":1,"longest_vacancy_days":1096}},
{"type":"Feature","geometry":{"type":"Point","coordinates":[18.7035,47.0829]},"properties":{"name":"Szabadegyháza","county":"Fejér","population":1975,"active_gp_count":1,"gps_per_1000":0.51,"access_class":"moderate","access_band":3,"is_desert":0,"nearest_gp_km":0,"nearest_gp_minutes":0,"nearest_gp_settlement":null,"nearest_gp_method":null,"vacant_count":1,"persistently_vacant_count":1,"longest_vacancy_days":912}},
{"type":"Feature","geometry":{"type":"Point","coordinates":[18.2459,46.8226]},"properties":{"name":"Szabadhídvég","county":"Fejér","population":803,"active_gp_count":0,"gps_per_1000":0,"access_class":"desert","access_band":0,"is_desert":1,"nearest_gp_km":6.8,"nearest_gp_minutes":9,"nearest_gp_settlement":"Nagyberény","nearest_gp_method":"road","vacant_count":1,"persistently_vacant_count":1,"longest_vacancy_days":426}},
{"type":"Feature","geometry":{"type":"Point","coordinates":[18.0314,46.3594]},"properties":{"name":"Szabadi","county":"Somogy","population":246,"active_gp_count":0,"gps_per_1000":0,"access_class":"desert","access_band":0,"is_desert":1,"nearest_gp_km":5,"nearest_gp_minutes":9,"nearest_gp_settlement":"Nagyberki","nearest_gp_method":"road","vacant_count":1,"persistently_vacant_count":1,"longest_vacancy_days":2495}},
{"type":"Feature","geometry":{"type":"Point","coordinates":[19.224,46.8802]},"properties":{"name":"Szabadszállás","county":"Bács-Kiskun","population":5853,"active_gp_count":3,"gps_per_1000":0.51,"access_class":"moderate","access_band":3,"is_desert":0,"nearest_gp_km":0,"nearest_gp_minutes":0,"nearest_gp_settlement":null,"nearest_gp_method":null,"vacant_count":1,"persistently_vacant_count":1,"longest_vacancy_days":1887}},
{"type":"Feature","geometry":{"type":"Point","coordinates":[17.4224,46.2799]},"properties":{"name":"Szabás","county":"Somogy","population":556,"active_gp_count":0,"gps_per_1000":0,"access_class":"desert","access_band":0,"is_desert":1,"nearest_gp_km":9.4,"nearest_gp_minutes":15,"nearest_gp_settlement":"Kutas","nearest_gp_method":"road","vacant_count":1,"persistently_vacant_count":1,"longest_vacancy_days":3195}},
{"type":"Feature","geometry":{"type":"Point","coordinates":[17.9393,46.2213]},"properties":{"name":"Szágy","county":"Baranya","population":114,"active_gp_count":0,"gps_per_1000":0,"access_class":"desert","access_band":0,"is_desert":1,"nearest_gp_km":17,"nearest_gp_minutes":25,"nearest_gp_settlement":"Sásd","nearest_gp_method":"road","vacant_count":1,"persistently_vacant_count":1,"longest_vacancy_days":1369}},
{"type":"Feature","geometry":{"type":"Point","coordinates":[20.1545,47.9652]},"properties":{"name":"Szajla","county":"Heves","population":580,"active_gp_count":0,"gps_per_1000":0,"access_class":"desert","access_band":0,"is_desert":1,"nearest_gp_km":5.4,"nearest_gp_minutes":7,"nearest_gp_settlement":"Sirok","nearest_gp_method":"road","vacant_count":1,"persistently_vacant_count":1,"longest_vacancy_days":2434}},
{"type":"Feature","geometry":{"type":"Point","coordinates":[20.872,48.3775]},"properties":{"name":"Szakácsi","county":"Borsod-Abaúj-Zemplén","population":215,"active_gp_count":0,"gps_per_1000":0,"access_class":"desert","access_band":0,"is_desert":1,"nearest_gp_km":13.6,"nearest_gp_minutes":17,"nearest_gp_settlement":"Homrogd","nearest_gp_method":"road","vacant_count":1,"persistently_vacant_count":1,"longest_vacancy_days":2373}},
{"type":"Feature","geometry":{"type":"Point","coordinates":[18.4692,46.54]},"properties":{"name":"Szakadát","county":"Tolna","population":197,"active_gp_count":0,"gps_per_1000":0,"access_class":"desert","access_band":0,"is_desert":1,"nearest_gp_km":4.6,"nearest_gp_minutes":7,"nearest_gp_settlement":"Gyönk","nearest_gp_method":"road","vacant_count":2,"persistently_vacant_count":2,"longest_vacancy_days":7396}},
{"type":"Feature","geometry":{"type":"Point","coordinates":[18.3652,46.5275]},"properties":{"name":"Szakály","county":"Tolna","population":1164,"active_gp_count":0,"gps_per_1000":0,"access_class":"desert","access_band":0,"is_desert":1,"nearest_gp_km":4.8,"nearest_gp_minutes":6,"nearest_gp_settlement":"Hőgyész","nearest_gp_method":"road","vacant_count":1,"persistently_vacant_count":1,"longest_vacancy_days":2099}},
{"type":"Feature","geometry":{"type":"Point","coordinates":[18.1194,46.5366]},"properties":{"name":"Szakcs","county":"Tolna","population":696,"active_gp_count":0,"gps_per_1000":0,"access_class":"desert","access_band":0,"is_desert":1,"nearest_gp_km":6.4,"nearest_gp_minutes":9,"nearest_gp_settlement":"Kocsola","nearest_gp_method":"road","vacant_count":1,"persistently_vacant_count":1,"longest_vacancy_days":1034}},
{"type":"Feature","geometry":{"type":"Point","coordinates":[19.1004,46.5725]},"properties":{"name":"Szakmár","county":"Bács-Kiskun","population":1069,"active_gp_count":0,"gps_per_1000":0,"access_class":"desert","access_band":0,"is_desert":1,"nearest_gp_km":12.3,"nearest_gp_minutes":17,"nearest_gp_settlement":"Dunapataj","nearest_gp_method":"road","vacant_count":1,"persistently_vacant_count":1,"longest_vacancy_days":912}},
{"type":"Feature","geometry":{"type":"Point","coordinates":[16.3402,46.8668]},"properties":{"name":"Szalafő","county":"Vas","population":211,"active_gp_count":1,"gps_per_1000":4.74,"access_class":"ok","access_band":4,"is_desert":0,"nearest_gp_km":0,"nearest_gp_minutes":0,"nearest_gp_settlement":null,"nearest_gp_method":null,"vacant_count":1,"persistently_vacant_count":0,"longest_vacancy_days":3743}},
{"type":"Feature","geometry":{"type":"Point","coordinates":[21.1159,48.3887]},"properties":{"name":"Szalaszend","county":"Borsod-Abaúj-Zemplén","population":1027,"active_gp_count":0,"gps_per_1000":0,"access_class":"desert","access_band":0,"is_desert":1,"nearest_gp_km":4,"nearest_gp_minutes":5,"nearest_gp_settlement":"Méra","nearest_gp_method":"road","vacant_count":1,"persistently_vacant_count":1,"longest_vacancy_days":4230}},
{"type":"Feature","geometry":{"type":"Point","coordinates":[18.2746,46.2904]},"properties":{"name":"Szalatnak","county":"Baranya","population":293,"active_gp_count":1,"gps_per_1000":3.41,"access_class":"ok","access_band":4,"is_desert":0,"nearest_gp_km":0,"nearest_gp_minutes":0,"nearest_gp_settlement":null,"nearest_gp_method":null,"vacant_count":1,"persistently_vacant_count":1,"longest_vacancy_days":1611}},
{"type":"Feature","geometry":{"type":"Point","coordinates":[19.0391,46.9639]},"properties":{"name":"Szalkszentmárton","county":"Bács-Kiskun","population":2825,"active_gp_count":1,"gps_per_1000":0.35,"access_class":"low","access_band":2,"is_desert":0,"nearest_gp_km":0,"nearest_gp_minutes":0,"nearest_gp_settlement":null,"nearest_gp_method":null,"vacant_count":1,"persistently_vacant_count":1,"longest_vacancy_days":5051}},
{"type":"Feature","geometry":{"type":"Point","coordinates":[20.7298,48.4605]},"properties":{"name":"Szalonna","county":"Borsod-Abaúj-Zemplén","population":965,"active_gp_count":0,"gps_per_1000":0,"access_class":"desert","access_band":0,"is_desert":1,"nearest_gp_km":7.7,"nearest_gp_minutes":11,"nearest_gp_settlement":"Szendrő","nearest_gp_method":"road","vacant_count":1,"persistently_vacant_count":1,"longest_vacancy_days":3590}},
{"type":"Feature","geometry":{"type":"Point","coordinates":[22.6462,47.871]},"properties":{"name":"Szamosangyalos","county":"Szabolcs-Szatmár-Bereg","population":489,"active_gp_count":0,"gps_per_1000":0,"access_class":"desert","access_band":0,"is_desert":1,"nearest_gp_km":8.6,"nearest_gp_minutes":12,"nearest_gp_settlement":"Csenger","nearest_gp_method":"road","vacant_count":1,"persistently_vacant_count":1,"longest_vacancy_days":2830}},
{"type":"Feature","geometry":{"type":"Point","coordinates":[18.3731,46.3447]},"properties":{"name":"Szárász","county":"Baranya","population":34,"active_gp_count":1,"gps_per_1000":29.41,"access_class":"ok","access_band":4,"is_desert":0,"nearest_gp_km":0,"nearest_gp_minutes":0,"nearest_gp_settlement":null,"nearest_gp_method":null,"vacant_count":1,"persistently_vacant_count":1,"longest_vacancy_days":1917}},
{"type":"Feature","geometry":{"type":"Point","coordinates":[18.4183,46.5677]},"properties":{"name":"Szárazd","county":"Tolna","population":201,"active_gp_count":1,"gps_per_1000":4.98,"access_class":"ok","access_band":4,"is_desert":0,"nearest_gp_km":0,"nearest_gp_minutes":0,"nearest_gp_settlement":null,"nearest_gp_method":null,"vacant_count":1,"persistently_vacant_count":1,"longest_vacancy_days":6787}},
{"type":"Feature","geometry":{"type":"Point","coordinates":[20.6027,46.8471]},"properties":{"name":"Szarvas","county":"Békés","population":14310,"active_gp_count":9,"gps_per_1000":0.63,"access_class":"ok","access_band":4,"is_desert":0,"nearest_gp_km":0,"nearest_gp_minutes":0,"nearest_gp_settlement":null,"nearest_gp_method":null,"vacant_count":1,"persistently_vacant_count":1,"longest_vacancy_days":303}},
{"type":"Feature","geometry":{"type":"Point","coordinates":[20.3329,47.9862]},"properties":{"name":"Szarvaskő","county":"Heves","population":311,"active_gp_count":1,"gps_per_1000":3.22,"access_class":"ok","access_band":4,"is_desert":0,"nearest_gp_km":0,"nearest_gp_minutes":0,"nearest_gp_settlement":null,"nearest_gp_method":null,"vacant_count":1,"persistently_vacant_count":1,"longest_vacancy_days":1277}},
{"type":"Feature","geometry":{"type":"Point","coordinates":[20.1419,47.3061]},"properties":{"name":"Szászberek","county":"Jász-Nagykun-Szolnok","population":888,"active_gp_count":0,"gps_per_1000":0,"access_class":"desert","access_band":0,"is_desert":1,"nearest_gp_km":11,"nearest_gp_minutes":14,"nearest_gp_settlement":"Zagyvarékas","nearest_gp_method":"road","vacant_count":1,"persistently_vacant_count":1,"longest_vacancy_days":5721}},
{"type":"Feature","geometry":{"type":"Point","coordinates":[20.9363,48.4732]},"properties":{"name":"Szászfa","county":"Borsod-Abaúj-Zemplén","population":95,"active_gp_count":0,"gps_per_1000":0,"access_class":"desert","access_band":0,"is_desert":1,"nearest_gp_km":16.7,"nearest_gp_minutes":19,"nearest_gp_settlement":"Baktakék","nearest_gp_method":"road","vacant_count":1,"persistently_vacant_count":1,"longest_vacancy_days":242}},
{"type":"Feature","geometry":{"type":"Point","coordinates":[18.3693,46.2626]},"properties":{"name":"Szászvár","county":"Baranya","population":2145,"active_gp_count":2,"gps_per_1000":0.93,"access_class":"ok","access_band":4,"is_desert":0,"nearest_gp_km":0,"nearest_gp_minutes":0,"nearest_gp_settlement":null,"nearest_gp_method":null,"vacant_count":1,"persistently_vacant_count":1,"longest_vacancy_days":973}},
{"type":"Feature","geometry":{"type":"Point","coordinates":[19.2373,47.9576]},"properties":{"name":"Szátok","county":"Nógrád","population":568,"active_gp_count":1,"gps_per_1000":1.76,"access_class":"ok","access_band":4,"is_desert":0,"nearest_gp_km":0,"nearest_gp_minutes":0,"nearest_gp_settlement":null,"nearest_gp_method":null,"vacant_count":1,"persistently_vacant_count":1,"longest_vacancy_days":1461}},
{"type":"Feature","geometry":{"type":"Point","coordinates":[16.4805,46.8018]},"properties":{"name":"Szatta","county":"Vas","population":62,"active_gp_count":0,"gps_per_1000":0,"access_class":"desert","access_band":0,"is_desert":1,"nearest_gp_km":8.7,"nearest_gp_minutes":15,"nearest_gp_settlement":"Őriszentpéter","nearest_gp_method":"road","vacant_count":1,"persistently_vacant_count":0,"longest_vacancy_days":1734}},
{"type":"Feature","geometry":{"type":"Point","coordinates":[19.5698,48.1527]},"properties":{"name":"Szécsényfelfalu","county":"Nógrád","population":393,"active_gp_count":0,"gps_per_1000":0,"access_class":"desert","access_band":0,"is_desert":1,"nearest_gp_km":9.8,"nearest_gp_minutes":12,"nearest_gp_settlement":"Szécsény","nearest_gp_method":"road","vacant_count":1,"persistently_vacant_count":1,"longest_vacancy_days":3437}},
{"type":"Feature","geometry":{"type":"Point","coordinates":[21.126,47.0327]},"properties":{"name":"Szeghalom","county":"Békés","population":7788,"active_gp_count":3,"gps_per_1000":0.39,"access_class":"low","access_band":2,"is_desert":0,"nearest_gp_km":0,"nearest_gp_minutes":0,"nearest_gp_settlement":null,"nearest_gp_method":null,"vacant_count":2,"persistently_vacant_count":2,"longest_vacancy_days":1826}},
{"type":"Feature","geometry":{"type":"Point","coordinates":[21.3746,48.205]},"properties":{"name":"Szegi","county":"Borsod-Abaúj-Zemplén","population":310,"active_gp_count":0,"gps_per_1000":0,"access_class":"desert","access_band":0,"is_desert":1,"nearest_gp_km":2.1,"nearest_gp_minutes":5,"nearest_gp_settlement":"Bodrogkeresztúr","nearest_gp_method":"road","vacant_count":1,"persistently_vacant_count":1,"longest_vacancy_days":365}},
{"type":"Feature","geometry":{"type":"Point","coordinates":[21.3913,48.2142]},"properties":{"name":"Szegilong","county":"Borsod-Abaúj-Zemplén","population":198,"active_gp_count":0,"gps_per_1000":0,"access_class":"desert","access_band":0,"is_desert":1,"nearest_gp_km":3,"nearest_gp_minutes":2,"nearest_gp_settlement":"Olaszliszka","nearest_gp_method":"road","vacant_count":1,"persistently_vacant_count":1,"longest_vacancy_days":365}},
{"type":"Feature","geometry":{"type":"Point","coordinates":[20.2333,46.5777]},"properties":{"name":"Szegvár","county":"Csongrád-Csanád","population":3939,"active_gp_count":2,"gps_per_1000":0.51,"access_class":"moderate","access_band":3,"is_desert":0,"nearest_gp_km":0,"nearest_gp_minutes":0,"nearest_gp_settlement":null,"nearest_gp_method":null,"vacant_count":1,"persistently_vacant_count":1,"longest_vacancy_days":3560}},
{"type":"Feature","geometry":{"type":"Point","coordinates":[18.4342,47.1944]},"properties":{"name":"Székesfehérvár","county":"Fejér","population":95241,"active_gp_count":44,"gps_per_1000":0.46,"access_class":"moderate","access_band":3,"is_desert":0,"nearest_gp_km":0,"nearest_gp_minutes":0,"nearest_gp_settlement":null,"nearest_gp_method":null,"vacant_count":14,"persistently_vacant_count":14,"longest_vacancy_days":2282}},
{"type":"Feature","geometry":{"type":"Point","coordinates":[20.5321,46.5052]},"properties":{"name":"Székkutas","county":"Csongrád-Csanád","population":1868,"active_gp_count":1,"gps_per_1000":0.54,"access_class":"moderate","access_band":3,"is_desert":0,"nearest_gp_km":0,"nearest_gp_minutes":0,"nearest_gp_settlement":null,"nearest_gp_method":null,"vacant_count":1,"persistently_vacant_count":1,"longest_vacancy_days":577}},
{"type":"Feature","geometry":{"type":"Point","coordinates":[18.7083,46.3503]},"properties":{"name":"Szekszárd","county":"Tolna","population":29337,"active_gp_count":19,"gps_per_1000":0.65,"access_class":"ok","access_band":4,"is_desert":0,"nearest_gp_km":0,"nearest_gp_minutes":0,"nearest_gp_settlement":null,"nearest_gp_method":null,"vacant_count":1,"persistently_vacant_count":1,"longest_vacancy_days":1004}},
{"type":"Feature","geometry":{"type":"Point","coordinates":[20.1904,46.807]},"properties":{"name":"Szelevény","county":"Jász-Nagykun-Szolnok","population":909,"active_gp_count":0,"gps_per_1000":0,"access_class":"desert","access_band":0,"is_desert":1,"nearest_gp_km":11.4,"nearest_gp_minutes":12,"nearest_gp_settlement":"Kunszentmárton","nearest_gp_method":"road","vacant_count":1,"persistently_vacant_count":1,"longest_vacancy_days":6421}},
{"type":"Feature","geometry":{"type":"Point","coordinates":[21.0814,48.4807]},"properties":{"name":"Szemere","county":"Borsod-Abaúj-Zemplén","population":402,"active_gp_count":0,"gps_per_1000":0,"access_class":"desert","access_band":0,"is_desert":1,"nearest_gp_km":14.2,"nearest_gp_minutes":16,"nearest_gp_settlement":"Méra","nearest_gp_method":"road","vacant_count":1,"persistently_vacant_count":1,"longest_vacancy_days":4230}},
{"type":"Feature","geometry":{"type":"Point","coordinates":[20.7296,48.3943]},"properties":{"name":"Szendrő","county":"Borsod-Abaúj-Zemplén","population":3921,"active_gp_count":2,"gps_per_1000":0.51,"access_class":"moderate","access_band":3,"is_desert":0,"nearest_gp_km":0,"nearest_gp_minutes":0,"nearest_gp_settlement":null,"nearest_gp_method":null,"vacant_count":1,"persistently_vacant_count":1,"longest_vacancy_days":3590}},
{"type":"Feature","geometry":{"type":"Point","coordinates":[17.1877,46.2708]},"properties":{"name":"Szenta","county":"Somogy","population":320,"active_gp_count":1,"gps_per_1000":3.12,"access_class":"ok","access_band":4,"is_desert":0,"nearest_gp_km":0,"nearest_gp_minutes":0,"nearest_gp_settlement":null,"nearest_gp_method":null,"vacant_count":1,"persistently_vacant_count":1,"longest_vacancy_days":1004}},
{"type":"Feature","geometry":{"type":"Point","coordinates":[17.658,45.8696]},"properties":{"name":"Szentborbás","county":"Somogy","population":103,"active_gp_count":0,"gps_per_1000":0,"access_class":"desert","access_band":0,"is_desert":1,"nearest_gp_km":17.7,"nearest_gp_minutes":20,"nearest_gp_settlement":"Kétújfalu","nearest_gp_method":"road","vacant_count":1,"persistently_vacant_count":1,"longest_vacancy_days":6574}},
{"type":"Feature","geometry":{"type":"Point","coordinates":[20.205,48.0839]},"properties":{"name":"Szentdomonkos","county":"Heves","population":464,"active_gp_count":0,"gps_per_1000":0,"access_class":"desert","access_band":0,"is_desert":1,"nearest_gp_km":12.3,"nearest_gp_minutes":19,"nearest_gp_settlement":"Járdánháza","nearest_gp_method":"road","vacant_count":1,"persistently_vacant_count":1,"longest_vacancy_days":3256}},
{"type":"Feature","geometry":{"type":"Point","coordinates":[19.2792,47.9644]},"properties":{"name":"Szente","county":"Nógrád","population":285,"active_gp_count":1,"gps_per_1000":3.51,"access_class":"ok","access_band":4,"is_desert":0,"nearest_gp_km":0,"nearest_gp_minutes":0,"nearest_gp_settlement":null,"nearest_gp_method":null,"vacant_count":1,"persistently_vacant_count":1,"longest_vacancy_days":2587}},
{"type":"Feature","geometry":{"type":"Point","coordinates":[19.0494,47.6795]},"properties":{"name":"Szentendre","county":"Pest","population":28483,"active_gp_count":13,"gps_per_1000":0.46,"access_class":"moderate","access_band":3,"is_desert":0,"nearest_gp_km":0,"nearest_gp_minutes":0,"nearest_gp_settlement":null,"nearest_gp_method":null,"vacant_count":1,"persistently_vacant_count":1,"longest_vacancy_days":303}},
{"type":"Feature","geometry":{"type":"Point","coordinates":[20.2801,46.6932]},"properties":{"name":"Szentes","county":"Csongrád-Csanád","population":24482,"active_gp_count":18,"gps_per_1000":0.74,"access_class":"ok","access_band":4,"is_desert":0,"nearest_gp_km":0,"nearest_gp_minutes":0,"nearest_gp_settlement":null,"nearest_gp_method":null,"vacant_count":2,"persistently_vacant_count":2,"longest_vacancy_days":2221}},
{"type":"Feature","geometry":{"type":"Point","coordinates":[16.2871,46.9485]},"properties":{"name":"Szentgotthárd","county":"Vas","population":8064,"active_gp_count":5,"gps_per_1000":0.62,"access_class":"ok","access_band":4,"is_desert":0,"nearest_gp_km":0,"nearest_gp_minutes":0,"nearest_gp_settlement":null,"nearest_gp_method":null,"vacant_count":1,"persistently_vacant_count":0,"longest_vacancy_days":1096}},
{"type":"Feature","geometry":{"type":"Point","coordinates":[18.046,46.1696]},"properties":{"name":"Szentkatalin","county":"Baranya","population":97,"active_gp_count":0,"gps_per_1000":0,"access_class":"desert","access_band":0,"is_desert":1,"nearest_gp_km":7.6,"nearest_gp_minutes":10,"nearest_gp_settlement":"Abaliget","nearest_gp_method":"road","vacant_count":1,"persistently_vacant_count":1,"longest_vacancy_days":2952}},
{"type":"Feature","geometry":{"type":"Point","coordinates":[18.0084,46.0468]},"properties":{"name":"Szentlőrinc","county":"Baranya","population":5899,"active_gp_count":4,"gps_per_1000":0.68,"access_class":"ok","access_band":4,"is_desert":0,"nearest_gp_km":0,"nearest_gp_minutes":0,"nearest_gp_settlement":null,"nearest_gp_method":null,"vacant_count":1,"persistently_vacant_count":1,"longest_vacancy_days":546}},
{"type":"Feature","geometry":{"type":"Point","coordinates":[19.735,47.5139]},"properties":{"name":"Szentlőrinckáta","county":"Pest","population":1875,"active_gp_count":0,"gps_per_1000":0,"access_class":"desert","access_band":0,"is_desert":1,"nearest_gp_km":5.7,"nearest_gp_minutes":7,"nearest_gp_settlement":"Jászfelsőszentgyörgy","nearest_gp_method":"road","vacant_count":1,"persistently_vacant_count":1,"longest_vacancy_days":973}},
{"type":"Feature","geometry":{"type":"Point","coordinates":[19.6927,47.4439]},"properties":{"name":"Szentmártonkáta","county":"Pest","population":4947,"active_gp_count":1,"gps_per_1000":0.2,"access_class":"low","access_band":2,"is_desert":0,"nearest_gp_km":0,"nearest_gp_minutes":0,"nearest_gp_settlement":null,"nearest_gp_method":null,"vacant_count":2,"persistently_vacant_count":2,"longest_vacancy_days":4656}},
{"type":"Feature","geometry":{"type":"Point","coordinates":[16.7733,46.6139]},"properties":{"name":"Szentpéterfölde","county":"Zala","population":107,"active_gp_count":0,"gps_per_1000":0,"access_class":"desert","access_band":0,"is_desert":1,"nearest_gp_km":7.2,"nearest_gp_minutes":9,"nearest_gp_settlement":"Pusztamagyaród","nearest_gp_method":"road","vacant_count":1,"persistently_vacant_count":1,"longest_vacancy_days":1642}},
{"type":"Feature","geometry":{"type":"Point","coordinates":[21.6095,47.2622]},"properties":{"name":"Szentpéterszeg","county":"Hajdú-Bihar","population":967,"active_gp_count":0,"gps_per_1000":0,"access_class":"desert","access_band":0,"is_desert":1,"nearest_gp_km":13.6,"nearest_gp_minutes":20,"nearest_gp_settlement":"Berettyóújfalu","nearest_gp_method":"road","vacant_count":1,"persistently_vacant_count":1,"longest_vacancy_days":668}},
{"type":"Feature","geometry":{"type":"Point","coordinates":[17.0387,46.7559]},"properties":{"name":"Szentpéterúr","county":"Zala","population":926,"active_gp_count":0,"gps_per_1000":0,"access_class":"desert","access_band":0,"is_desert":1,"nearest_gp_km":5.3,"nearest_gp_minutes":6,"nearest_gp_settlement":"Pacsa","nearest_gp_method":"road","vacant_count":1,"persistently_vacant_count":1,"longest_vacancy_days":515}},
{"type":"Feature","geometry":{"type":"Point","coordinates":[17.3842,46.4623]},"properties":{"name":"Szenyér","county":"Somogy","population":284,"active_gp_count":0,"gps_per_1000":0,"access_class":"desert","access_band":0,"is_desert":1,"nearest_gp_km":5.7,"nearest_gp_minutes":7,"nearest_gp_settlement":"Tapsony","nearest_gp_method":"road","vacant_count":1,"persistently_vacant_count":1,"longest_vacancy_days":912}},
{"type":"Feature","geometry":{"type":"Point","coordinates":[21.2051,48.1577]},"properties":{"name":"Szerencs","county":"Borsod-Abaúj-Zemplén","population":8300,"active_gp_count":5,"gps_per_1000":0.6,"access_class":"ok","access_band":4,"is_desert":0,"nearest_gp_km":0,"nearest_gp_minutes":0,"nearest_gp_settlement":null,"nearest_gp_method":null,"vacant_count":2,"persistently_vacant_count":2,"longest_vacancy_days":2373}},
{"type":"Feature","geometry":{"type":"Point","coordinates":[21.0984,47.2309]},"properties":{"name":"Szerep","county":"Hajdú-Bihar","population":1437,"active_gp_count":0,"gps_per_1000":0,"access_class":"desert","access_band":0,"is_desert":1,"nearest_gp_km":10,"nearest_gp_minutes":12,"nearest_gp_settlement":"Sárrétudvari","nearest_gp_method":"road","vacant_count":1,"persistently_vacant_count":1,"longest_vacancy_days":2922}},
{"type":"Feature","geometry":{"type":"Point","coordinates":[17.2546,47.3358]},"properties":{"name":"Szergény","county":"Vas","population":252,"active_gp_count":0,"gps_per_1000":0,"access_class":"desert","access_band":0,"is_desert":1,"nearest_gp_km":9.4,"nearest_gp_minutes":11,"nearest_gp_settlement":"Nemesszalók","nearest_gp_method":"road","vacant_count":1,"persistently_vacant_count":0,"longest_vacancy_days":395}},
{"type":"Feature","geometry":{"type":"Point","coordinates":[19.0976,47.6432]},"properties":{"name":"Szigetmonostor","county":"Pest","population":2991,"active_gp_count":1,"gps_per_1000":0.33,"access_class":"low","access_band":2,"is_desert":0,"nearest_gp_km":0,"nearest_gp_minutes":0,"nearest_gp_settlement":null,"nearest_gp_method":null,"vacant_count":1,"persistently_vacant_count":1,"longest_vacancy_days":912}},
{"type":"Feature","geometry":{"type":"Point","coordinates":[18.9463,47.2196]},"properties":{"name":"Szigetszentmárton","county":"Pest","population":2659,"active_gp_count":0,"gps_per_1000":0,"access_class":"desert","access_band":0,"is_desert":1,"nearest_gp_km":3.6,"nearest_gp_minutes":7,"nearest_gp_settlement":"Szigetújfalu","nearest_gp_method":"road","vacant_count":1,"persistently_vacant_count":1,"longest_vacancy_days":973}},
{"type":"Feature","geometry":{"type":"Point","coordinates":[19.0346,47.3573]},"properties":{"name":"Szigetszentmiklós","county":"Pest","population":40132,"active_gp_count":16,"gps_per_1000":0.4,"access_class":"moderate","access_band":3,"is_desert":0,"nearest_gp_km":0,"nearest_gp_minutes":0,"nearest_gp_settlement":null,"nearest_gp_method":null,"vacant_count":3,"persistently_vacant_count":3,"longest_vacancy_days":1126}},
{"type":"Feature","geometry":{"type":"Point","coordinates":[17.2395,47.4883]},"properties":{"name":"Szil","county":"Győr-Moson-Sopron","population":1295,"active_gp_count":0,"gps_per_1000":0,"access_class":"desert","access_band":0,"is_desert":1,"nearest_gp_km":9.4,"nearest_gp_minutes":12,"nearest_gp_settlement":"Bogyoszló","nearest_gp_method":"road","vacant_count":1,"persistently_vacant_count":1,"longest_vacancy_days":1277}},
{"type":"Feature","geometry":{"type":"Point","coordinates":[16.6285,46.7334]},"properties":{"name":"Szilvágy","county":"Zala","population":187,"active_gp_count":0,"gps_per_1000":0,"access_class":"desert","access_band":0,"is_desert":1,"nearest_gp_km":10.6,"nearest_gp_minutes":13,"nearest_gp_settlement":"Csesztreg","nearest_gp_method":"road","vacant_count":1,"persistently_vacant_count":1,"longest_vacancy_days":2007}},
{"type":"Feature","geometry":{"type":"Point","coordinates":[20.4009,48.0925]},"properties":{"name":"Szilvásvárad","county":"Heves","population":1379,"active_gp_count":1,"gps_per_1000":0.73,"access_class":"ok","access_band":4,"is_desert":0,"nearest_gp_km":0,"nearest_gp_minutes":0,"nearest_gp_settlement":null,"nearest_gp_method":null,"vacant_count":1,"persistently_vacant_count":1,"longest_vacancy_days":426}},
{"type":"Feature","geometry":{"type":"Point","coordinates":[20.6506,48.5033]},"properties":{"name":"Szin","county":"Borsod-Abaúj-Zemplén","population":753,"active_gp_count":0,"gps_per_1000":0,"access_class":"desert","access_band":0,"is_desert":1,"nearest_gp_km":9.6,"nearest_gp_minutes":12,"nearest_gp_settlement":"Bódvaszilas","nearest_gp_method":"road","vacant_count":1,"persistently_vacant_count":1,"longest_vacancy_days":1917}},
{"type":"Feature","geometry":{"type":"Point","coordinates":[20.6087,48.4928]},"properties":{"name":"Szinpetri","county":"Borsod-Abaúj-Zemplén","population":189,"active_gp_count":0,"gps_per_1000":0,"access_class":"desert","access_band":0,"is_desert":1,"nearest_gp_km":12.6,"nearest_gp_minutes":16,"nearest_gp_settlement":"Bódvaszilas","nearest_gp_method":"road","vacant_count":1,"persistently_vacant_count":1,"longest_vacancy_days":1917}},
{"type":"Feature","geometry":{"type":"Point","coordinates":[19.5259,47.8239]},"properties":{"name":"Szirák","county":"Nógrád","population":1093,"active_gp_count":0,"gps_per_1000":0,"access_class":"desert","access_band":0,"is_desert":1,"nearest_gp_km":8.4,"nearest_gp_minutes":11,"nearest_gp_settlement":"Vanyarc","nearest_gp_method":"road","vacant_count":1,"persistently_vacant_count":1,"longest_vacancy_days":4870}},
{"type":"Feature","geometry":{"type":"Point","coordinates":[20.1766,47.181]},"properties":{"name":"Szolnok","county":"Jász-Nagykun-Szolnok","population":65564,"active_gp_count":45,"gps_per_1000":0.69,"access_class":"ok","access_band":4,"is_desert":0,"nearest_gp_km":0,"nearest_gp_minutes":0,"nearest_gp_settlement":null,"nearest_gp_method":null,"vacant_count":3,"persistently_vacant_count":3,"longest_vacancy_days":2495}},
{"type":"Feature","geometry":{"type":"Point","coordinates":[16.6251,47.2146]},"properties":{"name":"Szombathely","county":"Vas","population":76918,"active_gp_count":50,"gps_per_1000":0.65,"access_class":"ok","access_band":4,"is_desert":0,"nearest_gp_km":0,"nearest_gp_minutes":0,"nearest_gp_settlement":null,"nearest_gp_method":null,"vacant_count":2,"persistently_vacant_count":0,"longest_vacancy_days":791}},
{"type":"Feature","geometry":{"type":"Point","coordinates":[18.3473,47.6865]},"properties":{"name":"Szomód","county":"Komárom-Esztergom","population":2347,"active_gp_count":0,"gps_per_1000":0,"access_class":"desert","access_band":0,"is_desert":1,"nearest_gp_km":5.6,"nearest_gp_minutes":9,"nearest_gp_settlement":"Neszmély","nearest_gp_method":"road","vacant_count":1,"persistently_vacant_count":0,"longest_vacancy_days":181}},
{"type":"Feature","geometry":{"type":"Point","coordinates":[18.0311,46.5903]},"properties":{"name":"Szorosad","county":"Somogy","population":92,"active_gp_count":0,"gps_per_1000":0,"access_class":"desert","access_band":0,"is_desert":1,"nearest_gp_km":16.3,"nearest_gp_minutes":21,"nearest_gp_settlement":"Nagykónyi","nearest_gp_method":"road","vacant_count":1,"persistently_vacant_count":1,"longest_vacancy_days":4109}},
{"type":"Feature","geometry":{"type":"Point","coordinates":[19.1895,47.7055]},"properties":{"name":"Sződ","county":"Pest","population":3473,"active_gp_count":1,"gps_per_1000":0.29,"access_class":"low","access_band":2,"is_desert":0,"nearest_gp_km":0,"nearest_gp_minutes":0,"nearest_gp_settlement":null,"nearest_gp_method":null,"vacant_count":2,"persistently_vacant_count":2,"longest_vacancy_days":273}},
{"type":"Feature","geometry":{"type":"Point","coordinates":[19.1461,47.727]},"properties":{"name":"Sződliget","county":"Pest","population":4915,"active_gp_count":2,"gps_per_1000":0.41,"access_class":"moderate","access_band":3,"is_desert":0,"nearest_gp_km":0,"nearest_gp_minutes":0,"nearest_gp_settlement":null,"nearest_gp_method":null,"vacant_count":1,"persistently_vacant_count":1,"longest_vacancy_days":334}},
{"type":"Feature","geometry":{"type":"Point","coordinates":[20.6495,48.5286]},"properties":{"name":"Szögliget","county":"Borsod-Abaúj-Zemplén","population":516,"active_gp_count":0,"gps_per_1000":0,"access_class":"desert","access_band":0,"is_desert":1,"nearest_gp_km":10.5,"nearest_gp_minutes":15,"nearest_gp_settlement":"Bódvaszilas","nearest_gp_method":"road","vacant_count":1,"persistently_vacant_count":1,"longest_vacancy_days":1917}},
{"type":"Feature","geometry":{"type":"Point","coordinates":[18.285,45.9639]},"properties":{"name":"Szőkéd","county":"Baranya","population":351,"active_gp_count":0,"gps_per_1000":0,"access_class":"desert","access_band":0,"is_desert":1,"nearest_gp_km":10,"nearest_gp_minutes":14,"nearest_gp_settlement":"Kozármisleny","nearest_gp_method":"road","vacant_count":1,"persistently_vacant_count":0,"longest_vacancy_days":61}},
{"type":"Feature","geometry":{"type":"Point","coordinates":[20.6325,48.448]},"properties":{"name":"Szőlősardó","county":"Borsod-Abaúj-Zemplén","population":101,"active_gp_count":0,"gps_per_1000":0,"access_class":"desert","access_band":0,"is_desert":1,"nearest_gp_km":12,"nearest_gp_minutes":13,"nearest_gp_settlement":"Szuhogy","nearest_gp_method":"road","vacant_count":1,"persistently_vacant_count":1,"longest_vacancy_days":1246}},
{"type":"Feature","geometry":{"type":"Point","coordinates":[20.4391,48.4221]},"properties":{"name":"Szuhafő","county":"Borsod-Abaúj-Zemplén","population":98,"active_gp_count":0,"gps_per_1000":0,"access_class":"desert","access_band":0,"is_desert":1,"nearest_gp_km":10.4,"nearest_gp_minutes":15,"nearest_gp_settlement":"Ragály","nearest_gp_method":"road","vacant_count":1,"persistently_vacant_count":1,"longest_vacancy_days":4199}},
{"type":"Feature","geometry":{"type":"Point","coordinates":[19.7661,47.7943]},"properties":{"name":"Szűcsi","county":"Heves","population":1409,"active_gp_count":0,"gps_per_1000":0,"access_class":"desert","access_band":0,"is_desert":1,"nearest_gp_km":4.3,"nearest_gp_minutes":6,"nearest_gp_settlement":"Rózsaszentmárton","nearest_gp_method":"road","vacant_count":1,"persistently_vacant_count":1,"longest_vacancy_days":3287}},
{"type":"Feature","geometry":{"type":"Point","coordinates":[18.0387,46.7271]},"properties":{"name":"Tab","county":"Somogy","population":3971,"active_gp_count":3,"gps_per_1000":0.76,"access_class":"ok","access_band":4,"is_desert":0,"nearest_gp_km":0,"nearest_gp_minutes":0,"nearest_gp_settlement":null,"nearest_gp_method":null,"vacant_count":2,"persistently_vacant_count":2,"longest_vacancy_days":1004}},
{"type":"Feature","geometry":{"type":"Point","coordinates":[19.2929,46.6794]},"properties":{"name":"Tabdi","county":"Bács-Kiskun","population":997,"active_gp_count":0,"gps_per_1000":0,"access_class":"desert","access_band":0,"is_desert":1,"nearest_gp_km":11.4,"nearest_gp_minutes":14,"nearest_gp_settlement":"Csengőd","nearest_gp_method":"road","vacant_count":1,"persistently_vacant_count":1,"longest_vacancy_days":2738}},
{"type":"Feature","geometry":{"type":"Point","coordinates":[21.2956,48.0609]},"properties":{"name":"Taktabáj","county":"Borsod-Abaúj-Zemplén","population":570,"active_gp_count":0,"gps_per_1000":0,"access_class":"desert","access_band":0,"is_desert":1,"nearest_gp_km":11.2,"nearest_gp_minutes":15,"nearest_gp_settlement":"Tiszaladány","nearest_gp_method":"road","vacant_count":1,"persistently_vacant_count":1,"longest_vacancy_days":5874}},
{"type":"Feature","geometry":{"type":"Point","coordinates":[21.1985,48.0452]},"properties":{"name":"Taktakenéz","county":"Borsod-Abaúj-Zemplén","population":1064,"active_gp_count":0,"gps_per_1000":0,"access_class":"desert","access_band":0,"is_desert":1,"nearest_gp_km":9.9,"nearest_gp_minutes":15,"nearest_gp_settlement":"Taktaharkány","nearest_gp_method":"road","vacant_count":2,"persistently_vacant_count":2,"longest_vacancy_days":7912}},
{"type":"Feature","geometry":{"type":"Point","coordinates":[21.1729,48.0985]},"properties":{"name":"Taktaszada","county":"Borsod-Abaúj-Zemplén","population":1739,"active_gp_count":0,"gps_per_1000":0,"access_class":"desert","access_band":0,"is_desert":1,"nearest_gp_km":6.9,"nearest_gp_minutes":9,"nearest_gp_settlement":"Bekecs","nearest_gp_method":"road","vacant_count":1,"persistently_vacant_count":1,"longest_vacancy_days":1096}},
{"type":"Feature","geometry":{"type":"Point","coordinates":[21.2463,48.2374]},"properties":{"name":"Tállya","county":"Borsod-Abaúj-Zemplén","population":1540,"active_gp_count":0,"gps_per_1000":0,"access_class":"desert","access_band":0,"is_desert":1,"nearest_gp_km":4.3,"nearest_gp_minutes":8,"nearest_gp_settlement":"Rátka","nearest_gp_method":"road","vacant_count":2,"persistently_vacant_count":2,"longest_vacancy_days":242}},
{"type":"Feature","geometry":{"type":"Point","coordinates":[18.298,46.6365]},"properties":{"name":"Tamási","county":"Tolna","population":7408,"active_gp_count":4,"gps_per_1000":0.54,"access_class":"moderate","access_band":3,"is_desert":0,"nearest_gp_km":0,"nearest_gp_minutes":0,"nearest_gp_settlement":null,"nearest_gp_method":null,"vacant_count":2,"persistently_vacant_count":2,"longest_vacancy_days":3468}},
{"type":"Feature","geometry":{"type":"Point","coordinates":[16.731,47.1813]},"properties":{"name":"Tanakajd","county":"Vas","population":787,"active_gp_count":0,"gps_per_1000":0,"access_class":"desert","access_band":0,"is_desert":1,"nearest_gp_km":3.2,"nearest_gp_minutes":4,"nearest_gp_settlement":"Táplánszentkereszt","nearest_gp_method":"road","vacant_count":1,"persistently_vacant_count":0,"longest_vacancy_days":1795}},
{"type":"Feature","geometry":{"type":"Point","coordinates":[17.8445,47.5229]},"properties":{"name":"Táp","county":"Győr-Moson-Sopron","population":721,"active_gp_count":0,"gps_per_1000":0,"access_class":"desert","access_band":0,"is_desert":1,"nearest_gp_km":10.1,"nearest_gp_minutes":13,"nearest_gp_settlement":"Pannonhalma","nearest_gp_method":"road","vacant_count":1,"persistently_vacant_count":1,"longest_vacancy_days":1611}},
{"type":"Feature","geometry":{"type":"Point","coordinates":[19.6911,47.3569]},"properties":{"name":"Tápióbicske","county":"Pest","population":3655,"active_gp_count":1,"gps_per_1000":0.27,"access_class":"low","access_band":2,"is_desert":0,"nearest_gp_km":0,"nearest_gp_minutes":0,"nearest_gp_settlement":null,"nearest_gp_method":null,"vacant_count":1,"persistently_vacant_count":1,"longest_vacancy_days":3926}},
{"type":"Feature","geometry":{"type":"Point","coordinates":[19.9593,47.3245]},"properties":{"name":"Tápiógyörgye","county":"Pest","population":3590,"active_gp_count":0,"gps_per_1000":0,"access_class":"desert","access_band":0,"is_desert":1,"nearest_gp_km":7.6,"nearest_gp_minutes":10,"nearest_gp_settlement":"Tápiószele","nearest_gp_method":"road","vacant_count":2,"persistently_vacant_count":2,"longest_vacancy_days":3590}},
{"type":"Feature","geometry":{"type":"Point","coordinates":[19.6057,47.4437]},"properties":{"name":"Tápiószecső","county":"Pest","population":6119,"active_gp_count":2,"gps_per_1000":0.33,"access_class":"low","access_band":2,"is_desert":0,"nearest_gp_km":0,"nearest_gp_minutes":0,"nearest_gp_settlement":null,"nearest_gp_method":null,"vacant_count":1,"persistently_vacant_count":1,"longest_vacancy_days":3834}},
{"type":"Feature","geometry":{"type":"Point","coordinates":[19.8869,47.3371]},"properties":{"name":"Tápiószele","county":"Pest","population":5835,"active_gp_count":3,"gps_per_1000":0.51,"access_class":"moderate","access_band":3,"is_desert":0,"nearest_gp_km":0,"nearest_gp_minutes":0,"nearest_gp_settlement":null,"nearest_gp_method":null,"vacant_count":1,"persistently_vacant_count":1,"longest_vacancy_days":3956}},
{"type":"Feature","geometry":{"type":"Point","coordinates":[19.7794,47.3377]},"properties":{"name":"Tápiószentmárton","county":"Pest","population":5717,"active_gp_count":2,"gps_per_1000":0.35,"access_class":"low","access_band":2,"is_desert":0,"nearest_gp_km":0,"nearest_gp_minutes":0,"nearest_gp_settlement":null,"nearest_gp_method":null,"vacant_count":2,"persistently_vacant_count":2,"longest_vacancy_days":3437}},
{"type":"Feature","geometry":{"type":"Point","coordinates":[17.4644,46.8957]},"properties":{"name":"Tapolca","county":"Veszprém","population":13829,"active_gp_count":9,"gps_per_1000":0.65,"access_class":"ok","access_band":4,"is_desert":0,"nearest_gp_km":0,"nearest_gp_minutes":0,"nearest_gp_settlement":null,"nearest_gp_method":null,"vacant_count":1,"persistently_vacant_count":1,"longest_vacancy_days":1065}},
{"type":"Feature","geometry":{"type":"Point","coordinates":[17.8634,47.4936]},"properties":{"name":"Tápszentmiklós","county":"Győr-Moson-Sopron","population":889,"active_gp_count":0,"gps_per_1000":0,"access_class":"desert","access_band":0,"is_desert":1,"nearest_gp_km":13,"nearest_gp_minutes":16,"nearest_gp_settlement":"Bakonyszombathely","nearest_gp_method":"road","vacant_count":1,"persistently_vacant_count":1,"longest_vacancy_days":1611}},
{"type":"Feature","geometry":{"type":"Point","coordinates":[20.5991,47.8821]},"properties":{"name":"Tard","county":"Borsod-Abaúj-Zemplén","population":1008,"active_gp_count":0,"gps_per_1000":0,"access_class":"desert","access_band":0,"is_desert":1,"nearest_gp_km":8.1,"nearest_gp_minutes":16,"nearest_gp_settlement":"Bogács","nearest_gp_method":"road","vacant_count":1,"persistently_vacant_count":1,"longest_vacancy_days":5174}},
{"type":"Feature","geometry":{"type":"Point","coordinates":[18.4521,47.6606]},"properties":{"name":"Tardos","county":"Komárom-Esztergom","population":1574,"active_gp_count":0,"gps_per_1000":0,"access_class":"desert","access_band":0,"is_desert":1,"nearest_gp_km":7.9,"nearest_gp_minutes":9,"nearest_gp_settlement":"Süttő","nearest_gp_method":"road","vacant_count":1,"persistently_vacant_count":1,"longest_vacancy_days":212}},
{"type":"Feature","geometry":{"type":"Point","coordinates":[21.2507,46.8092]},"properties":{"name":"Tarhos","county":"Békés","population":734,"active_gp_count":0,"gps_per_1000":0,"access_class":"desert","access_band":0,"is_desert":1,"nearest_gp_km":9.2,"nearest_gp_minutes":9,"nearest_gp_settlement":"Doboz","nearest_gp_method":"road","vacant_count":1,"persistently_vacant_count":1,"longest_vacancy_days":4505}},
{"type":"Feature","geometry":{"type":"Point","coordinates":[17.7857,47.5029]},"properties":{"name":"Tarjánpuszta","county":"Győr-Moson-Sopron","population":428,"active_gp_count":0,"gps_per_1000":0,"access_class":"desert","access_band":0,"is_desert":1,"nearest_gp_km":8.3,"nearest_gp_minutes":10,"nearest_gp_settlement":"Pannonhalma","nearest_gp_method":"road","vacant_count":1,"persistently_vacant_count":1,"longest_vacancy_days":821}},
{"type":"Feature","geometry":{"type":"Point","coordinates":[20.2371,47.6794]},"properties":{"name":"Tarnabod","county":"Heves","population":718,"active_gp_count":0,"gps_per_1000":0,"access_class":"desert","access_band":0,"is_desert":1,"nearest_gp_km":10.1,"nearest_gp_minutes":14,"nearest_gp_settlement":"Kompolt","nearest_gp_method":"road","vacant_count":1,"persistently_vacant_count":1,"longest_vacancy_days":4321}},
{"type":"Feature","geometry":{"type":"Point","coordinates":[20.1685,48.0692]},"properties":{"name":"Tarnalelesz","county":"Heves","population":1498,"active_gp_count":0,"gps_per_1000":0,"access_class":"desert","access_band":0,"is_desert":1,"nearest_gp_km":11.9,"nearest_gp_minutes":16,"nearest_gp_settlement":"Egercsehi","nearest_gp_method":"road","vacant_count":1,"persistently_vacant_count":1,"longest_vacancy_days":3256}},
{"type":"Feature","geometry":{"type":"Point","coordinates":[20.1609,47.6345]},"properties":{"name":"Tarnaméra","county":"Heves","population":1475,"active_gp_count":0,"gps_per_1000":0,"access_class":"desert","access_band":0,"is_desert":1,"nearest_gp_km":7.8,"nearest_gp_minutes":14,"nearest_gp_settlement":"Tarnazsadány","nearest_gp_method":"road","vacant_count":1,"persistently_vacant_count":1,"longest_vacancy_days":760}},
{"type":"Feature","geometry":{"type":"Point","coordinates":[20.1917,47.8795]},"properties":{"name":"Tarnaszentmária","county":"Heves","population":213,"active_gp_count":1,"gps_per_1000":4.69,"access_class":"ok","access_band":4,"is_desert":0,"nearest_gp_km":0,"nearest_gp_minutes":0,"nearest_gp_settlement":null,"nearest_gp_method":null,"vacant_count":1,"persistently_vacant_count":1,"longest_vacancy_days":973}},
{"type":"Feature","geometry":{"type":"Point","coordinates":[17.3114,47.7146]},"properties":{"name":"Tárnokréti","county":"Győr-Moson-Sopron","population":166,"active_gp_count":0,"gps_per_1000":0,"access_class":"desert","access_band":0,"is_desert":1,"nearest_gp_km":5.2,"nearest_gp_minutes":7,"nearest_gp_settlement":"Lébény","nearest_gp_method":"road","vacant_count":1,"persistently_vacant_count":1,"longest_vacancy_days":699}},
{"type":"Feature","geometry":{"type":"Point","coordinates":[18.1484,46.2795]},"properties":{"name":"Tarrós","county":"Baranya","population":92,"active_gp_count":0,"gps_per_1000":0,"access_class":"desert","access_band":0,"is_desert":1,"nearest_gp_km":7.8,"nearest_gp_minutes":12,"nearest_gp_settlement":"Sásd","nearest_gp_method":"road","vacant_count":1,"persistently_vacant_count":1,"longest_vacancy_days":1948}},
{"type":"Feature","geometry":{"type":"Point","coordinates":[19.0351,47.0133]},"properties":{"name":"Tass","county":"Bács-Kiskun","population":2836,"active_gp_count":1,"gps_per_1000":0.35,"access_class":"low","access_band":2,"is_desert":0,"nearest_gp_km":0,"nearest_gp_minutes":0,"nearest_gp_settlement":null,"nearest_gp_method":null,"vacant_count":1,"persistently_vacant_count":1,"longest_vacancy_days":5051}},
{"type":"Feature","geometry":{"type":"Point","coordinates":[18.6442,47.7446]},"properties":{"name":"Tát","county":"Komárom-Esztergom","population":5116,"active_gp_count":3,"gps_per_1000":0.59,"access_class":"moderate","access_band":3,"is_desert":0,"nearest_gp_km":0,"nearest_gp_minutes":0,"nearest_gp_settlement":null,"nearest_gp_method":null,"vacant_count":1,"persistently_vacant_count":1,"longest_vacancy_days":395}},
{"type":"Feature","geometry":{"type":"Point","coordinates":[18.4221,47.5483]},"properties":{"name":"Tatabánya","county":"Komárom-Esztergom","population":64785,"active_gp_count":35,"gps_per_1000":0.54,"access_class":"moderate","access_band":3,"is_desert":0,"nearest_gp_km":0,"nearest_gp_minutes":0,"nearest_gp_settlement":null,"nearest_gp_method":null,"vacant_count":11,"persistently_vacant_count":11,"longest_vacancy_days":4199}},
{"type":"Feature","geometry":{"type":"Point","coordinates":[19.3056,46.1871]},"properties":{"name":"Tataháza","county":"Bács-Kiskun","population":1054,"active_gp_count":0,"gps_per_1000":0,"access_class":"desert","access_band":0,"is_desert":1,"nearest_gp_km":7.8,"nearest_gp_minutes":9,"nearest_gp_settlement":"Bácsalmás","nearest_gp_method":"road","vacant_count":1,"persistently_vacant_count":1,"longest_vacancy_days":3987}},
{"type":"Feature","geometry":{"type":"Point","coordinates":[19.3639,47.0576]},"properties":{"name":"Tatárszentgyörgy","county":"Pest","population":1855,"active_gp_count":0,"gps_per_1000":0,"access_class":"desert","access_band":0,"is_desert":1,"nearest_gp_km":8.1,"nearest_gp_minutes":22,"nearest_gp_settlement":"Táborfalva","nearest_gp_method":"road","vacant_count":1,"persistently_vacant_count":1,"longest_vacancy_days":2313}},
{"type":"Feature","geometry":{"type":"Point","coordinates":[18.1782,46.2752]},"properties":{"name":"Tékes","county":"Baranya","population":188,"active_gp_count":0,"gps_per_1000":0,"access_class":"desert","access_band":0,"is_desert":1,"nearest_gp_km":10.5,"nearest_gp_minutes":13,"nearest_gp_settlement":"Kaposszekcső","nearest_gp_method":"road","vacant_count":1,"persistently_vacant_count":1,"longest_vacancy_days":4079}},
{"type":"Feature","geometry":{"type":"Point","coordinates":[19.1958,47.9474]},"properties":{"name":"Tereske","county":"Nógrád","population":667,"active_gp_count":0,"gps_per_1000":0,"access_class":"desert","access_band":0,"is_desert":1,"nearest_gp_km":6.8,"nearest_gp_minutes":9,"nearest_gp_settlement":"Rétság","nearest_gp_method":"road","vacant_count":1,"persistently_vacant_count":1,"longest_vacancy_days":1461}},
{"type":"Feature","geometry":{"type":"Point","coordinates":[20.6025,48.4573]},"properties":{"name":"Teresztenye","county":"Borsod-Abaúj-Zemplén","population":22,"active_gp_count":0,"gps_per_1000":0,"access_class":"desert","access_band":0,"is_desert":1,"nearest_gp_km":15.9,"nearest_gp_minutes":21,"nearest_gp_settlement":"Bódvaszilas","nearest_gp_method":"road","vacant_count":1,"persistently_vacant_count":1,"longest_vacancy_days":1246}},
{"type":"Feature","geometry":{"type":"Point","coordinates":[20.1575,47.9787]},"properties":{"name":"Terpes","county":"Heves","population":205,"active_gp_count":0,"gps_per_1000":0,"access_class":"desert","access_band":0,"is_desert":1,"nearest_gp_km":7,"nearest_gp_minutes":8,"nearest_gp_settlement":"Sirok","nearest_gp_method":"road","vacant_count":1,"persistently_vacant_count":1,"longest_vacancy_days":2434}},
{"type":"Feature","geometry":{"type":"Point","coordinates":[18.0407,47.2454]},"properties":{"name":"Tés","county":"Veszprém","population":796,"active_gp_count":0,"gps_per_1000":0,"access_class":"desert","access_band":0,"is_desert":1,"nearest_gp_km":12.8,"nearest_gp_minutes":17,"nearest_gp_settlement":"Csetény","nearest_gp_method":"road","vacant_count":1,"persistently_vacant_count":1,"longest_vacancy_days":2282}},
{"type":"Feature","geometry":{"type":"Point","coordinates":[17.493,47.5325]},"properties":{"name":"Tét","county":"Győr-Moson-Sopron","population":4205,"active_gp_count":2,"gps_per_1000":0.48,"access_class":"moderate","access_band":3,"is_desert":0,"nearest_gp_km":0,"nearest_gp_minutes":0,"nearest_gp_settlement":null,"nearest_gp_method":null,"vacant_count":1,"persistently_vacant_count":0,"longest_vacancy_days":150}},
{"type":"Feature","geometry":{"type":"Point","coordinates":[21.3213,47.3175]},"properties":{"name":"Tetétlen","county":"Hajdú-Bihar","population":1231,"active_gp_count":0,"gps_per_1000":0,"access_class":"desert","access_band":0,"is_desert":1,"nearest_gp_km":7.1,"nearest_gp_minutes":9,"nearest_gp_settlement":"Kaba","nearest_gp_method":"road","vacant_count":1,"persistently_vacant_count":1,"longest_vacancy_days":1764}},
{"type":"Feature","geometry":{"type":"Point","coordinates":[20.6372,47.9118]},"properties":{"name":"Tibolddaróc","county":"Borsod-Abaúj-Zemplén","population":1179,"active_gp_count":0,"gps_per_1000":0,"access_class":"desert","access_band":0,"is_desert":1,"nearest_gp_km":5.7,"nearest_gp_minutes":9,"nearest_gp_settlement":"Bükkábrány","nearest_gp_method":"road","vacant_count":1,"persistently_vacant_count":1,"longest_vacancy_days":273}},
{"type":"Feature","geometry":{"type":"Point","coordinates":[22.4184,47.8176]},"properties":{"name":"Tiborszállás","county":"Szabolcs-Szatmár-Bereg","population":848,"active_gp_count":0,"gps_per_1000":0,"access_class":"desert","access_band":0,"is_desert":1,"nearest_gp_km":8.7,"nearest_gp_minutes":16,"nearest_gp_settlement":"Fábiánháza","nearest_gp_method":"road","vacant_count":1,"persistently_vacant_count":1,"longest_vacancy_days":365}},
{"type":"Feature","geometry":{"type":"Point","coordinates":[20.8037,47.6955]},"properties":{"name":"Tiszabábolna","county":"Borsod-Abaúj-Zemplén","population":259,"active_gp_count":0,"gps_per_1000":0,"access_class":"desert","access_band":0,"is_desert":1,"nearest_gp_km":18.1,"nearest_gp_minutes":22,"nearest_gp_settlement":"Poroszló","nearest_gp_method":"road","vacant_count":1,"persistently_vacant_count":1,"longest_vacancy_days":1642}},
{"type":"Feature","geometry":{"type":"Point","coordinates":[21.0302,47.6771]},"properties":{"name":"Tiszacsege","county":"Hajdú-Bihar","population":4237,"active_gp_count":1,"gps_per_1000":0.24,"access_class":"low","access_band":2,"is_desert":0,"nearest_gp_km":0,"nearest_gp_minutes":0,"nearest_gp_settlement":null,"nearest_gp_method":null,"vacant_count":2,"persistently_vacant_count":2,"longest_vacancy_days":2738}},
{"type":"Feature","geometry":{"type":"Point","coordinates":[20.6443,47.5201]},"properties":{"name":"Tiszaderzs","county":"Jász-Nagykun-Szolnok","population":991,"active_gp_count":0,"gps_per_1000":0,"access_class":"desert","access_band":0,"is_desert":1,"nearest_gp_km":10.1,"nearest_gp_minutes":13,"nearest_gp_settlement":"Abádszalók","nearest_gp_method":"road","vacant_count":1,"persistently_vacant_count":1,"longest_vacancy_days":515}},
{"type":"Feature","geometry":{"type":"Point","coordinates":[21.1577,47.99]},"properties":{"name":"Tiszadob","county":"Szabolcs-Szatmár-Bereg","population":2502,"active_gp_count":1,"gps_per_1000":0.4,"access_class":"moderate","access_band":3,"is_desert":0,"nearest_gp_km":0,"nearest_gp_minutes":0,"nearest_gp_settlement":null,"nearest_gp_method":null,"vacant_count":1,"persistently_vacant_count":1,"longest_vacancy_days":607}},
{"type":"Feature","geometry":{"type":"Point","coordinates":[20.8605,47.6972]},"properties":{"name":"Tiszadorogma","county":"Borsod-Abaúj-Zemplén","population":333,"active_gp_count":0,"gps_per_1000":0,"access_class":"desert","access_band":0,"is_desert":1,"nearest_gp_km":18.3,"nearest_gp_minutes":29,"nearest_gp_settlement":"Tiszacsege","nearest_gp_method":"road","vacant_count":1,"persistently_vacant_count":1,"longest_vacancy_days":1642}},
{"type":"Feature","geometry":{"type":"Point","coordinates":[20.265,46.9785]},"properties":{"name":"Tiszaföldvár","county":"Jász-Nagykun-Szolnok","population":9778,"active_gp_count":4,"gps_per_1000":0.41,"access_class":"moderate","access_band":3,"is_desert":0,"nearest_gp_km":0,"nearest_gp_minutes":0,"nearest_gp_settlement":null,"nearest_gp_method":null,"vacant_count":3,"persistently_vacant_count":3,"longest_vacancy_days":2129}},
{"type":"Feature","geometry":{"type":"Point","coordinates":[20.7688,47.5996]},"properties":{"name":"Tiszafüred","county":"Jász-Nagykun-Szolnok","population":10628,"active_gp_count":7,"gps_per_1000":0.66,"access_class":"ok","access_band":4,"is_desert":0,"nearest_gp_km":0,"nearest_gp_minutes":0,"nearest_gp_settlement":null,"nearest_gp_method":null,"vacant_count":1,"persistently_vacant_count":1,"longest_vacancy_days":3529}},
{"type":"Feature","geometry":{"type":"Point","coordinates":[20.5214,47.3653]},"properties":{"name":"Tiszagyenda","county":"Jász-Nagykun-Szolnok","population":916,"active_gp_count":0,"gps_per_1000":0,"access_class":"desert","access_band":0,"is_desert":1,"nearest_gp_km":4.4,"nearest_gp_minutes":5,"nearest_gp_settlement":"Tiszaroff","nearest_gp_method":"road","vacant_count":1,"persistently_vacant_count":1,"longest_vacancy_days":2282}},
{"type":"Feature","geometry":{"type":"Point","coordinates":[20.8077,47.5325]},"properties":{"name":"Tiszaigar","county":"Jász-Nagykun-Szolnok","population":694,"active_gp_count":0,"gps_per_1000":0,"access_class":"desert","access_band":0,"is_desert":1,"nearest_gp_km":4.8,"nearest_gp_minutes":5,"nearest_gp_settlement":"Tiszaörs","nearest_gp_method":"road","vacant_count":1,"persistently_vacant_count":1,"longest_vacancy_days":546}},
{"type":"Feature","geometry":{"type":"Point","coordinates":[20.1757,46.9015]},"properties":{"name":"Tiszainoka","county":"Jász-Nagykun-Szolnok","population":397,"active_gp_count":0,"gps_per_1000":0,"access_class":"desert","access_band":0,"is_desert":1,"nearest_gp_km":7.2,"nearest_gp_minutes":9,"nearest_gp_settlement":"Cserkeszőlő","nearest_gp_method":"road","vacant_count":1,"persistently_vacant_count":1,"longest_vacancy_days":1246}},
{"type":"Feature","geometry":{"type":"Point","coordinates":[20.1475,47.0123]},"properties":{"name":"Tiszajenő","county":"Jász-Nagykun-Szolnok","population":1450,"active_gp_count":0,"gps_per_1000":0,"access_class":"desert","access_band":0,"is_desert":1,"nearest_gp_km":9.1,"nearest_gp_minutes":13,"nearest_gp_settlement":"Tiszavárkony","nearest_gp_method":"road","vacant_count":1,"persistently_vacant_count":0,"longest_vacancy_days":122}},
{"type":"Feature","geometry":{"type":"Point","coordinates":[21.7214,48.2265]},"properties":{"name":"Tiszakarád","county":"Borsod-Abaúj-Zemplén","population":2128,"active_gp_count":1,"gps_per_1000":0.47,"access_class":"moderate","access_band":3,"is_desert":0,"nearest_gp_km":0,"nearest_gp_minutes":0,"nearest_gp_settlement":null,"nearest_gp_method":null,"vacant_count":1,"persistently_vacant_count":1,"longest_vacancy_days":2160}},
{"type":"Feature","geometry":{"type":"Point","coordinates":[21.0032,47.7812]},"properties":{"name":"Tiszakeszi","county":"Borsod-Abaúj-Zemplén","population":2433,"active_gp_count":1,"gps_per_1000":0.41,"access_class":"moderate","access_band":3,"is_desert":0,"nearest_gp_km":0,"nearest_gp_minutes":0,"nearest_gp_settlement":null,"nearest_gp_method":null,"vacant_count":1,"persistently_vacant_count":1,"longest_vacancy_days":1187}},
{"type":"Feature","geometry":{"type":"Point","coordinates":[21.38,48.0133]},"properties":{"name":"Tiszalök","county":"Szabolcs-Szatmár-Bereg","population":5335,"active_gp_count":3,"gps_per_1000":0.56,"access_class":"moderate","access_band":3,"is_desert":0,"nearest_gp_km":0,"nearest_gp_minutes":0,"nearest_gp_settlement":null,"nearest_gp_method":null,"vacant_count":1,"persistently_vacant_count":1,"longest_vacancy_days":273}},
{"type":"Feature","geometry":{"type":"Point","coordinates":[21.507,48.0757]},"properties":{"name":"Tiszanagyfalu","county":"Szabolcs-Szatmár-Bereg","population":1685,"active_gp_count":0,"gps_per_1000":0,"access_class":"desert","access_band":0,"is_desert":1,"nearest_gp_km":5.8,"nearest_gp_minutes":6,"nearest_gp_settlement":"Rakamaz","nearest_gp_method":"road","vacant_count":1,"persistently_vacant_count":0,"longest_vacancy_days":122}},
{"type":"Feature","geometry":{"type":"Point","coordinates":[20.5135,47.5614]},"properties":{"name":"Tiszanána","county":"Heves","population":2298,"active_gp_count":1,"gps_per_1000":0.44,"access_class":"moderate","access_band":3,"is_desert":0,"nearest_gp_km":0,"nearest_gp_minutes":0,"nearest_gp_settlement":null,"nearest_gp_method":null,"vacant_count":1,"persistently_vacant_count":1,"longest_vacancy_days":2191}},
{"type":"Feature","geometry":{"type":"Point","coordinates":[20.3539,47.3929]},"properties":{"name":"Tiszasüly","county":"Jász-Nagykun-Szolnok","population":1332,"active_gp_count":0,"gps_per_1000":0,"access_class":"desert","access_band":0,"is_desert":1,"nearest_gp_km":13.6,"nearest_gp_minutes":17,"nearest_gp_settlement":"Tiszaroff","nearest_gp_method":"road","vacant_count":1,"persistently_vacant_count":1,"longest_vacancy_days":3560}},
{"type":"Feature","geometry":{"type":"Point","coordinates":[22.3258,48.1877]},"properties":{"name":"Tiszaszalka","county":"Szabolcs-Szatmár-Bereg","population":810,"active_gp_count":0,"gps_per_1000":0,"access_class":"desert","access_band":0,"is_desert":1,"nearest_gp_km":10.6,"nearest_gp_minutes":15,"nearest_gp_settlement":"Aranyosapáti","nearest_gp_method":"road","vacant_count":1,"persistently_vacant_count":1,"longest_vacancy_days":2099}},
{"type":"Feature","geometry":{"type":"Point","coordinates":[20.3753,47.1272]},"properties":{"name":"Tiszatenyő","county":"Jász-Nagykun-Szolnok","population":1488,"active_gp_count":0,"gps_per_1000":0,"access_class":"desert","access_band":0,"is_desert":1,"nearest_gp_km":6.9,"nearest_gp_minutes":9,"nearest_gp_settlement":"Kengyel","nearest_gp_method":"road","vacant_count":1,"persistently_vacant_count":1,"longest_vacancy_days":4291}},
{"type":"Feature","geometry":{"type":"Point","coordinates":[20.7413,47.6891]},"properties":{"name":"Tiszavalk","county":"Borsod-Abaúj-Zemplén","population":287,"active_gp_count":0,"gps_per_1000":0,"access_class":"desert","access_band":0,"is_desert":1,"nearest_gp_km":13.2,"nearest_gp_minutes":16,"nearest_gp_settlement":"Poroszló","nearest_gp_method":"road","vacant_count":1,"persistently_vacant_count":1,"longest_vacancy_days":1157}},
{"type":"Feature","geometry":{"type":"Point","coordinates":[21.3786,47.9553]},"properties":{"name":"Tiszavasvári","county":"Szabolcs-Szatmár-Bereg","population":12238,"active_gp_count":8,"gps_per_1000":0.65,"access_class":"ok","access_band":4,"is_desert":0,"nearest_gp_km":0,"nearest_gp_minutes":0,"nearest_gp_settlement":null,"nearest_gp_method":null,"vacant_count":1,"persistently_vacant_count":1,"longest_vacancy_days":973}},
{"type":"Feature","geometry":{"type":"Point","coordinates":[22.311,48.2062]},"properties":{"name":"Tiszavid","county":"Szabolcs-Szatmár-Bereg","population":499,"active_gp_count":0,"gps_per_1000":0,"access_class":"desert","access_band":0,"is_desert":1,"nearest_gp_km":7.1,"nearest_gp_minutes":9,"nearest_gp_settlement":"Aranyosapáti","nearest_gp_method":"road","vacant_count":1,"persistently_vacant_count":1,"longest_vacancy_days":2099}},
{"type":"Feature","geometry":{"type":"Point","coordinates":[22.8009,47.9806]},"properties":{"name":"Tisztaberek","county":"Szabolcs-Szatmár-Bereg","population":580,"active_gp_count":0,"gps_per_1000":0,"access_class":"desert","access_band":0,"is_desert":1,"nearest_gp_km":7.9,"nearest_gp_minutes":9,"nearest_gp_settlement":"Botpalád","nearest_gp_method":"road","vacant_count":1,"persistently_vacant_count":0,"longest_vacancy_days":150}},
{"type":"Feature","geometry":{"type":"Point","coordinates":[20.2542,47.779]},"properties":{"name":"Tófalu","county":"Heves","population":532,"active_gp_count":0,"gps_per_1000":0,"access_class":"desert","access_band":0,"is_desert":1,"nearest_gp_km":2.7,"nearest_gp_minutes":4,"nearest_gp_settlement":"Kápolna","nearest_gp_method":"road","vacant_count":1,"persistently_vacant_count":1,"longest_vacancy_days":3103}},
{"type":"Feature","geometry":{"type":"Point","coordinates":[18.3638,46.3091]},"properties":{"name":"Tófű","county":"Baranya","population":95,"active_gp_count":1,"gps_per_1000":10.53,"access_class":"ok","access_band":4,"is_desert":0,"nearest_gp_km":0,"nearest_gp_minutes":0,"nearest_gp_settlement":null,"nearest_gp_method":null,"vacant_count":1,"persistently_vacant_count":1,"longest_vacancy_days":1917}},
{"type":"Feature","geometry":{"type":"Point","coordinates":[21.4005,48.1123]},"properties":{"name":"Tokaj","county":"Borsod-Abaúj-Zemplén","population":3649,"active_gp_count":2,"gps_per_1000":0.55,"access_class":"moderate","access_band":3,"is_desert":0,"nearest_gp_km":0,"nearest_gp_minutes":0,"nearest_gp_settlement":null,"nearest_gp_method":null,"vacant_count":1,"persistently_vacant_count":1,"longest_vacancy_days":1126}},
{"type":"Feature","geometry":{"type":"Point","coordinates":[19.1077,47.929]},"properties":{"name":"Tolmács","county":"Nógrád","population":702,"active_gp_count":1,"gps_per_1000":1.42,"access_class":"ok","access_band":4,"is_desert":0,"nearest_gp_km":0,"nearest_gp_minutes":0,"nearest_gp_settlement":null,"nearest_gp_method":null,"vacant_count":1,"persistently_vacant_count":1,"longest_vacancy_days":1734}},
{"type":"Feature","geometry":{"type":"Point","coordinates":[18.4921,46.7178]},"properties":{"name":"Tolnanémedi","county":"Tolna","population":918,"active_gp_count":0,"gps_per_1000":0,"access_class":"desert","access_band":0,"is_desert":1,"nearest_gp_km":7,"nearest_gp_minutes":8,"nearest_gp_settlement":"Simontornya","nearest_gp_method":"road","vacant_count":1,"persistently_vacant_count":1,"longest_vacancy_days":5082}},
{"type":"Feature","geometry":{"type":"Point","coordinates":[20.886,48.3272]},"properties":{"name":"Tomor","county":"Borsod-Abaúj-Zemplén","population":219,"active_gp_count":0,"gps_per_1000":0,"access_class":"desert","access_band":0,"is_desert":1,"nearest_gp_km":7.4,"nearest_gp_minutes":9,"nearest_gp_settlement":"Homrogd","nearest_gp_method":"road","vacant_count":1,"persistently_vacant_count":1,"longest_vacancy_days":2373}},
{"type":"Feature","geometry":{"type":"Point","coordinates":[19.5243,46.1943]},"properties":{"name":"Tompa","county":"Bács-Kiskun","population":3823,"active_gp_count":2,"gps_per_1000":0.52,"access_class":"moderate","access_band":3,"is_desert":0,"nearest_gp_km":0,"nearest_gp_minutes":0,"nearest_gp_settlement":null,"nearest_gp_method":null,"vacant_count":1,"persistently_vacant_count":1,"longest_vacancy_days":1157}},
{"type":"Feature","geometry":{"type":"Point","coordinates":[16.8852,47.3808]},"properties":{"name":"Tompaládony","county":"Vas","population":325,"active_gp_count":0,"gps_per_1000":0,"access_class":"desert","access_band":0,"is_desert":1,"nearest_gp_km":7.5,"nearest_gp_minutes":8,"nearest_gp_settlement":"Bő","nearest_gp_method":"road","vacant_count":1,"persistently_vacant_count":0,"longest_vacancy_days":912}},
{"type":"Feature","geometry":{"type":"Point","coordinates":[17.9714,46.2123]},"properties":{"name":"Tormás","county":"Baranya","population":228,"active_gp_count":0,"gps_per_1000":0,"access_class":"desert","access_band":0,"is_desert":1,"nearest_gp_km":14.7,"nearest_gp_minutes":22,"nearest_gp_settlement":"Sásd","nearest_gp_method":"road","vacant_count":1,"persistently_vacant_count":1,"longest_vacancy_days":1369}},
{"type":"Feature","geometry":{"type":"Point","coordinates":[16.7792,47.4293]},"properties":{"name":"Tormásliget","county":"Vas","population":312,"active_gp_count":0,"gps_per_1000":0,"access_class":"desert","access_band":0,"is_desert":1,"nearest_gp_km":8,"nearest_gp_minutes":8,"nearest_gp_settlement":"Bő","nearest_gp_method":"road","vacant_count":1,"persistently_vacant_count":0,"longest_vacancy_days":1369}},
{"type":"Feature","geometry":{"type":"Point","coordinates":[20.6097,48.4686]},"properties":{"name":"Tornakápolna","county":"Borsod-Abaúj-Zemplén","population":24,"active_gp_count":0,"gps_per_1000":0,"access_class":"desert","access_band":0,"is_desert":1,"nearest_gp_km":15.3,"nearest_gp_minutes":20,"nearest_gp_settlement":"Bódvaszilas","nearest_gp_method":"road","vacant_count":1,"persistently_vacant_count":1,"longest_vacancy_days":1917}},
{"type":"Feature","geometry":{"type":"Point","coordinates":[20.7809,48.5604]},"properties":{"name":"Tornanádaska","county":"Borsod-Abaúj-Zemplén","population":807,"active_gp_count":0,"gps_per_1000":0,"access_class":"desert","access_band":0,"is_desert":1,"nearest_gp_km":6.9,"nearest_gp_minutes":11,"nearest_gp_settlement":"Bódvaszilas","nearest_gp_method":"road","vacant_count":1,"persistently_vacant_count":1,"longest_vacancy_days":2557}},
{"type":"Feature","geometry":{"type":"Point","coordinates":[20.7917,48.5125]},"properties":{"name":"Tornaszentandrás","county":"Borsod-Abaúj-Zemplén","population":157,"active_gp_count":0,"gps_per_1000":0,"access_class":"desert","access_band":0,"is_desert":1,"nearest_gp_km":9.4,"nearest_gp_minutes":14,"nearest_gp_settlement":"Bódvaszilas","nearest_gp_method":"road","vacant_count":1,"persistently_vacant_count":1,"longest_vacancy_days":2557}},
{"type":"Feature","geometry":{"type":"Point","coordinates":[18.0457,46.7652]},"properties":{"name":"Torvaj","county":"Somogy","population":207,"active_gp_count":1,"gps_per_1000":4.83,"access_class":"ok","access_band":4,"is_desert":0,"nearest_gp_km":0,"nearest_gp_minutes":0,"nearest_gp_settlement":null,"nearest_gp_method":null,"vacant_count":1,"persistently_vacant_count":1,"longest_vacancy_days":1004}},
{"type":"Feature","geometry":{"type":"Point","coordinates":[20.751,46.4239]},"properties":{"name":"Tótkomlós","county":"Békés","population":5146,"active_gp_count":3,"gps_per_1000":0.58,"access_class":"moderate","access_band":3,"is_desert":0,"nearest_gp_km":0,"nearest_gp_minutes":0,"nearest_gp_settlement":null,"nearest_gp_method":null,"vacant_count":2,"persistently_vacant_count":2,"longest_vacancy_days":7213}},
{"type":"Feature","geometry":{"type":"Point","coordinates":[17.6504,45.9062]},"properties":{"name":"Tótújfalu","county":"Somogy","population":190,"active_gp_count":0,"gps_per_1000":0,"access_class":"desert","access_band":0,"is_desert":1,"nearest_gp_km":15.8,"nearest_gp_minutes":19,"nearest_gp_settlement":"Kétújfalu","nearest_gp_method":"road","vacant_count":1,"persistently_vacant_count":1,"longest_vacancy_days":6574}},
{"type":"Feature","geometry":{"type":"Point","coordinates":[18.9599,47.3202]},"properties":{"name":"Tököl","county":"Pest","population":11253,"active_gp_count":5,"gps_per_1000":0.44,"access_class":"moderate","access_band":3,"is_desert":0,"nearest_gp_km":0,"nearest_gp_minutes":0,"nearest_gp_settlement":null,"nearest_gp_method":null,"vacant_count":1,"persistently_vacant_count":1,"longest_vacancy_days":1096}},
{"type":"Feature","geometry":{"type":"Point","coordinates":[16.6725,47.3658]},"properties":{"name":"Tömörd","county":"Vas","population":276,"active_gp_count":1,"gps_per_1000":3.62,"access_class":"ok","access_band":4,"is_desert":0,"nearest_gp_km":0,"nearest_gp_minutes":0,"nearest_gp_settlement":null,"nearest_gp_method":null,"vacant_count":1,"persistently_vacant_count":0,"longest_vacancy_days":1369}},
{"type":"Feature","geometry":{"type":"Point","coordinates":[18.065,46.5949]},"properties":{"name":"Törökkoppány","county":"Somogy","population":443,"active_gp_count":0,"gps_per_1000":0,"access_class":"desert","access_band":0,"is_desert":1,"nearest_gp_km":13.3,"nearest_gp_minutes":16,"nearest_gp_settlement":"Nagykónyi","nearest_gp_method":"road","vacant_count":1,"persistently_vacant_count":1,"longest_vacancy_days":4109}},
{"type":"Feature","geometry":{"type":"Point","coordinates":[20.4478,47.1817]},"properties":{"name":"Törökszentmiklós","county":"Jász-Nagykun-Szolnok","population":18963,"active_gp_count":11,"gps_per_1000":0.58,"access_class":"moderate","access_band":3,"is_desert":0,"nearest_gp_km":0,"nearest_gp_minutes":0,"nearest_gp_settlement":null,"nearest_gp_method":null,"vacant_count":3,"persistently_vacant_count":3,"longest_vacancy_days":4109}},
{"type":"Feature","geometry":{"type":"Point","coordinates":[19.6093,47.6063]},"properties":{"name":"Tura","county":"Pest","population":7701,"active_gp_count":4,"gps_per_1000":0.52,"access_class":"moderate","access_band":3,"is_desert":0,"nearest_gp_km":0,"nearest_gp_minutes":0,"nearest_gp_settlement":null,"nearest_gp_method":null,"vacant_count":1,"persistently_vacant_count":0,"longest_vacancy_days":181}},
{"type":"Feature","geometry":{"type":"Point","coordinates":[22.5247,47.8426]},"properties":{"name":"Tyukod","county":"Szabolcs-Szatmár-Bereg","population":1799,"active_gp_count":0,"gps_per_1000":0,"access_class":"desert","access_band":0,"is_desert":1,"nearest_gp_km":7.7,"nearest_gp_minutes":9,"nearest_gp_settlement":"Porcsalma","nearest_gp_method":"road","vacant_count":1,"persistently_vacant_count":1,"longest_vacancy_days":1887}},
{"type":"Feature","geometry":{"type":"Point","coordinates":[18.5322,46.5963]},"properties":{"name":"Udvari","county":"Tolna","population":248,"active_gp_count":0,"gps_per_1000":0,"access_class":"desert","access_band":0,"is_desert":1,"nearest_gp_km":9,"nearest_gp_minutes":15,"nearest_gp_settlement":"Gyönk","nearest_gp_method":"road","vacant_count":2,"persistently_vacant_count":2,"longest_vacancy_days":7396}},
{"type":"Feature","geometry":{"type":"Point","coordinates":[21.0071,48.1392]},"properties":{"name":"Újcsanálos","county":"Borsod-Abaúj-Zemplén","population":715,"active_gp_count":0,"gps_per_1000":0,"access_class":"desert","access_band":0,"is_desert":1,"nearest_gp_km":9.9,"nearest_gp_minutes":14,"nearest_gp_settlement":"Hernádkak","nearest_gp_method":"road","vacant_count":1,"persistently_vacant_count":1,"longest_vacancy_days":273}},
{"type":"Feature","geometry":{"type":"Point","coordinates":[21.3674,47.0091]},"properties":{"name":"Újiráz","county":"Hajdú-Bihar","population":451,"active_gp_count":0,"gps_per_1000":0,"access_class":"desert","access_band":0,"is_desert":1,"nearest_gp_km":4.9,"nearest_gp_minutes":8,"nearest_gp_settlement":"Csökmő","nearest_gp_method":"road","vacant_count":1,"persistently_vacant_count":1,"longest_vacancy_days":7943}},
{"type":"Feature","geometry":{"type":"Point","coordinates":[19.0888,46.8585]},"properties":{"name":"Újsolt","county":"Bács-Kiskun","population":159,"active_gp_count":1,"gps_per_1000":6.29,"access_class":"ok","access_band":4,"is_desert":0,"nearest_gp_km":0,"nearest_gp_minutes":0,"nearest_gp_settlement":null,"nearest_gp_method":null,"vacant_count":1,"persistently_vacant_count":1,"longest_vacancy_days":4199}},
{"type":"Feature","geometry":{"type":"Point","coordinates":[21.4885,46.8124]},"properties":{"name":"Újszalonta","county":"Békés","population":71,"active_gp_count":0,"gps_per_1000":0,"access_class":"desert","access_band":0,"is_desert":1,"nearest_gp_km":5.1,"nearest_gp_minutes":10,"nearest_gp_settlement":"Méhkerék","nearest_gp_method":"road","vacant_count":1,"persistently_vacant_count":0,"longest_vacancy_days":91}},
{"type":"Feature","geometry":{"type":"Point","coordinates":[20.0474,47.273]},"properties":{"name":"Újszász","county":"Jász-Nagykun-Szolnok","population":5858,"active_gp_count":4,"gps_per_1000":0.68,"access_class":"ok","access_band":4,"is_desert":0,"nearest_gp_km":0,"nearest_gp_minutes":0,"nearest_gp_settlement":null,"nearest_gp_method":null,"vacant_count":1,"persistently_vacant_count":1,"longest_vacancy_days":730}},
{"type":"Feature","geometry":{"type":"Point","coordinates":[19.0625,46.5954]},"properties":{"name":"Újtelek","county":"Bács-Kiskun","population":342,"active_gp_count":0,"gps_per_1000":0,"access_class":"desert","access_band":0,"is_desert":1,"nearest_gp_km":9.2,"nearest_gp_minutes":13,"nearest_gp_settlement":"Dunapataj","nearest_gp_method":"road","vacant_count":1,"persistently_vacant_count":1,"longest_vacancy_days":912}},
{"type":"Feature","geometry":{"type":"Point","coordinates":[19.5389,47.4102]},"properties":{"name":"Úri","county":"Pest","population":2530,"active_gp_count":1,"gps_per_1000":0.4,"access_class":"moderate","access_band":3,"is_desert":0,"nearest_gp_km":0,"nearest_gp_minutes":0,"nearest_gp_settlement":null,"nearest_gp_method":null,"vacant_count":1,"persistently_vacant_count":1,"longest_vacancy_days":3652}},
{"type":"Feature","geometry":{"type":"Point","coordinates":[19.1315,47.7913]},"properties":{"name":"Vác","county":"Pest","population":33871,"active_gp_count":15,"gps_per_1000":0.44,"access_class":"moderate","access_band":3,"is_desert":0,"nearest_gp_km":0,"nearest_gp_minutes":0,"nearest_gp_settlement":null,"nearest_gp_method":null,"vacant_count":4,"persistently_vacant_count":4,"longest_vacancy_days":668}},
{"type":"Feature","geometry":{"type":"Point","coordinates":[17.2098,47.4531]},"properties":{"name":"Vág","county":"Győr-Moson-Sopron","population":485,"active_gp_count":0,"gps_per_1000":0,"access_class":"desert","access_band":0,"is_desert":1,"nearest_gp_km":8.3,"nearest_gp_minutes":10,"nearest_gp_settlement":"Szany","nearest_gp_method":"road","vacant_count":1,"persistently_vacant_count":1,"longest_vacancy_days":2648}},
{"type":"Feature","geometry":{"type":"Point","coordinates":[21.6558,48.2973]},"properties":{"name":"Vajdácska","county":"Borsod-Abaúj-Zemplén","population":1161,"active_gp_count":0,"gps_per_1000":0,"access_class":"desert","access_band":0,"is_desert":1,"nearest_gp_km":9.1,"nearest_gp_minutes":28,"nearest_gp_settlement":"Sárospatak","nearest_gp_method":"road","vacant_count":1,"persistently_vacant_count":1,"longest_vacancy_days":5509}},
{"type":"Feature","geometry":{"type":"Point","coordinates":[17.9802,45.8586]},"properties":{"name":"Vajszló","county":"Baranya","population":1568,"active_gp_count":1,"gps_per_1000":0.64,"access_class":"ok","access_band":4,"is_desert":0,"nearest_gp_km":0,"nearest_gp_minutes":0,"nearest_gp_settlement":null,"nearest_gp_method":null,"vacant_count":1,"persistently_vacant_count":1,"longest_vacancy_days":1917}},
{"type":"Feature","geometry":{"type":"Point","coordinates":[18.6584,46.7151]},"properties":{"name":"Vajta","county":"Fejér","population":774,"active_gp_count":0,"gps_per_1000":0,"access_class":"desert","access_band":0,"is_desert":1,"nearest_gp_km":6,"nearest_gp_minutes":8,"nearest_gp_settlement":"Pálfa","nearest_gp_method":"road","vacant_count":1,"persistently_vacant_count":1,"longest_vacancy_days":5448}},
{"type":"Feature","geometry":{"type":"Point","coordinates":[16.8109,46.5021]},"properties":{"name":"Valkonya","county":"Zala","population":59,"active_gp_count":1,"gps_per_1000":16.95,"access_class":"ok","access_band":4,"is_desert":0,"nearest_gp_km":0,"nearest_gp_minutes":0,"nearest_gp_settlement":null,"nearest_gp_method":null,"vacant_count":1,"persistently_vacant_count":1,"longest_vacancy_days":2221}},
{"type":"Feature","geometry":{"type":"Point","coordinates":[22.3863,47.7671]},"properties":{"name":"Vállaj","county":"Szabolcs-Szatmár-Bereg","population":904,"active_gp_count":0,"gps_per_1000":0,"access_class":"desert","access_band":0,"is_desert":1,"nearest_gp_km":9.1,"nearest_gp_minutes":11,"nearest_gp_settlement":"Fábiánháza","nearest_gp_method":"road","vacant_count":1,"persistently_vacant_count":1,"longest_vacancy_days":365}},
{"type":"Feature","geometry":{"type":"Point","coordinates":[17.2982,46.8335]},"properties":{"name":"Vállus","county":"Zala","population":97,"active_gp_count":0,"gps_per_1000":0,"access_class":"desert","access_band":0,"is_desert":1,"nearest_gp_km":7.9,"nearest_gp_minutes":10,"nearest_gp_settlement":"Zalaszántó","nearest_gp_method":"road","vacant_count":1,"persistently_vacant_count":1,"longest_vacancy_days":1826}},
{"type":"Feature","geometry":{"type":"Point","coordinates":[22.3874,48.1946]},"properties":{"name":"Vámosatya","county":"Szabolcs-Szatmár-Bereg","population":527,"active_gp_count":0,"gps_per_1000":0,"access_class":"desert","access_band":0,"is_desert":1,"nearest_gp_km":12.4,"nearest_gp_minutes":17,"nearest_gp_settlement":"Csaroda","nearest_gp_method":"road","vacant_count":1,"persistently_vacant_count":1,"longest_vacancy_days":1338}},
{"type":"Feature","geometry":{"type":"Point","coordinates":[19.9323,47.6828]},"properties":{"name":"Vámosgyörk","county":"Heves","population":1857,"active_gp_count":0,"gps_per_1000":0,"access_class":"desert","access_band":0,"is_desert":1,"nearest_gp_km":5.4,"nearest_gp_minutes":10,"nearest_gp_settlement":"Adács","nearest_gp_method":"road","vacant_count":1,"persistently_vacant_count":1,"longest_vacancy_days":2282}},
{"type":"Feature","geometry":{"type":"Point","coordinates":[21.6403,47.193]},"properties":{"name":"Váncsod","county":"Hajdú-Bihar","population":993,"active_gp_count":0,"gps_per_1000":0,"access_class":"desert","access_band":0,"is_desert":1,"nearest_gp_km":10.7,"nearest_gp_minutes":10,"nearest_gp_settlement":"Biharkeresztes","nearest_gp_method":"road","vacant_count":1,"persistently_vacant_count":1,"longest_vacancy_days":2679}},
{"type":"Feature","geometry":{"type":"Point","coordinates":[17.5945,47.3901]},"properties":{"name":"Vanyola","county":"Veszprém","population":495,"active_gp_count":0,"gps_per_1000":0,"access_class":"desert","access_band":0,"is_desert":1,"nearest_gp_km":6.5,"nearest_gp_minutes":9,"nearest_gp_settlement":"Lovászpatona","nearest_gp_method":"road","vacant_count":1,"persistently_vacant_count":1,"longest_vacancy_days":487}},
{"type":"Feature","geometry":{"type":"Point","coordinates":[20.0928,48.0895]},"properties":{"name":"Váraszó","county":"Heves","population":498,"active_gp_count":1,"gps_per_1000":2.01,"access_class":"ok","access_band":4,"is_desert":0,"nearest_gp_km":0,"nearest_gp_minutes":0,"nearest_gp_settlement":null,"nearest_gp_method":null,"vacant_count":1,"persistently_vacant_count":1,"longest_vacancy_days":3437}},
{"type":"Feature","geometry":{"type":"Point","coordinates":[17.0727,47.8448]},"properties":{"name":"Várbalog","county":"Győr-Moson-Sopron","population":425,"active_gp_count":1,"gps_per_1000":2.35,"access_class":"ok","access_band":4,"is_desert":0,"nearest_gp_km":0,"nearest_gp_minutes":0,"nearest_gp_settlement":null,"nearest_gp_method":null,"vacant_count":1,"persistently_vacant_count":1,"longest_vacancy_days":821}},
{"type":"Feature","geometry":{"type":"Point","coordinates":[20.6506,48.4561]},"properties":{"name":"Varbóc","county":"Borsod-Abaúj-Zemplén","population":50,"active_gp_count":0,"gps_per_1000":0,"access_class":"desert","access_band":0,"is_desert":1,"nearest_gp_km":15.1,"nearest_gp_minutes":17,"nearest_gp_settlement":"Szuhogy","nearest_gp_method":"road","vacant_count":1,"persistently_vacant_count":1,"longest_vacancy_days":1246}},
{"type":"Feature","geometry":{"type":"Point","coordinates":[17.7309,46.4566]},"properties":{"name":"Várda","county":"Somogy","population":395,"active_gp_count":0,"gps_per_1000":0,"access_class":"desert","access_band":0,"is_desert":1,"nearest_gp_km":9.5,"nearest_gp_minutes":10,"nearest_gp_settlement":"Osztopán","nearest_gp_method":"road","vacant_count":1,"persistently_vacant_count":1,"longest_vacancy_days":546}},
{"type":"Feature","geometry":{"type":"Point","coordinates":[18.0446,46.5346]},"properties":{"name":"Várong","county":"Tolna","population":108,"active_gp_count":0,"gps_per_1000":0,"access_class":"desert","access_band":0,"is_desert":1,"nearest_gp_km":10.9,"nearest_gp_minutes":13,"nearest_gp_settlement":"Igal","nearest_gp_method":"road","vacant_count":1,"persistently_vacant_count":1,"longest_vacancy_days":943}},
{"type":"Feature","geometry":{"type":"Point","coordinates":[19.7527,46.8258]},"properties":{"name":"Városföld","county":"Bács-Kiskun","population":2136,"active_gp_count":0,"gps_per_1000":0,"access_class":"desert","access_band":0,"is_desert":1,"nearest_gp_km":8.7,"nearest_gp_minutes":9,"nearest_gp_settlement":"Kecskemét","nearest_gp_method":"road","vacant_count":1,"persistently_vacant_count":1,"longest_vacancy_days":881}},
{"type":"Feature","geometry":{"type":"Point","coordinates":[17.6629,47.1482]},"properties":{"name":"Városlőd","county":"Veszprém","population":1222,"active_gp_count":0,"gps_per_1000":0,"access_class":"desert","access_band":0,"is_desert":1,"nearest_gp_km":2.8,"nearest_gp_minutes":2,"nearest_gp_settlement":"Szentgál","nearest_gp_method":"road","vacant_count":1,"persistently_vacant_count":1,"longest_vacancy_days":1277}},
{"type":"Feature","geometry":{"type":"Point","coordinates":[18.5266,46.5116]},"properties":{"name":"Varsád","county":"Tolna","population":339,"active_gp_count":1,"gps_per_1000":2.95,"access_class":"ok","access_band":4,"is_desert":0,"nearest_gp_km":0,"nearest_gp_minutes":0,"nearest_gp_settlement":null,"nearest_gp_method":null,"vacant_count":1,"persistently_vacant_count":1,"longest_vacancy_days":6787}},
{"type":"Feature","geometry":{"type":"Point","coordinates":[17.2996,46.8806]},"properties":{"name":"Várvölgy","county":"Zala","population":920,"active_gp_count":0,"gps_per_1000":0,"access_class":"desert","access_band":0,"is_desert":1,"nearest_gp_km":6.6,"nearest_gp_minutes":10,"nearest_gp_settlement":"Zalaszántó","nearest_gp_method":"road","vacant_count":1,"persistently_vacant_count":1,"longest_vacancy_days":1826}},
{"type":"Feature","geometry":{"type":"Point","coordinates":[18.14,46.3063]},"properties":{"name":"Vásárosdombó","county":"Baranya","population":989,"active_gp_count":0,"gps_per_1000":0,"access_class":"desert","access_band":0,"is_desert":1,"nearest_gp_km":4.6,"nearest_gp_minutes":6,"nearest_gp_settlement":"Kaposszekcső","nearest_gp_method":"road","vacant_count":1,"persistently_vacant_count":1,"longest_vacancy_days":1948}},
{"type":"Feature","geometry":{"type":"Point","coordinates":[17.1122,47.4543]},"properties":{"name":"Vásárosfalu","county":"Győr-Moson-Sopron","population":154,"active_gp_count":0,"gps_per_1000":0,"access_class":"desert","access_band":0,"is_desert":1,"nearest_gp_km":3.5,"nearest_gp_minutes":5,"nearest_gp_settlement":"Beled","nearest_gp_method":"road","vacant_count":2,"persistently_vacant_count":1,"longest_vacancy_days":6451}},
{"type":"Feature","geometry":{"type":"Point","coordinates":[22.3084,48.1204]},"properties":{"name":"Vásárosnamény","county":"Szabolcs-Szatmár-Bereg","population":7711,"active_gp_count":6,"gps_per_1000":0.78,"access_class":"ok","access_band":4,"is_desert":0,"nearest_gp_km":0,"nearest_gp_minutes":0,"nearest_gp_settlement":null,"nearest_gp_method":null,"vacant_count":1,"persistently_vacant_count":1,"longest_vacancy_days":2252}},
{"type":"Feature","geometry":{"type":"Point","coordinates":[16.9213,47.3661]},"properties":{"name":"Vasegerszeg","county":"Vas","population":337,"active_gp_count":0,"gps_per_1000":0,"access_class":"desert","access_band":0,"is_desert":1,"nearest_gp_km":8.9,"nearest_gp_minutes":9,"nearest_gp_settlement":"Rábapaty","nearest_gp_method":"road","vacant_count":1,"persistently_vacant_count":0,"longest_vacancy_days":912}},
{"type":"Feature","geometry":{"type":"Point","coordinates":[19.015,46.1019]},"properties":{"name":"Vaskút","county":"Bács-Kiskun","population":3058,"active_gp_count":1,"gps_per_1000":0.33,"access_class":"low","access_band":2,"is_desert":0,"nearest_gp_km":0,"nearest_gp_minutes":0,"nearest_gp_settlement":null,"nearest_gp_method":null,"vacant_count":2,"persistently_vacant_count":2,"longest_vacancy_days":4595}},
{"type":"Feature","geometry":{"type":"Point","coordinates":[16.772,47.1751]},"properties":{"name":"Vasszécseny","county":"Vas","population":1278,"active_gp_count":0,"gps_per_1000":0,"access_class":"desert","access_band":0,"is_desert":1,"nearest_gp_km":7,"nearest_gp_minutes":9,"nearest_gp_settlement":"Táplánszentkereszt","nearest_gp_method":"road","vacant_count":1,"persistently_vacant_count":0,"longest_vacancy_days":1795}},
{"type":"Feature","geometry":{"type":"Point","coordinates":[16.4035,46.972]},"properties":{"name":"Vasszentmihály","county":"Vas","population":341,"active_gp_count":0,"gps_per_1000":0,"access_class":"desert","access_band":0,"is_desert":1,"nearest_gp_km":5.3,"nearest_gp_minutes":8,"nearest_gp_settlement":"Rábagyarmat","nearest_gp_method":"road","vacant_count":1,"persistently_vacant_count":0,"longest_vacancy_days":1461}},
{"type":"Feature","geometry":{"type":"Point","coordinates":[20.1658,47.7984]},"properties":{"name":"Vécs","county":"Heves","population":551,"active_gp_count":0,"gps_per_1000":0,"access_class":"desert","access_band":0,"is_desert":1,"nearest_gp_km":5.9,"nearest_gp_minutes":14,"nearest_gp_settlement":"Domoszló","nearest_gp_method":"road","vacant_count":1,"persistently_vacant_count":1,"longest_vacancy_days":3044}},
{"type":"Feature","geometry":{"type":"Point","coordinates":[19.2607,47.3983]},"properties":{"name":"Vecsés","county":"Pest","population":21379,"active_gp_count":11,"gps_per_1000":0.51,"access_class":"moderate","access_band":3,"is_desert":0,"nearest_gp_km":0,"nearest_gp_minutes":0,"nearest_gp_settlement":null,"nearest_gp_method":null,"vacant_count":1,"persistently_vacant_count":1,"longest_vacancy_days":546}},
{"type":"Feature","geometry":{"type":"Point","coordinates":[18.3417,46.2567]},"properties":{"name":"Vékény","county":"Baranya","population":134,"active_gp_count":1,"gps_per_1000":7.46,"access_class":"ok","access_band":4,"is_desert":0,"nearest_gp_km":0,"nearest_gp_minutes":0,"nearest_gp_settlement":null,"nearest_gp_method":null,"vacant_count":1,"persistently_vacant_count":1,"longest_vacancy_days":1611}},
{"type":"Feature","geometry":{"type":"Point","coordinates":[16.4761,47.3488]},"properties":{"name":"Velem","county":"Vas","population":392,"active_gp_count":1,"gps_per_1000":2.55,"access_class":"ok","access_band":4,"is_desert":0,"nearest_gp_km":0,"nearest_gp_minutes":0,"nearest_gp_settlement":null,"nearest_gp_method":null,"vacant_count":1,"persistently_vacant_count":0,"longest_vacancy_days":456}},
{"type":"Feature","geometry":{"type":"Point","coordinates":[16.7374,47.2328]},"properties":{"name":"Vép","county":"Vas","population":3210,"active_gp_count":1,"gps_per_1000":0.31,"access_class":"low","access_band":2,"is_desert":0,"nearest_gp_km":0,"nearest_gp_minutes":0,"nearest_gp_settlement":null,"nearest_gp_method":null,"vacant_count":2,"persistently_vacant_count":0,"longest_vacancy_days":1522}},
{"type":"Feature","geometry":{"type":"Point","coordinates":[19.307,47.6502]},"properties":{"name":"Veresegyház","county":"Pest","population":21129,"active_gp_count":15,"gps_per_1000":0.71,"access_class":"ok","access_band":4,"is_desert":0,"nearest_gp_km":0,"nearest_gp_minutes":0,"nearest_gp_settlement":null,"nearest_gp_method":null,"vacant_count":1,"persistently_vacant_count":0,"longest_vacancy_days":91}},
{"type":"Feature","geometry":{"type":"Point","coordinates":[20.2381,47.8654]},"properties":{"name":"Verpelét","county":"Heves","population":3653,"active_gp_count":2,"gps_per_1000":0.55,"access_class":"moderate","access_band":3,"is_desert":0,"nearest_gp_km":0,"nearest_gp_minutes":0,"nearest_gp_settlement":null,"nearest_gp_method":null,"vacant_count":1,"persistently_vacant_count":1,"longest_vacancy_days":973}},
{"type":"Feature","geometry":{"type":"Point","coordinates":[19.5478,47.7142]},"properties":{"name":"Verseg","county":"Pest","population":1248,"active_gp_count":0,"gps_per_1000":0,"access_class":"desert","access_band":0,"is_desert":1,"nearest_gp_km":5.1,"nearest_gp_minutes":6,"nearest_gp_settlement":"Kartal","nearest_gp_method":"road","vacant_count":1,"persistently_vacant_count":1,"longest_vacancy_days":546}},
{"type":"Feature","geometry":{"type":"Point","coordinates":[18.5153,47.4344]},"properties":{"name":"Vértesboglár","county":"Fejér","population":904,"active_gp_count":0,"gps_per_1000":0,"access_class":"desert","access_band":0,"is_desert":1,"nearest_gp_km":9,"nearest_gp_minutes":13,"nearest_gp_settlement":"Csákvár","nearest_gp_method":"road","vacant_count":1,"persistently_vacant_count":1,"longest_vacancy_days":912}},
{"type":"Feature","geometry":{"type":"Point","coordinates":[18.4526,47.6204]},"properties":{"name":"Vértestolna","county":"Komárom-Esztergom","population":583,"active_gp_count":0,"gps_per_1000":0,"access_class":"desert","access_band":0,"is_desert":1,"nearest_gp_km":6.6,"nearest_gp_minutes":9,"nearest_gp_settlement":"Tarján","nearest_gp_method":"road","vacant_count":1,"persistently_vacant_count":1,"longest_vacancy_days":212}},
{"type":"Feature","geometry":{"type":"Point","coordinates":[17.2834,46.4009]},"properties":{"name":"Vése","county":"Somogy","population":648,"active_gp_count":0,"gps_per_1000":0,"access_class":"desert","access_band":0,"is_desert":1,"nearest_gp_km":8.8,"nearest_gp_minutes":10,"nearest_gp_settlement":"Inke","nearest_gp_method":"road","vacant_count":1,"persistently_vacant_count":1,"longest_vacancy_days":1157}},
{"type":"Feature","geometry":{"type":"Point","coordinates":[17.9265,47.1268]},"properties":{"name":"Veszprém","county":"Veszprém","population":55118,"active_gp_count":33,"gps_per_1000":0.6,"access_class":"ok","access_band":4,"is_desert":0,"nearest_gp_km":0,"nearest_gp_minutes":0,"nearest_gp_settlement":null,"nearest_gp_method":null,"vacant_count":8,"persistently_vacant_count":8,"longest_vacancy_days":2038}},
{"type":"Feature","geometry":{"type":"Point","coordinates":[21.2512,46.91]},"properties":{"name":"Vésztő","county":"Békés","population":5992,"active_gp_count":1,"gps_per_1000":0.17,"access_class":"critical","access_band":1,"is_desert":0,"nearest_gp_km":0,"nearest_gp_minutes":0,"nearest_gp_settlement":null,"nearest_gp_method":null,"vacant_count":4,"persistently_vacant_count":4,"longest_vacancy_days":5844}},
{"type":"Feature","geometry":{"type":"Point","coordinates":[17.3269,47.2094]},"properties":{"name":"Vid","county":"Veszprém","population":97,"active_gp_count":0,"gps_per_1000":0,"access_class":"desert","access_band":0,"is_desert":1,"nearest_gp_km":4.1,"nearest_gp_minutes":4,"nearest_gp_settlement":"Somlószőlős","nearest_gp_method":"road","vacant_count":1,"persistently_vacant_count":1,"longest_vacancy_days":3256}},
{"type":"Feature","geometry":{"type":"Point","coordinates":[21.2344,48.42]},"properties":{"name":"Vilmány","county":"Borsod-Abaúj-Zemplén","population":1389,"active_gp_count":0,"gps_per_1000":0,"access_class":"desert","access_band":0,"is_desert":1,"nearest_gp_km":7.8,"nearest_gp_minutes":9,"nearest_gp_settlement":"Gönc","nearest_gp_method":"road","vacant_count":1,"persistently_vacant_count":1,"longest_vacancy_days":2495}},
{"type":"Feature","geometry":{"type":"Point","coordinates":[20.0119,47.778]},"properties":{"name":"Visonta","county":"Heves","population":1179,"active_gp_count":0,"gps_per_1000":0,"access_class":"desert","access_band":0,"is_desert":1,"nearest_gp_km":5.1,"nearest_gp_minutes":9,"nearest_gp_settlement":"Abasár","nearest_gp_method":"road","vacant_count":1,"persistently_vacant_count":1,"longest_vacancy_days":1399}},
{"type":"Feature","geometry":{"type":"Point","coordinates":[21.5075,48.221]},"properties":{"name":"Viss","county":"Borsod-Abaúj-Zemplén","population":463,"active_gp_count":0,"gps_per_1000":0,"access_class":"desert","access_band":0,"is_desert":1,"nearest_gp_km":16.4,"nearest_gp_minutes":29,"nearest_gp_settlement":"Timár","nearest_gp_method":"road","vacant_count":1,"persistently_vacant_count":1,"longest_vacancy_days":7578}},
{"type":"Feature","geometry":{"type":"Point","coordinates":[17.7882,46.7407]},"properties":{"name":"Visz","county":"Somogy","population":158,"active_gp_count":0,"gps_per_1000":0,"access_class":"desert","access_band":0,"is_desert":1,"nearest_gp_km":10.4,"nearest_gp_minutes":16,"nearest_gp_settlement":"Karád","nearest_gp_method":"road","vacant_count":1,"persistently_vacant_count":1,"longest_vacancy_days":638}},
{"type":"Feature","geometry":{"type":"Point","coordinates":[16.4822,46.8881]},"properties":{"name":"Viszák","county":"Vas","population":255,"active_gp_count":0,"gps_per_1000":0,"access_class":"desert","access_band":0,"is_desert":1,"nearest_gp_km":4.5,"nearest_gp_minutes":5,"nearest_gp_settlement":"Ivánc","nearest_gp_method":"road","vacant_count":1,"persistently_vacant_count":0,"longest_vacancy_days":1734}},
{"type":"Feature","geometry":{"type":"Point","coordinates":[20.8953,48.5041]},"properties":{"name":"Viszló","county":"Borsod-Abaúj-Zemplén","population":60,"active_gp_count":0,"gps_per_1000":0,"access_class":"desert","access_band":0,"is_desert":1,"nearest_gp_km":9.1,"nearest_gp_minutes":11,"nearest_gp_settlement":"Hidvégardó","nearest_gp_method":"road","vacant_count":1,"persistently_vacant_count":1,"longest_vacancy_days":3560}},
{"type":"Feature","geometry":{"type":"Point","coordinates":[20.0401,47.6364]},"properties":{"name":"Visznek","county":"Heves","population":1095,"active_gp_count":0,"gps_per_1000":0,"access_class":"desert","access_band":0,"is_desert":1,"nearest_gp_km":7.8,"nearest_gp_minutes":11,"nearest_gp_settlement":"Tarnaörs","nearest_gp_method":"road","vacant_count":1,"persistently_vacant_count":1,"longest_vacancy_days":6239}},
{"type":"Feature","geometry":{"type":"Point","coordinates":[16.9733,47.5844]},"properties":{"name":"Vitnyéd","county":"Győr-Moson-Sopron","population":1461,"active_gp_count":0,"gps_per_1000":0,"access_class":"desert","access_band":0,"is_desert":1,"nearest_gp_km":7,"nearest_gp_minutes":5,"nearest_gp_settlement":"Fertőszentmiklós","nearest_gp_method":"road","vacant_count":2,"persistently_vacant_count":2,"longest_vacancy_days":456}},
{"type":"Feature","geometry":{"type":"Point","coordinates":[17.2492,46.1008]},"properties":{"name":"Vízvár","county":"Somogy","population":419,"active_gp_count":0,"gps_per_1000":0,"access_class":"desert","access_band":0,"is_desert":1,"nearest_gp_km":15.6,"nearest_gp_minutes":19,"nearest_gp_settlement":"Berzence","nearest_gp_method":"road","vacant_count":1,"persistently_vacant_count":1,"longest_vacancy_days":4048}},
{"type":"Feature","geometry":{"type":"Point","coordinates":[19.8206,48.0481]},"properties":{"name":"Vizslás","county":"Nógrád","population":1163,"active_gp_count":1,"gps_per_1000":0.86,"access_class":"ok","access_band":4,"is_desert":0,"nearest_gp_km":0,"nearest_gp_minutes":0,"nearest_gp_settlement":null,"nearest_gp_method":null,"vacant_count":2,"persistently_vacant_count":2,"longest_vacancy_days":791}},
{"type":"Feature","geometry":{"type":"Point","coordinates":[21.2121,48.3831]},"properties":{"name":"Vizsoly","county":"Borsod-Abaúj-Zemplén","population":878,"active_gp_count":0,"gps_per_1000":0,"access_class":"desert","access_band":0,"is_desert":1,"nearest_gp_km":6.5,"nearest_gp_minutes":10,"nearest_gp_settlement":"Novajidrány","nearest_gp_method":"road","vacant_count":1,"persistently_vacant_count":1,"longest_vacancy_days":1034}},
{"type":"Feature","geometry":{"type":"Point","coordinates":[17.3158,46.7692]},"properties":{"name":"Vonyarcvashegy","county":"Zala","population":2471,"active_gp_count":1,"gps_per_1000":0.4,"access_class":"moderate","access_band":3,"is_desert":0,"nearest_gp_km":0,"nearest_gp_minutes":0,"nearest_gp_settlement":null,"nearest_gp_method":null,"vacant_count":1,"persistently_vacant_count":1,"longest_vacancy_days":365}},
{"type":"Feature","geometry":{"type":"Point","coordinates":[20.4782,48.3992]},"properties":{"name":"Zádorfalva","county":"Borsod-Abaúj-Zemplén","population":440,"active_gp_count":0,"gps_per_1000":0,"access_class":"desert","access_band":0,"is_desert":1,"nearest_gp_km":4.3,"nearest_gp_minutes":6,"nearest_gp_settlement":"Ragály","nearest_gp_method":"road","vacant_count":1,"persistently_vacant_count":1,"longest_vacancy_days":4199}},
{"type":"Feature","geometry":{"type":"Point","coordinates":[20.1036,47.2439]},"properties":{"name":"Zagyvarékas","county":"Jász-Nagykun-Szolnok","population":3554,"active_gp_count":1,"gps_per_1000":0.28,"access_class":"low","access_band":2,"is_desert":0,"nearest_gp_km":0,"nearest_gp_minutes":0,"nearest_gp_settlement":null,"nearest_gp_method":null,"vacant_count":1,"persistently_vacant_count":1,"longest_vacancy_days":1004}},
{"type":"Feature","geometry":{"type":"Point","coordinates":[17.9973,46.7503]},"properties":{"name":"Zala","county":"Somogy","population":233,"active_gp_count":1,"gps_per_1000":4.29,"access_class":"ok","access_band":4,"is_desert":0,"nearest_gp_km":0,"nearest_gp_minutes":0,"nearest_gp_settlement":null,"nearest_gp_method":null,"vacant_count":1,"persistently_vacant_count":1,"longest_vacancy_days":150}},
{"type":"Feature","geometry":{"type":"Point","coordinates":[16.5592,46.7047]},"properties":{"name":"Zalabaksa","county":"Zala","population":596,"active_gp_count":0,"gps_per_1000":0,"access_class":"desert","access_band":0,"is_desert":1,"nearest_gp_km":5.5,"nearest_gp_minutes":7,"nearest_gp_settlement":"Csesztreg","nearest_gp_method":"road","vacant_count":1,"persistently_vacant_count":1,"longest_vacancy_days":2007}},
{"type":"Feature","geometry":{"type":"Point","coordinates":[16.8402,46.8402]},"properties":{"name":"Zalaegerszeg","county":"Zala","population":53960,"active_gp_count":29,"gps_per_1000":0.54,"access_class":"moderate","access_band":3,"is_desert":0,"nearest_gp_km":0,"nearest_gp_minutes":0,"nearest_gp_settlement":null,"nearest_gp_method":null,"vacant_count":4,"persistently_vacant_count":4,"longest_vacancy_days":2252}},
{"type":"Feature","geometry":{"type":"Point","coordinates":[17.0066,46.7501]},"properties":{"name":"Zalaigrice","county":"Zala","population":88,"active_gp_count":0,"gps_per_1000":0,"access_class":"desert","access_band":0,"is_desert":1,"nearest_gp_km":5.5,"nearest_gp_minutes":6,"nearest_gp_settlement":"Pacsa","nearest_gp_method":"road","vacant_count":1,"persistently_vacant_count":1,"longest_vacancy_days":515}},
{"type":"Feature","geometry":{"type":"Point","coordinates":[17.1853,46.5299]},"properties":{"name":"Zalakomár","county":"Zala","population":2805,"active_gp_count":1,"gps_per_1000":0.36,"access_class":"low","access_band":2,"is_desert":0,"nearest_gp_km":0,"nearest_gp_minutes":0,"nearest_gp_settlement":null,"nearest_gp_method":null,"vacant_count":1,"persistently_vacant_count":1,"longest_vacancy_days":2373}},
{"type":"Feature","geometry":{"type":"Point","coordinates":[17.0862,46.4979]},"properties":{"name":"Zalasárszeg","county":"Zala","population":132,"active_gp_count":0,"gps_per_1000":0,"access_class":"desert","access_band":0,"is_desert":1,"nearest_gp_km":6.6,"nearest_gp_minutes":7,"nearest_gp_settlement":"Galambok","nearest_gp_method":"road","vacant_count":1,"persistently_vacant_count":1,"longest_vacancy_days":607}},
{"type":"Feature","geometry":{"type":"Point","coordinates":[17.1154,46.6467]},"properties":{"name":"Zalaszabar","county":"Zala","population":491,"active_gp_count":0,"gps_per_1000":0,"access_class":"desert","access_band":0,"is_desert":1,"nearest_gp_km":6.9,"nearest_gp_minutes":9,"nearest_gp_settlement":"Zalavár","nearest_gp_method":"road","vacant_count":1,"persistently_vacant_count":1,"longest_vacancy_days":2191}},
{"type":"Feature","geometry":{"type":"Point","coordinates":[17.8873,45.8105]},"properties":{"name":"Zaláta","county":"Baranya","population":195,"active_gp_count":0,"gps_per_1000":0,"access_class":"desert","access_band":0,"is_desert":1,"nearest_gp_km":3.6,"nearest_gp_minutes":5,"nearest_gp_settlement":"Drávasztára","nearest_gp_method":"road","vacant_count":1,"persistently_vacant_count":1,"longest_vacancy_days":1917}},
{"type":"Feature","geometry":{"type":"Point","coordinates":[21.4576,48.1863]},"properties":{"name":"Zalkod","county":"Borsod-Abaúj-Zemplén","population":178,"active_gp_count":0,"gps_per_1000":0,"access_class":"desert","access_band":0,"is_desert":1,"nearest_gp_km":18.9,"nearest_gp_minutes":33,"nearest_gp_settlement":"Timár","nearest_gp_method":"road","vacant_count":1,"persistently_vacant_count":1,"longest_vacancy_days":1004}},
{"type":"Feature","geometry":{"type":"Point","coordinates":[16.6747,46.6466]},"properties":{"name":"Zebecke","county":"Zala","population":62,"active_gp_count":0,"gps_per_1000":0,"access_class":"desert","access_band":0,"is_desert":1,"nearest_gp_km":7.7,"nearest_gp_minutes":11,"nearest_gp_settlement":"Nova","nearest_gp_method":"road","vacant_count":1,"persistently_vacant_count":1,"longest_vacancy_days":1826}},
{"type":"Feature","geometry":{"type":"Point","coordinates":[18.678,47.1309]},"properties":{"name":"Zichyújfalu","county":"Fejér","population":822,"active_gp_count":1,"gps_per_1000":1.22,"access_class":"ok","access_band":4,"is_desert":0,"nearest_gp_km":0,"nearest_gp_minutes":0,"nearest_gp_settlement":null,"nearest_gp_method":null,"vacant_count":1,"persistently_vacant_count":1,"longest_vacancy_days":821}},
{"type":"Feature","geometry":{"type":"Point","coordinates":[20.7948,48.2499]},"properties":{"name":"Ziliz","county":"Borsod-Abaúj-Zemplén","population":359,"active_gp_count":0,"gps_per_1000":0,"access_class":"desert","access_band":0,"is_desert":1,"nearest_gp_km":4.8,"nearest_gp_minutes":8,"nearest_gp_settlement":"Borsodszirák","nearest_gp_method":"road","vacant_count":1,"persistently_vacant_count":1,"longest_vacancy_days":273}},
{"type":"Feature","geometry":{"type":"Point","coordinates":[17.871,47.2544]},"properties":{"name":"Zirc","county":"Veszprém","population":6371,"active_gp_count":5,"gps_per_1000":0.78,"access_class":"ok","access_band":4,"is_desert":0,"nearest_gp_km":0,"nearest_gp_minutes":0,"nearest_gp_settlement":null,"nearest_gp_method":null,"vacant_count":1,"persistently_vacant_count":0,"longest_vacancy_days":181}},
{"type":"Feature","geometry":{"type":"Point","coordinates":[18.5742,46.4192]},"properties":{"name":"Zomba","county":"Tolna","population":1790,"active_gp_count":1,"gps_per_1000":0.56,"access_class":"moderate","access_band":3,"is_desert":0,"nearest_gp_km":0,"nearest_gp_minutes":0,"nearest_gp_settlement":null,"nearest_gp_method":null,"vacant_count":1,"persistently_vacant_count":1,"longest_vacancy_days":1461}},
{"type":"Feature","geometry":{"type":"Point","coordinates":[21.4008,47.122]},"properties":{"name":"Zsáka","county":"Hajdú-Bihar","population":1388,"active_gp_count":0,"gps_per_1000":0,"access_class":"desert","access_band":0,"is_desert":1,"nearest_gp_km":4.2,"nearest_gp_minutes":7,"nearest_gp_settlement":"Vekerd","nearest_gp_method":"road","vacant_count":1,"persistently_vacant_count":1,"longest_vacancy_days":2465}},
{"type":"Feature","geometry":{"type":"Point","coordinates":[17.1884,47.509]},"properties":{"name":"Zsebeháza","county":"Győr-Moson-Sopron","population":126,"active_gp_count":0,"gps_per_1000":0,"access_class":"desert","access_band":0,"is_desert":1,"nearest_gp_km":7.6,"nearest_gp_minutes":9,"nearest_gp_settlement":"Mihályi","nearest_gp_method":"road","vacant_count":1,"persistently_vacant_count":1,"longest_vacancy_days":1277}},
{"type":"Feature","geometry":{"type":"Point","coordinates":[16.907,47.3332]},"properties":{"name":"Zsédeny","county":"Vas","population":217,"active_gp_count":0,"gps_per_1000":0,"access_class":"desert","access_band":0,"is_desert":1,"nearest_gp_km":4.5,"nearest_gp_minutes":5,"nearest_gp_settlement":"Rábapaty","nearest_gp_method":"road","vacant_count":1,"persistently_vacant_count":0,"longest_vacancy_days":912}},
{"type":"Feature","geometry":{"type":"Point","coordinates":[21.2835,48.5065]},"properties":{"name":"Zsujta","county":"Borsod-Abaúj-Zemplén","population":243,"active_gp_count":0,"gps_per_1000":0,"access_class":"desert","access_band":0,"is_desert":1,"nearest_gp_km":4.7,"nearest_gp_minutes":6,"nearest_gp_settlement":"Gönc","nearest_gp_method":"road","vacant_count":1,"persistently_vacant_count":1,"longest_vacancy_days":4778}}
]}